{
"type": "FeatureCollection",
"name": "da_vien_upstream_rivers",
"crs": { "type": "name", "properties": { "name": "urn:ogc:def:crs:OGC:1.3:CRS84" } },
"features": [
{ "type": "Feature", "properties": { "HYRIV_ID": 41282166, "NEXT_DOWN": 41282167, "MAIN_RIV": 41280242, "LENGTH_KM": 2.8900001, "DIST_DN_KM": 17.5, "DIST_UP_KM": 4.0, "CATCH_SKM": 9.0600004, "UPLAND_SKM": 9.1, "ENDORHEIC": 0, "DIS_AV_CMS": 0.49700001, "ORD_STRA": 1, "ORD_CLAS": 2, "ORD_FLOW": 7, "HYBAS_L12": 4120015620.0, "Shape_Length": 0.026368446353060883 }, "geometry": { "type": "MultiLineString", "coordinates": [ [ [ 107.547916666665884, 16.474999999999717 ], [ 107.547916666665884, 16.468749999999737 ], [ 107.552083333332547, 16.464583333333074 ], [ 107.55624999999921, 16.464583333333074 ], [ 107.55624999999921, 16.460416666666411 ], [ 107.560416666665873, 16.456249999999763 ] ] ] } },
{ "type": "Feature", "properties": { "HYRIV_ID": 41282167, "NEXT_DOWN": 41281337, "MAIN_RIV": 41280242, "LENGTH_KM": 5.9299998, "DIST_DN_KM": 11.4, "DIST_UP_KM": 79.800003, "CATCH_SKM": 16.26, "UPLAND_SKM": 1566.1, "ENDORHEIC": 0, "DIS_AV_CMS": 92.902, "ORD_STRA": 5, "ORD_CLAS": 1, "ORD_FLOW": 5, "HYBAS_L12": 4120015620.0, "Shape_Length": 0.054462782549459278 }, "geometry": { "type": "MultiLineString", "coordinates": [ [ [ 107.560416666665873, 16.456249999999763 ], [ 107.568749999999255, 16.456249999999763 ], [ 107.572916666665861, 16.460416666666411 ], [ 107.577083333332581, 16.460416666666411 ], [ 107.593749999999233, 16.477083333333091 ], [ 107.593749999999233, 16.489583333333066 ] ] ] } },
{ "type": "Feature", "properties": { "HYRIV_ID": 41282265, "NEXT_DOWN": 41282266, "MAIN_RIV": 41280242, "LENGTH_KM": 2.53, "DIST_DN_KM": 19.8, "DIST_UP_KM": 3.9, "CATCH_SKM": 3.5, "UPLAND_SKM": 3.5, "ENDORHEIC": 0, "DIS_AV_CMS": 0.191, "ORD_STRA": 1, "ORD_CLAS": 2, "ORD_FLOW": 7, "HYBAS_L12": 4120015620.0, "Shape_Length": 0.023064724608044582 }, "geometry": { "type": "MultiLineString", "coordinates": [ [ [ 107.52916666666593, 16.470833333333069 ], [ 107.535416666665839, 16.464583333333074 ], [ 107.535416666665839, 16.460416666666411 ], [ 107.539583333332558, 16.456249999999763 ], [ 107.539583333332558, 16.452083333333057 ] ] ] } },
{ "type": "Feature", "properties": { "HYRIV_ID": 41282266, "NEXT_DOWN": 41282167, "MAIN_RIV": 41280242, "LENGTH_KM": 2.4200001, "DIST_DN_KM": 17.5, "DIST_UP_KM": 73.699997, "CATCH_SKM": 5.56, "UPLAND_SKM": 1540.8, "ENDORHEIC": 0, "DIS_AV_CMS": 91.016998, "ORD_STRA": 5, "ORD_CLAS": 1, "ORD_FLOW": 5, "HYBAS_L12": 4120015620.0, "Shape_Length": 0.02255922317656419 }, "geometry": { "type": "MultiLineString", "coordinates": [ [ [ 107.539583333332558, 16.452083333333057 ], [ 107.55624999999921, 16.452083333333057 ], [ 107.560416666665873, 16.456249999999763 ] ] ] } },
{ "type": "Feature", "properties": { "HYRIV_ID": 41282452, "NEXT_DOWN": 41282453, "MAIN_RIV": 41280242, "LENGTH_KM": 1.5700001, "DIST_DN_KM": 21.5, "DIST_UP_KM": 3.3, "CATCH_SKM": 4.5300002, "UPLAND_SKM": 4.5, "ENDORHEIC": 0, "DIS_AV_CMS": 0.24600001, "ORD_STRA": 1, "ORD_CLAS": 3, "ORD_FLOW": 7, "HYBAS_L12": 4120015620.0, "Shape_Length": 0.014583333333277437 }, "geometry": { "type": "MultiLineString", "coordinates": [ [ [ 107.516666666665884, 16.447916666666394 ], [ 107.527083333332513, 16.447916666666394 ], [ 107.527083333332513, 16.443749999999746 ] ] ] } },
{ "type": "Feature", "properties": { "HYRIV_ID": 41282453, "NEXT_DOWN": 41282266, "MAIN_RIV": 41280242, "LENGTH_KM": 1.73, "DIST_DN_KM": 19.9, "DIST_UP_KM": 71.300003, "CATCH_SKM": 2.6800001, "UPLAND_SKM": 1531.7, "ENDORHEIC": 0, "DIS_AV_CMS": 90.302002, "ORD_STRA": 5, "ORD_CLAS": 1, "ORD_FLOW": 5, "HYBAS_L12": 4120015620.0, "Shape_Length": 0.015951779686441445 }, "geometry": { "type": "MultiLineString", "coordinates": [ [ [ 107.527083333332513, 16.443749999999746 ], [ 107.531249999999233, 16.447916666666394 ], [ 107.535416666665839, 16.447916666666394 ], [ 107.539583333332558, 16.452083333333057 ] ] ] } },
{ "type": "Feature", "properties": { "HYRIV_ID": 41282642, "NEXT_DOWN": 41282453, "MAIN_RIV": 41280242, "LENGTH_KM": 1.28, "DIST_DN_KM": 21.700001, "DIST_UP_KM": 69.5, "CATCH_SKM": 2.27, "UPLAND_SKM": 1503.7, "ENDORHEIC": 0, "DIS_AV_CMS": 88.652, "ORD_STRA": 5, "ORD_CLAS": 1, "ORD_FLOW": 5, "HYBAS_L12": 4120015620.0, "Shape_Length": 0.011785113019765073 }, "geometry": { "type": "MultiLineString", "coordinates": [ [ [ 107.535416666665839, 16.43541666666642 ], [ 107.527083333332513, 16.443749999999746 ] ] ] } },
{ "type": "Feature", "properties": { "HYRIV_ID": 41282747, "NEXT_DOWN": 41282748, "MAIN_RIV": 41280242, "LENGTH_KM": 2.07, "DIST_DN_KM": 26.0, "DIST_UP_KM": 3.3, "CATCH_SKM": 5.1500001, "UPLAND_SKM": 5.1, "ENDORHEIC": 0, "DIS_AV_CMS": 0.27700001, "ORD_STRA": 1, "ORD_CLAS": 2, "ORD_FLOW": 7, "HYBAS_L12": 4120015620.0, "Shape_Length": 0.018898057941298878 }, "geometry": { "type": "MultiLineString", "coordinates": [ [ [ 107.487499999999244, 16.445833333333077 ], [ 107.493749999999267, 16.439583333333083 ], [ 107.493749999999267, 16.43541666666642 ], [ 107.497916666665816, 16.431249999999771 ] ] ] } },
{ "type": "Feature", "properties": { "HYRIV_ID": 41282748, "NEXT_DOWN": 41282453, "MAIN_RIV": 41280242, "LENGTH_KM": 4.3600001, "DIST_DN_KM": 21.5, "DIST_UP_KM": 7.8, "CATCH_SKM": 9.8800001, "UPLAND_SKM": 20.8, "ENDORHEIC": 0, "DIS_AV_CMS": 1.128, "ORD_STRA": 2, "ORD_CLAS": 2, "ORD_FLOW": 6, "HYBAS_L12": 4120015620.0, "Shape_Length": 0.040236892706145208 }, "geometry": { "type": "MultiLineString", "coordinates": [ [ [ 107.497916666665816, 16.431249999999771 ], [ 107.502083333332649, 16.43541666666642 ], [ 107.506249999999199, 16.43541666666642 ], [ 107.510416666665861, 16.439583333333083 ], [ 107.514583333332638, 16.43541666666642 ], [ 107.52291666666585, 16.43541666666642 ], [ 107.527083333332513, 16.439583333333083 ], [ 107.527083333332513, 16.443749999999746 ] ] ] } },
{ "type": "Feature", "properties": { "HYRIV_ID": 41282957, "NEXT_DOWN": 41282958, "MAIN_RIV": 41280242, "LENGTH_KM": 0.67, "DIST_DN_KM": 26.9, "DIST_UP_KM": 2.2, "CATCH_SKM": 2.47, "UPLAND_SKM": 2.5, "ENDORHEIC": 0, "DIS_AV_CMS": 0.133, "ORD_STRA": 1, "ORD_CLAS": 4, "ORD_FLOW": 7, "HYBAS_L12": 4120015620.0, "Shape_Length": 0.0062500000000227374 }, "geometry": { "type": "MultiLineString", "coordinates": [ [ [ 107.487499999999244, 16.422916666666403 ], [ 107.493749999999267, 16.422916666666403 ] ] ] } },
{ "type": "Feature", "properties": { "HYRIV_ID": 41282958, "NEXT_DOWN": 41282748, "MAIN_RIV": 41280242, "LENGTH_KM": 1.1, "DIST_DN_KM": 25.8, "DIST_UP_KM": 3.3, "CATCH_SKM": 0.82, "UPLAND_SKM": 5.8, "ENDORHEIC": 0, "DIS_AV_CMS": 0.31200001, "ORD_STRA": 2, "ORD_CLAS": 3, "ORD_FLOW": 7, "HYBAS_L12": 4120015620.0, "Shape_Length": 0.010059223176507658 }, "geometry": { "type": "MultiLineString", "coordinates": [ [ [ 107.493749999999267, 16.422916666666403 ], [ 107.497916666665816, 16.427083333333066 ], [ 107.497916666665816, 16.431249999999771 ] ] ] } },
{ "type": "Feature", "properties": { "HYRIV_ID": 41282959, "NEXT_DOWN": 41282642, "MAIN_RIV": 41280242, "LENGTH_KM": 1.8, "DIST_DN_KM": 23.0, "DIST_UP_KM": 3.8, "CATCH_SKM": 4.7399998, "UPLAND_SKM": 4.7, "ENDORHEIC": 0, "DIS_AV_CMS": 0.259, "ORD_STRA": 1, "ORD_CLAS": 2, "ORD_FLOW": 7, "HYBAS_L12": 4120015620.0, "Shape_Length": 0.01630922317653212 }, "geometry": { "type": "MultiLineString", "coordinates": [ [ [ 107.531249999999233, 16.420833333333071 ], [ 107.531249999999233, 16.431249999999771 ], [ 107.535416666665839, 16.43541666666642 ] ] ] } },
{ "type": "Feature", "properties": { "HYRIV_ID": 41282960, "NEXT_DOWN": 41282642, "MAIN_RIV": 41280242, "LENGTH_KM": 3.7, "DIST_DN_KM": 23.0, "DIST_UP_KM": 68.199997, "CATCH_SKM": 7.62, "UPLAND_SKM": 1496.7, "ENDORHEIC": 0, "DIS_AV_CMS": 88.182999, "ORD_STRA": 5, "ORD_CLAS": 1, "ORD_FLOW": 5, "HYBAS_L12": 4120015620.0, "Shape_Length": 0.034344336196359411 }, "geometry": { "type": "MultiLineString", "coordinates": [ [ [ 107.564583333332536, 16.422916666666403 ], [ 107.560416666665873, 16.427083333333066 ], [ 107.55624999999921, 16.427083333333066 ], [ 107.552083333332547, 16.431249999999771 ], [ 107.539583333332558, 16.431249999999771 ], [ 107.535416666665839, 16.43541666666642 ] ] ] } },
{ "type": "Feature", "properties": { "HYRIV_ID": 41283066, "NEXT_DOWN": 41282958, "MAIN_RIV": 41280242, "LENGTH_KM": 0.96, "DIST_DN_KM": 27.1, "DIST_UP_KM": 2.0, "CATCH_SKM": 2.47, "UPLAND_SKM": 2.5, "ENDORHEIC": 0, "DIS_AV_CMS": 0.134, "ORD_STRA": 1, "ORD_CLAS": 3, "ORD_FLOW": 7, "HYBAS_L12": 4120015620.0, "Shape_Length": 0.0088388347647936592 }, "geometry": { "type": "MultiLineString", "coordinates": [ [ [ 107.499999999999233, 16.416666666666423 ], [ 107.493749999999267, 16.422916666666403 ] ] ] } },
{ "type": "Feature", "properties": { "HYRIV_ID": 41283067, "NEXT_DOWN": 41282960, "MAIN_RIV": 41280242, "LENGTH_KM": 0.46, "DIST_DN_KM": 26.5, "DIST_UP_KM": 64.699997, "CATCH_SKM": 0.41, "UPLAND_SKM": 1481.3, "ENDORHEIC": 0, "DIS_AV_CMS": 87.030998, "ORD_STRA": 5, "ORD_CLAS": 1, "ORD_FLOW": 5, "HYBAS_L12": 4120015620.0, "Shape_Length": 0.0041666666666486663 }, "geometry": { "type": "MultiLineString", "coordinates": [ [ [ 107.564583333332536, 16.418749999999754 ], [ 107.564583333332536, 16.422916666666403 ] ] ] } },
{ "type": "Feature", "properties": { "HYRIV_ID": 41283068, "NEXT_DOWN": 41282960, "MAIN_RIV": 41280242, "LENGTH_KM": 2.3, "DIST_DN_KM": 26.5, "DIST_UP_KM": 4.8, "CATCH_SKM": 7.8200002, "UPLAND_SKM": 7.8, "ENDORHEIC": 0, "DIS_AV_CMS": 0.435, "ORD_STRA": 1, "ORD_CLAS": 2, "ORD_FLOW": 7, "HYBAS_L12": 4120015620.0, "Shape_Length": 0.02133883476479894 }, "geometry": { "type": "MultiLineString", "coordinates": [ [ [ 107.58333333333249, 16.416666666666423 ], [ 107.577083333332581, 16.422916666666403 ], [ 107.564583333332536, 16.422916666666403 ] ] ] } },
{ "type": "Feature", "properties": { "HYRIV_ID": 41283274, "NEXT_DOWN": 41283067, "MAIN_RIV": 41280242, "LENGTH_KM": 1.1, "DIST_DN_KM": 26.9, "DIST_UP_KM": 64.300003, "CATCH_SKM": 2.8800001, "UPLAND_SKM": 1472.4, "ENDORHEIC": 0, "DIS_AV_CMS": 86.501999, "ORD_STRA": 5, "ORD_CLAS": 1, "ORD_FLOW": 5, "HYBAS_L12": 4120015620.0, "Shape_Length": 0.010059223176628241 }, "geometry": { "type": "MultiLineString", "coordinates": [ [ [ 107.568749999999255, 16.410416666666386 ], [ 107.564583333332536, 16.414583333333049 ], [ 107.564583333332536, 16.418749999999754 ] ] ] } },
{ "type": "Feature", "properties": { "HYRIV_ID": 41283379, "NEXT_DOWN": 41283067, "MAIN_RIV": 41280242, "LENGTH_KM": 3.58, "DIST_DN_KM": 26.9, "DIST_UP_KM": 5.4, "CATCH_SKM": 8.4399996, "UPLAND_SKM": 8.4, "ENDORHEIC": 0, "DIS_AV_CMS": 0.464, "ORD_STRA": 1, "ORD_CLAS": 2, "ORD_FLOW": 7, "HYBAS_L12": 4120015620.0, "Shape_Length": 0.033123947784577515 }, "geometry": { "type": "MultiLineString", "coordinates": [ [ [ 107.537499999999255, 16.404166666666406 ], [ 107.552083333332547, 16.418749999999754 ], [ 107.564583333332536, 16.418749999999754 ] ] ] } },
{ "type": "Feature", "properties": { "HYRIV_ID": 41283473, "NEXT_DOWN": 41283989, "MAIN_RIV": 41280242, "LENGTH_KM": 5.7399998, "DIST_DN_KM": 49.0, "DIST_UP_KM": 8.3, "CATCH_SKM": 16.059999, "UPLAND_SKM": 16.1, "ENDORHEIC": 0, "DIS_AV_CMS": 0.85900003, "ORD_STRA": 1, "ORD_CLAS": 3, "ORD_FLOW": 7, "HYBAS_L12": 4121577530.0, "Shape_Length": 0.052379449216153826 }, "geometry": { "type": "MultiLineString", "coordinates": [ [ [ 107.452083333332581, 16.441666666666414 ], [ 107.452083333332581, 16.43541666666642 ], [ 107.456249999999244, 16.43541666666642 ], [ 107.472916666665952, 16.418749999999754 ], [ 107.472916666665952, 16.410416666666386 ], [ 107.477083333332615, 16.40624999999978 ], [ 107.477083333332615, 16.402083333333074 ] ] ] } },
{ "type": "Feature", "properties": { "HYRIV_ID": 41283594, "NEXT_DOWN": 41283989, "MAIN_RIV": 41280242, "LENGTH_KM": 1.31, "DIST_DN_KM": 49.200001, "DIST_UP_KM": 3.3, "CATCH_SKM": 5.56, "UPLAND_SKM": 5.6, "ENDORHEIC": 0, "DIS_AV_CMS": 0.29800001, "ORD_STRA": 1, "ORD_CLAS": 4, "ORD_FLOW": 7, "HYBAS_L12": 4121577530.0, "Shape_Length": 0.012142556509962116 }, "geometry": { "type": "MultiLineString", "coordinates": [ [ [ 107.466666666665873, 16.397916666666411 ], [ 107.472916666665952, 16.397916666666411 ], [ 107.477083333332615, 16.402083333333074 ] ] ] } },
{ "type": "Feature", "properties": { "HYRIV_ID": 41283595, "NEXT_DOWN": 41283274, "MAIN_RIV": 41280242, "LENGTH_KM": 2.25, "DIST_DN_KM": 28.0, "DIST_UP_KM": 4.2, "CATCH_SKM": 5.1500001, "UPLAND_SKM": 5.1, "ENDORHEIC": 0, "DIS_AV_CMS": 0.28400001, "ORD_STRA": 1, "ORD_CLAS": 2, "ORD_FLOW": 7, "HYBAS_L12": 4120015620.0, "Shape_Length": 0.020475889843232752 }, "geometry": { "type": "MultiLineString", "coordinates": [ [ [ 107.560416666665873, 16.39583333333308 ], [ 107.560416666665873, 16.402083333333074 ], [ 107.564583333332536, 16.40624999999978 ], [ 107.568749999999255, 16.40624999999978 ], [ 107.568749999999255, 16.410416666666386 ] ] ] } },
{ "type": "Feature", "properties": { "HYRIV_ID": 41283673, "NEXT_DOWN": 41283274, "MAIN_RIV": 41280242, "LENGTH_KM": 2.21, "DIST_DN_KM": 28.200001, "DIST_UP_KM": 63.0, "CATCH_SKM": 3.29, "UPLAND_SKM": 1464.4, "ENDORHEIC": 0, "DIS_AV_CMS": 85.974998, "ORD_STRA": 5, "ORD_CLAS": 1, "ORD_FLOW": 5, "HYBAS_L12": 4120015620.0, "Shape_Length": 0.020118446353079054 }, "geometry": { "type": "MultiLineString", "coordinates": [ [ [ 107.577083333332581, 16.393749999999763 ], [ 107.577083333332581, 16.397916666666411 ], [ 107.572916666665861, 16.402083333333074 ], [ 107.572916666665861, 16.40624999999978 ], [ 107.568749999999255, 16.410416666666386 ] ] ] } },
{ "type": "Feature", "properties": { "HYRIV_ID": 41283674, "NEXT_DOWN": 41283673, "MAIN_RIV": 41280242, "LENGTH_KM": 0.44, "DIST_DN_KM": 30.200001, "DIST_UP_KM": 61.0, "CATCH_SKM": 0.41, "UPLAND_SKM": 782.59998, "ENDORHEIC": 0, "DIS_AV_CMS": 47.220001, "ORD_STRA": 5, "ORD_CLAS": 1, "ORD_FLOW": 5, "HYBAS_L12": 4121096530.0, "Shape_Length": 0.0041666666666628771 }, "geometry": { "type": "MultiLineString", "coordinates": [ [ [ 107.581249999999244, 16.393749999999763 ], [ 107.577083333332581, 16.393749999999763 ] ] ] } },
{ "type": "Feature", "properties": { "HYRIV_ID": 41283675, "NEXT_DOWN": 41283674, "MAIN_RIV": 41280242, "LENGTH_KM": 2.1700001, "DIST_DN_KM": 30.9, "DIST_UP_KM": 7.5, "CATCH_SKM": 3.29, "UPLAND_SKM": 18.1, "ENDORHEIC": 0, "DIS_AV_CMS": 1.015, "ORD_STRA": 2, "ORD_CLAS": 2, "ORD_FLOW": 6, "HYBAS_L12": 4121096530.0, "Shape_Length": 0.020118446353070731 }, "geometry": { "type": "MultiLineString", "coordinates": [ [ [ 107.597916666665895, 16.393749999999763 ], [ 107.593749999999233, 16.393749999999763 ], [ 107.58958333333257, 16.397916666666411 ], [ 107.585416666665907, 16.397916666666411 ], [ 107.581249999999244, 16.393749999999763 ] ] ] } },
{ "type": "Feature", "properties": { "HYRIV_ID": 41283676, "NEXT_DOWN": 41283675, "MAIN_RIV": 41280242, "LENGTH_KM": 1.16, "DIST_DN_KM": 32.900002, "DIST_UP_KM": 2.7, "CATCH_SKM": 3.29, "UPLAND_SKM": 3.3, "ENDORHEIC": 0, "DIS_AV_CMS": 0.184, "ORD_STRA": 1, "ORD_CLAS": 3, "ORD_FLOW": 7, "HYBAS_L12": 4121096530.0, "Shape_Length": 0.010416666666642982 }, "geometry": { "type": "MultiLineString", "coordinates": [ [ [ 107.597916666665895, 16.404166666666406 ], [ 107.597916666665895, 16.393749999999763 ] ] ] } },
{ "type": "Feature", "properties": { "HYRIV_ID": 41283677, "NEXT_DOWN": 41283770, "MAIN_RIV": 41280242, "LENGTH_KM": 1.8, "DIST_DN_KM": 35.200001, "DIST_UP_KM": 3.1, "CATCH_SKM": 3.71, "UPLAND_SKM": 3.7, "ENDORHEIC": 0, "DIS_AV_CMS": 0.208, "ORD_STRA": 1, "ORD_CLAS": 2, "ORD_FLOW": 7, "HYBAS_L12": 4121096530.0, "Shape_Length": 0.016309223176595861 }, "geometry": { "type": "MultiLineString", "coordinates": [ [ [ 107.618749999999267, 16.408333333333054 ], [ 107.618749999999267, 16.397916666666411 ], [ 107.61458333333249, 16.393749999999763 ] ] ] } },
{ "type": "Feature", "properties": { "HYRIV_ID": 41283678, "NEXT_DOWN": 41283770, "MAIN_RIV": 41280242, "LENGTH_KM": 0.67, "DIST_DN_KM": 35.0, "DIST_UP_KM": 2.0, "CATCH_SKM": 3.5, "UPLAND_SKM": 3.5, "ENDORHEIC": 0, "DIS_AV_CMS": 0.197, "ORD_STRA": 1, "ORD_CLAS": 3, "ORD_FLOW": 7, "HYBAS_L12": 4121096530.0, "Shape_Length": 0.0062500000000227374 }, "geometry": { "type": "MultiLineString", "coordinates": [ [ [ 107.620833333332513, 16.393749999999763 ], [ 107.61458333333249, 16.393749999999763 ] ] ] } },
{ "type": "Feature", "properties": { "HYRIV_ID": 41283770, "NEXT_DOWN": 41283675, "MAIN_RIV": 41280242, "LENGTH_KM": 2.1700001, "DIST_DN_KM": 33.0, "DIST_UP_KM": 5.3, "CATCH_SKM": 4.33, "UPLAND_SKM": 11.5, "ENDORHEIC": 0, "DIS_AV_CMS": 0.64700001, "ORD_STRA": 2, "ORD_CLAS": 2, "ORD_FLOW": 7, "HYBAS_L12": 4121096530.0, "Shape_Length": 0.020118446353017336 }, "geometry": { "type": "MultiLineString", "coordinates": [ [ [ 107.61458333333249, 16.393749999999763 ], [ 107.606249999999278, 16.393749999999763 ], [ 107.602083333332615, 16.3895833333331 ], [ 107.597916666665895, 16.393749999999763 ] ] ] } },
{ "type": "Feature", "properties": { "HYRIV_ID": 41283989, "NEXT_DOWN": 41284371, "MAIN_RIV": 41280242, "LENGTH_KM": 2.85, "DIST_DN_KM": 46.3, "DIST_UP_KM": 11.0, "CATCH_SKM": 6.5900002, "UPLAND_SKM": 28.200001, "ENDORHEIC": 0, "DIS_AV_CMS": 1.513, "ORD_STRA": 2, "ORD_CLAS": 3, "ORD_FLOW": 6, "HYBAS_L12": 4121577530.0, "Shape_Length": 0.026011002862995899 }, "geometry": { "type": "MultiLineString", "coordinates": [ [ [ 107.477083333332615, 16.402083333333074 ], [ 107.485416666665941, 16.393749999999763 ], [ 107.485416666665941, 16.385416666666394 ], [ 107.489583333332604, 16.381249999999746 ] ] ] } },
{ "type": "Feature", "properties": { "HYRIV_ID": 41283990, "NEXT_DOWN": 41284371, "MAIN_RIV": 41280242, "LENGTH_KM": 3.06, "DIST_DN_KM": 46.099998, "DIST_UP_KM": 4.4, "CATCH_SKM": 6.5900002, "UPLAND_SKM": 6.6, "ENDORHEIC": 0, "DIS_AV_CMS": 0.35800001, "ORD_STRA": 1, "ORD_CLAS": 4, "ORD_FLOW": 7, "HYBAS_L12": 4121577530.0, "Shape_Length": 0.028094336196265619 }, "geometry": { "type": "MultiLineString", "coordinates": [ [ [ 107.508333333332558, 16.397916666666411 ], [ 107.502083333332649, 16.397916666666411 ], [ 107.489583333332604, 16.385416666666394 ], [ 107.489583333332604, 16.381249999999746 ] ] ] } },
{ "type": "Feature", "properties": { "HYRIV_ID": 41283991, "NEXT_DOWN": 41283674, "MAIN_RIV": 41280242, "LENGTH_KM": 2.37, "DIST_DN_KM": 30.9, "DIST_UP_KM": 60.3, "CATCH_SKM": 4.7399998, "UPLAND_SKM": 764.0, "ENDORHEIC": 0, "DIS_AV_CMS": 46.158001, "ORD_STRA": 5, "ORD_CLAS": 1, "ORD_FLOW": 5, "HYBAS_L12": 4121096530.0, "Shape_Length": 0.021844336196330583 }, "geometry": { "type": "MultiLineString", "coordinates": [ [ [ 107.597916666665895, 16.381249999999746 ], [ 107.593749999999233, 16.381249999999746 ], [ 107.581249999999244, 16.393749999999763 ] ] ] } },
{ "type": "Feature", "properties": { "HYRIV_ID": 41284280, "NEXT_DOWN": 41284370, "MAIN_RIV": 41280242, "LENGTH_KM": 0.67, "DIST_DN_KM": 46.099998, "DIST_UP_KM": 2.6, "CATCH_SKM": 3.09, "UPLAND_SKM": 3.1, "ENDORHEIC": 0, "DIS_AV_CMS": 0.166, "ORD_STRA": 1, "ORD_CLAS": 5, "ORD_FLOW": 7, "HYBAS_L12": 4121577530.0, "Shape_Length": 0.0062500000000795808 }, "geometry": { "type": "MultiLineString", "coordinates": [ [ [ 107.470833333332536, 16.368749999999757 ], [ 107.477083333332615, 16.368749999999757 ] ] ] } },
{ "type": "Feature", "properties": { "HYRIV_ID": 41284281, "NEXT_DOWN": 41284480, "MAIN_RIV": 41280242, "LENGTH_KM": 1.75, "DIST_DN_KM": 41.599998, "DIST_UP_KM": 4.0, "CATCH_SKM": 5.77, "UPLAND_SKM": 5.8, "ENDORHEIC": 0, "DIS_AV_CMS": 0.327, "ORD_STRA": 1, "ORD_CLAS": 3, "ORD_FLOW": 7, "HYBAS_L12": 4121096530.0, "Shape_Length": 0.016309223176624994 }, "geometry": { "type": "MultiLineString", "coordinates": [ [ [ 107.65416666666593, 16.37291666666642 ], [ 107.643749999999187, 16.37291666666642 ], [ 107.639583333332524, 16.368749999999757 ] ] ] } },
{ "type": "Feature", "properties": { "HYRIV_ID": 41284282, "NEXT_DOWN": 41284480, "MAIN_RIV": 41280242, "LENGTH_KM": 0.67, "DIST_DN_KM": 41.400002, "DIST_UP_KM": 2.2, "CATCH_SKM": 2.8800001, "UPLAND_SKM": 2.9, "ENDORHEIC": 0, "DIS_AV_CMS": 0.163, "ORD_STRA": 1, "ORD_CLAS": 4, "ORD_FLOW": 7, "HYBAS_L12": 4121096530.0, "Shape_Length": 0.0062500000000227374 }, "geometry": { "type": "MultiLineString", "coordinates": [ [ [ 107.645833333332547, 16.368749999999757 ], [ 107.639583333332524, 16.368749999999757 ] ] ] } },
{ "type": "Feature", "properties": { "HYRIV_ID": 41284368, "NEXT_DOWN": 41284370, "MAIN_RIV": 41280242, "LENGTH_KM": 0.96, "DIST_DN_KM": 46.200001, "DIST_UP_KM": 2.4, "CATCH_SKM": 2.27, "UPLAND_SKM": 2.3, "ENDORHEIC": 0, "DIS_AV_CMS": 0.122, "ORD_STRA": 1, "ORD_CLAS": 6, "ORD_FLOW": 7, "HYBAS_L12": 4121577530.0, "Shape_Length": 0.0088388347649041941 }, "geometry": { "type": "MultiLineString", "coordinates": [ [ [ 107.470833333332536, 16.362499999999734 ], [ 107.477083333332615, 16.368749999999757 ] ] ] } },
{ "type": "Feature", "properties": { "HYRIV_ID": 41284369, "NEXT_DOWN": 41284370, "MAIN_RIV": 41280242, "LENGTH_KM": 0.69, "DIST_DN_KM": 46.099998, "DIST_UP_KM": 3.0, "CATCH_SKM": 2.06, "UPLAND_SKM": 2.1, "ENDORHEIC": 0, "DIS_AV_CMS": 0.111, "ORD_STRA": 1, "ORD_CLAS": 4, "ORD_FLOW": 7, "HYBAS_L12": 4121577530.0, "Shape_Length": 0.0062500000000227374 }, "geometry": { "type": "MultiLineString", "coordinates": [ [ [ 107.477083333332615, 16.362499999999734 ], [ 107.477083333332615, 16.368749999999757 ] ] ] } },
{ "type": "Feature", "properties": { "HYRIV_ID": 41284370, "NEXT_DOWN": 41284671, "MAIN_RIV": 41280242, "LENGTH_KM": 1.98, "DIST_DN_KM": 44.099998, "DIST_UP_KM": 5.0, "CATCH_SKM": 3.9100001, "UPLAND_SKM": 11.3, "ENDORHEIC": 0, "DIS_AV_CMS": 0.61, "ORD_STRA": 2, "ORD_CLAS": 4, "ORD_FLOW": 7, "HYBAS_L12": 4121577530.0, "Shape_Length": 0.018392556509827823 }, "geometry": { "type": "MultiLineString", "coordinates": [ [ [ 107.477083333332615, 16.368749999999757 ], [ 107.481249999999164, 16.368749999999757 ], [ 107.485416666665941, 16.364583333333108 ], [ 107.493749999999267, 16.364583333333108 ] ] ] } },
{ "type": "Feature", "properties": { "HYRIV_ID": 41284371, "NEXT_DOWN": 41284671, "MAIN_RIV": 41280242, "LENGTH_KM": 2.03, "DIST_DN_KM": 44.099998, "DIST_UP_KM": 13.2, "CATCH_SKM": 6.1799998, "UPLAND_SKM": 41.0, "ENDORHEIC": 0, "DIS_AV_CMS": 2.2060001, "ORD_STRA": 2, "ORD_CLAS": 3, "ORD_FLOW": 6, "HYBAS_L12": 4121577530.0, "Shape_Length": 0.018392556509856956 }, "geometry": { "type": "MultiLineString", "coordinates": [ [ [ 107.489583333332604, 16.381249999999746 ], [ 107.489583333332604, 16.377083333333083 ], [ 107.493749999999267, 16.37291666666642 ], [ 107.493749999999267, 16.364583333333108 ] ] ] } },
{ "type": "Feature", "properties": { "HYRIV_ID": 41284372, "NEXT_DOWN": 41284476, "MAIN_RIV": 41280242, "LENGTH_KM": 3.33, "DIST_DN_KM": 37.099998, "DIST_UP_KM": 4.4, "CATCH_SKM": 9.2700005, "UPLAND_SKM": 9.3, "ENDORHEIC": 0, "DIS_AV_CMS": 0.50800002, "ORD_STRA": 1, "ORD_CLAS": 3, "ORD_FLOW": 7, "HYBAS_L12": 4121096570.0, "Shape_Length": 0.03068317096116099 }, "geometry": { "type": "MultiLineString", "coordinates": [ [ [ 107.520833333332547, 16.374999999999751 ], [ 107.527083333332513, 16.368749999999757 ], [ 107.531249999999233, 16.37291666666642 ], [ 107.535416666665839, 16.368749999999757 ], [ 107.539583333332558, 16.368749999999757 ], [ 107.543749999999221, 16.364583333333108 ] ] ] } },
{ "type": "Feature", "properties": { "HYRIV_ID": 41284476, "NEXT_DOWN": 41284477, "MAIN_RIV": 41280242, "LENGTH_KM": 1.09, "DIST_DN_KM": 36.0, "DIST_UP_KM": 50.5, "CATCH_SKM": 2.6800001, "UPLAND_SKM": 606.79999, "ENDORHEIC": 0, "DIS_AV_CMS": 34.188, "ORD_STRA": 4, "ORD_CLAS": 2, "ORD_FLOW": 5, "HYBAS_L12": 4121096570.0, "Shape_Length": 0.010059223176575559 }, "geometry": { "type": "MultiLineString", "coordinates": [ [ [ 107.543749999999221, 16.364583333333108 ], [ 107.547916666665884, 16.364583333333108 ], [ 107.552083333332547, 16.360416666666403 ] ] ] } },
{ "type": "Feature", "properties": { "HYRIV_ID": 41284477, "NEXT_DOWN": 41284478, "MAIN_RIV": 41280242, "LENGTH_KM": 0.45, "DIST_DN_KM": 35.400002, "DIST_UP_KM": 51.200001, "CATCH_SKM": 1.03, "UPLAND_SKM": 662.70001, "ENDORHEIC": 0, "DIS_AV_CMS": 37.34, "ORD_STRA": 4, "ORD_CLAS": 2, "ORD_FLOW": 5, "HYBAS_L12": 4121096570.0, "Shape_Length": 0.0041666666666628771 }, "geometry": { "type": "MultiLineString", "coordinates": [ [ [ 107.552083333332547, 16.360416666666403 ], [ 107.55624999999921, 16.360416666666403 ] ] ] } },
{ "type": "Feature", "properties": { "HYRIV_ID": 41284478, "NEXT_DOWN": 41283673, "MAIN_RIV": 41280242, "LENGTH_KM": 5.1300001, "DIST_DN_KM": 30.3, "DIST_UP_KM": 56.3, "CATCH_SKM": 11.33, "UPLAND_SKM": 678.5, "ENDORHEIC": 0, "DIS_AV_CMS": 38.405998, "ORD_STRA": 4, "ORD_CLAS": 2, "ORD_FLOW": 5, "HYBAS_L12": 4121096570.0, "Shape_Length": 0.046844336196363981 }, "geometry": { "type": "MultiLineString", "coordinates": [ [ [ 107.55624999999921, 16.360416666666403 ], [ 107.564583333332536, 16.360416666666403 ], [ 107.568749999999255, 16.364583333333108 ], [ 107.568749999999255, 16.381249999999746 ], [ 107.577083333332581, 16.3895833333331 ], [ 107.577083333332581, 16.393749999999763 ] ] ] } },
{ "type": "Feature", "properties": { "HYRIV_ID": 41284479, "NEXT_DOWN": 41284673, "MAIN_RIV": 41280242, "LENGTH_KM": 1.43, "DIST_DN_KM": 39.700001, "DIST_UP_KM": 3.2, "CATCH_SKM": 3.71, "UPLAND_SKM": 3.7, "ENDORHEIC": 0, "DIS_AV_CMS": 0.20900001, "ORD_STRA": 1, "ORD_CLAS": 4, "ORD_FLOW": 7, "HYBAS_L12": 4121096530.0, "Shape_Length": 0.013005501431619753 }, "geometry": { "type": "MultiLineString", "coordinates": [ [ [ 107.620833333332513, 16.370833333333088 ], [ 107.627083333332649, 16.364583333333108 ], [ 107.627083333332649, 16.360416666666403 ] ] ] } },
{ "type": "Feature", "properties": { "HYRIV_ID": 41284480, "NEXT_DOWN": 41284673, "MAIN_RIV": 41280242, "LENGTH_KM": 1.73, "DIST_DN_KM": 39.900002, "DIST_UP_KM": 5.7, "CATCH_SKM": 2.8800001, "UPLAND_SKM": 11.5, "ENDORHEIC": 0, "DIS_AV_CMS": 0.653, "ORD_STRA": 2, "ORD_CLAS": 3, "ORD_FLOW": 7, "HYBAS_L12": 4121096530.0, "Shape_Length": 0.01595177968636766 }, "geometry": { "type": "MultiLineString", "coordinates": [ [ [ 107.639583333332524, 16.368749999999757 ], [ 107.635416666665861, 16.368749999999757 ], [ 107.627083333332649, 16.360416666666403 ] ] ] } },
{ "type": "Feature", "properties": { "HYRIV_ID": 41284576, "NEXT_DOWN": 41284476, "MAIN_RIV": 41280242, "LENGTH_KM": 2.62, "DIST_DN_KM": 37.099998, "DIST_UP_KM": 49.5, "CATCH_SKM": 5.77, "UPLAND_SKM": 594.90002, "ENDORHEIC": 0, "DIS_AV_CMS": 33.499001, "ORD_STRA": 4, "ORD_CLAS": 2, "ORD_FLOW": 5, "HYBAS_L12": 4121096570.0, "Shape_Length": 0.024285113019824042 }, "geometry": { "type": "MultiLineString", "coordinates": [ [ [ 107.52291666666585, 16.35624999999974 ], [ 107.527083333332513, 16.35624999999974 ], [ 107.531249999999233, 16.360416666666403 ], [ 107.539583333332558, 16.360416666666403 ], [ 107.543749999999221, 16.364583333333108 ] ] ] } },
{ "type": "Feature", "properties": { "HYRIV_ID": 41284670, "NEXT_DOWN": 41284766, "MAIN_RIV": 41280242, "LENGTH_KM": 1.75, "DIST_DN_KM": 42.3, "DIST_UP_KM": 3.9, "CATCH_SKM": 3.9100001, "UPLAND_SKM": 3.9, "ENDORHEIC": 0, "DIS_AV_CMS": 0.212, "ORD_STRA": 1, "ORD_CLAS": 4, "ORD_FLOW": 7, "HYBAS_L12": 4121577530.0, "Shape_Length": 0.016309223176648242 }, "geometry": { "type": "MultiLineString", "coordinates": [ [ [ 107.487499999999244, 16.35624999999974 ], [ 107.493749999999267, 16.35624999999974 ], [ 107.497916666665816, 16.352083333333091 ], [ 107.502083333332649, 16.352083333333091 ] ] ] } },
{ "type": "Feature", "properties": { "HYRIV_ID": 41284671, "NEXT_DOWN": 41284766, "MAIN_RIV": 41280242, "LENGTH_KM": 1.75, "DIST_DN_KM": 42.5, "DIST_UP_KM": 14.8, "CATCH_SKM": 1.85, "UPLAND_SKM": 54.200001, "ENDORHEIC": 0, "DIS_AV_CMS": 2.9159999, "ORD_STRA": 3, "ORD_CLAS": 3, "ORD_FLOW": 6, "HYBAS_L12": 4121577530.0, "Shape_Length": 0.015951779686500731 }, "geometry": { "type": "MultiLineString", "coordinates": [ [ [ 107.493749999999267, 16.364583333333108 ], [ 107.493749999999267, 16.360416666666403 ], [ 107.502083333332649, 16.352083333333091 ] ] ] } },
{ "type": "Feature", "properties": { "HYRIV_ID": 41284672, "NEXT_DOWN": 41283991, "MAIN_RIV": 41280242, "LENGTH_KM": 3.78, "DIST_DN_KM": 33.200001, "DIST_UP_KM": 57.900002, "CATCH_SKM": 7.62, "UPLAND_SKM": 748.79999, "ENDORHEIC": 0, "DIS_AV_CMS": 45.219002, "ORD_STRA": 5, "ORD_CLAS": 1, "ORD_FLOW": 5, "HYBAS_L12": 4121096530.0, "Shape_Length": 0.034344336196357683 }, "geometry": { "type": "MultiLineString", "coordinates": [ [ [ 107.610416666665941, 16.352083333333091 ], [ 107.606249999999278, 16.35624999999974 ], [ 107.606249999999278, 16.37291666666642 ], [ 107.597916666665895, 16.381249999999746 ] ] ] } },
{ "type": "Feature", "properties": { "HYRIV_ID": 41284673, "NEXT_DOWN": 41284770, "MAIN_RIV": 41280242, "LENGTH_KM": 1.1, "DIST_DN_KM": 38.8, "DIST_UP_KM": 6.9, "CATCH_SKM": 1.65, "UPLAND_SKM": 16.9, "ENDORHEIC": 0, "DIS_AV_CMS": 0.95499998, "ORD_STRA": 2, "ORD_CLAS": 3, "ORD_FLOW": 7, "HYBAS_L12": 4121096530.0, "Shape_Length": 0.010059223176655949 }, "geometry": { "type": "MultiLineString", "coordinates": [ [ [ 107.627083333332649, 16.360416666666403 ], [ 107.627083333332649, 16.35624999999974 ], [ 107.622916666665816, 16.352083333333091 ] ] ] } },
{ "type": "Feature", "properties": { "HYRIV_ID": 41284766, "NEXT_DOWN": 41284767, "MAIN_RIV": 41280242, "LENGTH_KM": 1.09, "DIST_DN_KM": 41.200001, "DIST_UP_KM": 16.0, "CATCH_SKM": 1.24, "UPLAND_SKM": 59.3, "ENDORHEIC": 0, "DIS_AV_CMS": 3.1989999, "ORD_STRA": 3, "ORD_CLAS": 3, "ORD_FLOW": 6, "HYBAS_L12": 4121577530.0, "Shape_Length": 0.010059223176495172 }, "geometry": { "type": "MultiLineString", "coordinates": [ [ [ 107.502083333332649, 16.352083333333091 ], [ 107.506249999999199, 16.347916666666386 ], [ 107.510416666665861, 16.347916666666386 ] ] ] } },
{ "type": "Feature", "properties": { "HYRIV_ID": 41284767, "NEXT_DOWN": 41284576, "MAIN_RIV": 41280242, "LENGTH_KM": 1.73, "DIST_DN_KM": 39.5, "DIST_UP_KM": 47.0, "CATCH_SKM": 3.09, "UPLAND_SKM": 586.0, "ENDORHEIC": 0, "DIS_AV_CMS": 32.931, "ORD_STRA": 4, "ORD_CLAS": 2, "ORD_FLOW": 5, "HYBAS_L12": 4121096570.0, "Shape_Length": 0.015951779686448047 }, "geometry": { "type": "MultiLineString", "coordinates": [ [ [ 107.510416666665861, 16.347916666666386 ], [ 107.518749999999187, 16.35624999999974 ], [ 107.52291666666585, 16.35624999999974 ] ] ] } },
{ "type": "Feature", "properties": { "HYRIV_ID": 41284768, "NEXT_DOWN": 41284576, "MAIN_RIV": 41280242, "LENGTH_KM": 1.16, "DIST_DN_KM": 39.5, "DIST_UP_KM": 3.6, "CATCH_SKM": 3.09, "UPLAND_SKM": 3.1, "ENDORHEIC": 0, "DIS_AV_CMS": 0.17, "ORD_STRA": 1, "ORD_CLAS": 3, "ORD_FLOW": 7, "HYBAS_L12": 4121096570.0, "Shape_Length": 0.010416666666685614 }, "geometry": { "type": "MultiLineString", "coordinates": [ [ [ 107.52291666666585, 16.345833333333054 ], [ 107.52291666666585, 16.35624999999974 ] ] ] } },
{ "type": "Feature", "properties": { "HYRIV_ID": 41284769, "NEXT_DOWN": 41284672, "MAIN_RIV": 41280242, "LENGTH_KM": 1.09, "DIST_DN_KM": 36.8, "DIST_UP_KM": 54.400002, "CATCH_SKM": 1.4400001, "UPLAND_SKM": 736.40002, "ENDORHEIC": 0, "DIS_AV_CMS": 44.374001, "ORD_STRA": 5, "ORD_CLAS": 1, "ORD_FLOW": 5, "HYBAS_L12": 4121096530.0, "Shape_Length": 0.010059223176542263 }, "geometry": { "type": "MultiLineString", "coordinates": [ [ [ 107.618749999999267, 16.347916666666386 ], [ 107.61458333333249, 16.352083333333091 ], [ 107.610416666665941, 16.352083333333091 ] ] ] } },
{ "type": "Feature", "properties": { "HYRIV_ID": 41284770, "NEXT_DOWN": 41284769, "MAIN_RIV": 41280242, "LENGTH_KM": 0.64, "DIST_DN_KM": 38.099998, "DIST_UP_KM": 8.8, "CATCH_SKM": 0.62, "UPLAND_SKM": 35.400002, "ENDORHEIC": 0, "DIS_AV_CMS": 2.01, "ORD_STRA": 2, "ORD_CLAS": 2, "ORD_FLOW": 6, "HYBAS_L12": 4121096530.0, "Shape_Length": 0.0058925565098322938 }, "geometry": { "type": "MultiLineString", "coordinates": [ [ [ 107.622916666665816, 16.352083333333091 ], [ 107.618749999999267, 16.347916666666386 ] ] ] } },
{ "type": "Feature", "properties": { "HYRIV_ID": 41284848, "NEXT_DOWN": 41283991, "MAIN_RIV": 41280242, "LENGTH_KM": 5.21, "DIST_DN_KM": 33.099998, "DIST_UP_KM": 7.3, "CATCH_SKM": 10.51, "UPLAND_SKM": 10.5, "ENDORHEIC": 0, "DIS_AV_CMS": 0.58700001, "ORD_STRA": 1, "ORD_CLAS": 2, "ORD_FLOW": 7, "HYBAS_L12": 4121096530.0, "Shape_Length": 0.047349837627747332 }, "geometry": { "type": "MultiLineString", "coordinates": [ [ [ 107.579166666665998, 16.341666666666406 ], [ 107.58958333333257, 16.352083333333091 ], [ 107.58958333333257, 16.360416666666403 ], [ 107.593749999999233, 16.364583333333108 ], [ 107.593749999999233, 16.37291666666642 ], [ 107.597916666665895, 16.377083333333083 ], [ 107.597916666665895, 16.381249999999746 ] ] ] } },
{ "type": "Feature", "properties": { "HYRIV_ID": 41284849, "NEXT_DOWN": 41284672, "MAIN_RIV": 41280242, "LENGTH_KM": 2.05, "DIST_DN_KM": 37.0, "DIST_UP_KM": 3.9, "CATCH_SKM": 4.7399998, "UPLAND_SKM": 4.7, "ENDORHEIC": 0, "DIS_AV_CMS": 0.265, "ORD_STRA": 1, "ORD_CLAS": 2, "ORD_FLOW": 7, "HYBAS_L12": 4121096530.0, "Shape_Length": 0.018898057941369218 }, "geometry": { "type": "MultiLineString", "coordinates": [ [ [ 107.595833333332649, 16.341666666666406 ], [ 107.602083333332615, 16.347916666666386 ], [ 107.606249999999278, 16.347916666666386 ], [ 107.610416666665941, 16.352083333333091 ] ] ] } },
{ "type": "Feature", "properties": { "HYRIV_ID": 41284964, "NEXT_DOWN": 41284478, "MAIN_RIV": 41280242, "LENGTH_KM": 3.0, "DIST_DN_KM": 35.400002, "DIST_UP_KM": 4.4, "CATCH_SKM": 4.5300002, "UPLAND_SKM": 4.5, "ENDORHEIC": 0, "DIS_AV_CMS": 0.252, "ORD_STRA": 1, "ORD_CLAS": 3, "ORD_FLOW": 7, "HYBAS_L12": 4121096570.0, "Shape_Length": 0.027231391274697411 }, "geometry": { "type": "MultiLineString", "coordinates": [ [ [ 107.566666666665839, 16.337499999999743 ], [ 107.560416666665873, 16.343749999999723 ], [ 107.560416666665873, 16.352083333333091 ], [ 107.55624999999921, 16.35624999999974 ], [ 107.55624999999921, 16.360416666666403 ] ] ] } },
{ "type": "Feature", "properties": { "HYRIV_ID": 41285057, "NEXT_DOWN": 41285058, "MAIN_RIV": 41280242, "LENGTH_KM": 3.29, "DIST_DN_KM": 43.0, "DIST_UP_KM": 4.8, "CATCH_SKM": 7.62, "UPLAND_SKM": 7.6, "ENDORHEIC": 0, "DIS_AV_CMS": 0.412, "ORD_STRA": 1, "ORD_CLAS": 3, "ORD_FLOW": 7, "HYBAS_L12": 4121577530.0, "Shape_Length": 0.030535113019923427 }, "geometry": { "type": "MultiLineString", "coordinates": [ [ [ 107.474999999999199, 16.335416666666411 ], [ 107.489583333332604, 16.335416666666411 ], [ 107.493749999999267, 16.339583333333074 ], [ 107.497916666665816, 16.335416666666411 ], [ 107.502083333332649, 16.335416666666411 ] ] ] } },
{ "type": "Feature", "properties": { "HYRIV_ID": 41285058, "NEXT_DOWN": 41284767, "MAIN_RIV": 41280242, "LENGTH_KM": 1.75, "DIST_DN_KM": 41.400002, "DIST_UP_KM": 45.099998, "CATCH_SKM": 4.9400001, "UPLAND_SKM": 523.59998, "ENDORHEIC": 0, "DIS_AV_CMS": 29.514999, "ORD_STRA": 4, "ORD_CLAS": 2, "ORD_FLOW": 5, "HYBAS_L12": 4121577530.0, "Shape_Length": 0.015951779686333351 }, "geometry": { "type": "MultiLineString", "coordinates": [ [ [ 107.502083333332649, 16.335416666666411 ], [ 107.506249999999199, 16.339583333333074 ], [ 107.506249999999199, 16.343749999999723 ], [ 107.510416666665861, 16.347916666666386 ] ] ] } },
{ "type": "Feature", "properties": { "HYRIV_ID": 41285153, "NEXT_DOWN": 41284769, "MAIN_RIV": 41280242, "LENGTH_KM": 2.03, "DIST_DN_KM": 37.900002, "DIST_UP_KM": 53.3, "CATCH_SKM": 3.71, "UPLAND_SKM": 699.59998, "ENDORHEIC": 0, "DIS_AV_CMS": 42.240002, "ORD_STRA": 5, "ORD_CLAS": 1, "ORD_FLOW": 5, "HYBAS_L12": 4121096530.0, "Shape_Length": 0.018392556509937347 }, "geometry": { "type": "MultiLineString", "coordinates": [ [ [ 107.61458333333249, 16.331249999999748 ], [ 107.618749999999267, 16.335416666666411 ], [ 107.618749999999267, 16.347916666666386 ] ] ] } },
{ "type": "Feature", "properties": { "HYRIV_ID": 41285240, "NEXT_DOWN": 41285153, "MAIN_RIV": 41280242, "LENGTH_KM": 0.46, "DIST_DN_KM": 40.0, "DIST_UP_KM": 4.2, "CATCH_SKM": 0.41, "UPLAND_SKM": 7.6, "ENDORHEIC": 0, "DIS_AV_CMS": 0.428, "ORD_STRA": 2, "ORD_CLAS": 2, "ORD_FLOW": 7, "HYBAS_L12": 4121096530.0, "Shape_Length": 0.0041666666666486663 }, "geometry": { "type": "MultiLineString", "coordinates": [ [ [ 107.61458333333249, 16.3270833333331 ], [ 107.61458333333249, 16.331249999999748 ] ] ] } },
{ "type": "Feature", "properties": { "HYRIV_ID": 41285343, "NEXT_DOWN": 41285240, "MAIN_RIV": 41280242, "LENGTH_KM": 2.3, "DIST_DN_KM": 40.400002, "DIST_UP_KM": 3.7, "CATCH_SKM": 4.5300002, "UPLAND_SKM": 4.5, "ENDORHEIC": 0, "DIS_AV_CMS": 0.25400001, "ORD_STRA": 1, "ORD_CLAS": 2, "ORD_FLOW": 7, "HYBAS_L12": 4121096530.0, "Shape_Length": 0.021338834764708797 }, "geometry": { "type": "MultiLineString", "coordinates": [ [ [ 107.595833333332649, 16.320833333333063 ], [ 107.602083333332615, 16.3270833333331 ], [ 107.61458333333249, 16.3270833333331 ] ] ] } },
{ "type": "Feature", "properties": { "HYRIV_ID": 41285344, "NEXT_DOWN": 41285240, "MAIN_RIV": 41280242, "LENGTH_KM": 0.96, "DIST_DN_KM": 40.599998, "DIST_UP_KM": 2.4, "CATCH_SKM": 2.6800001, "UPLAND_SKM": 2.7, "ENDORHEIC": 0, "DIS_AV_CMS": 0.15, "ORD_STRA": 1, "ORD_CLAS": 3, "ORD_FLOW": 7, "HYBAS_L12": 4121096530.0, "Shape_Length": 0.0088388347648338528 }, "geometry": { "type": "MultiLineString", "coordinates": [ [ [ 107.608333333332524, 16.320833333333063 ], [ 107.61458333333249, 16.3270833333331 ] ] ] } },
{ "type": "Feature", "properties": { "HYRIV_ID": 41285345, "NEXT_DOWN": 41285153, "MAIN_RIV": 41280242, "LENGTH_KM": 1.28, "DIST_DN_KM": 40.099998, "DIST_UP_KM": 51.0, "CATCH_SKM": 2.27, "UPLAND_SKM": 688.20001, "ENDORHEIC": 0, "DIS_AV_CMS": 41.521, "ORD_STRA": 5, "ORD_CLAS": 1, "ORD_FLOW": 5, "HYBAS_L12": 4121096530.0, "Shape_Length": 0.01178511301978517 }, "geometry": { "type": "MultiLineString", "coordinates": [ [ [ 107.622916666665816, 16.322916666666394 ], [ 107.61458333333249, 16.331249999999748 ] ] ] } },
{ "type": "Feature", "properties": { "HYRIV_ID": 41285346, "NEXT_DOWN": 41284770, "MAIN_RIV": 41280242, "LENGTH_KM": 5.87, "DIST_DN_KM": 38.8, "DIST_UP_KM": 8.1, "CATCH_SKM": 17.92, "UPLAND_SKM": 17.9, "ENDORHEIC": 0, "DIS_AV_CMS": 1.02, "ORD_STRA": 1, "ORD_CLAS": 2, "ORD_FLOW": 6, "HYBAS_L12": 4121096530.0, "Shape_Length": 0.054105339059439657 }, "geometry": { "type": "MultiLineString", "coordinates": [ [ [ 107.662499999999255, 16.322916666666394 ], [ 107.656249999999176, 16.322916666666394 ], [ 107.652083333332513, 16.3270833333331 ], [ 107.64791666666585, 16.3270833333331 ], [ 107.64791666666585, 16.331249999999748 ], [ 107.639583333332524, 16.339583333333074 ], [ 107.635416666665861, 16.339583333333074 ], [ 107.622916666665816, 16.352083333333091 ] ] ] } },
{ "type": "Feature", "properties": { "HYRIV_ID": 41285438, "NEXT_DOWN": 41285058, "MAIN_RIV": 41280242, "LENGTH_KM": 1.85, "DIST_DN_KM": 43.0, "DIST_UP_KM": 43.5, "CATCH_SKM": 2.47, "UPLAND_SKM": 511.10001, "ENDORHEIC": 0, "DIS_AV_CMS": 28.790001, "ORD_STRA": 4, "ORD_CLAS": 2, "ORD_FLOW": 5, "HYBAS_L12": 4121577530.0, "Shape_Length": 0.01666666666667993 }, "geometry": { "type": "MultiLineString", "coordinates": [ [ [ 107.502083333332649, 16.318749999999731 ], [ 107.502083333332649, 16.335416666666411 ] ] ] } },
{ "type": "Feature", "properties": { "HYRIV_ID": 41285530, "NEXT_DOWN": 41285438, "MAIN_RIV": 41280242, "LENGTH_KM": 0.64, "DIST_DN_KM": 45.0, "DIST_UP_KM": 41.5, "CATCH_SKM": 1.85, "UPLAND_SKM": 477.70001, "ENDORHEIC": 0, "DIS_AV_CMS": 26.934999, "ORD_STRA": 4, "ORD_CLAS": 2, "ORD_FLOW": 5, "HYBAS_L12": 4121577530.0, "Shape_Length": 0.0058925565097920993 }, "geometry": { "type": "MultiLineString", "coordinates": [ [ [ 107.506249999999199, 16.314583333333083 ], [ 107.502083333332649, 16.318749999999731 ] ] ] } },
{ "type": "Feature", "properties": { "HYRIV_ID": 41285531, "NEXT_DOWN": 41284477, "MAIN_RIV": 41280242, "LENGTH_KM": 5.81, "DIST_DN_KM": 36.0, "DIST_UP_KM": 16.9, "CATCH_SKM": 12.98, "UPLAND_SKM": 54.8, "ENDORHEIC": 0, "DIS_AV_CMS": 3.0769999, "ORD_STRA": 2, "ORD_CLAS": 3, "ORD_FLOW": 6, "HYBAS_L12": 4121096570.0, "Shape_Length": 0.052736892706211194 }, "geometry": { "type": "MultiLineString", "coordinates": [ [ [ 107.552083333332547, 16.314583333333083 ], [ 107.547916666665884, 16.318749999999731 ], [ 107.547916666665884, 16.3270833333331 ], [ 107.543749999999221, 16.331249999999748 ], [ 107.543749999999221, 16.352083333333091 ], [ 107.552083333332547, 16.360416666666403 ] ] ] } },
{ "type": "Feature", "properties": { "HYRIV_ID": 41285532, "NEXT_DOWN": 41285531, "MAIN_RIV": 41280242, "LENGTH_KM": 0.67, "DIST_DN_KM": 41.599998, "DIST_UP_KM": 2.6, "CATCH_SKM": 2.8800001, "UPLAND_SKM": 2.9, "ENDORHEIC": 0, "DIS_AV_CMS": 0.161, "ORD_STRA": 1, "ORD_CLAS": 4, "ORD_FLOW": 7, "HYBAS_L12": 4121096570.0, "Shape_Length": 0.0062499999999658939 }, "geometry": { "type": "MultiLineString", "coordinates": [ [ [ 107.558333333332513, 16.314583333333083 ], [ 107.552083333332547, 16.314583333333083 ] ] ] } },
{ "type": "Feature", "properties": { "HYRIV_ID": 41285621, "NEXT_DOWN": 41285438, "MAIN_RIV": 41280242, "LENGTH_KM": 3.9, "DIST_DN_KM": 45.0, "DIST_UP_KM": 12.5, "CATCH_SKM": 6.8, "UPLAND_SKM": 30.9, "ENDORHEIC": 0, "DIS_AV_CMS": 1.663, "ORD_STRA": 2, "ORD_CLAS": 3, "ORD_FLOW": 6, "HYBAS_L12": 4121577530.0, "Shape_Length": 0.036070226039482324 }, "geometry": { "type": "MultiLineString", "coordinates": [ [ [ 107.472916666665952, 16.31041666666642 ], [ 107.477083333332615, 16.314583333333083 ], [ 107.481249999999164, 16.314583333333083 ], [ 107.485416666665941, 16.31041666666642 ], [ 107.489583333332604, 16.31041666666642 ], [ 107.493749999999267, 16.314583333333083 ], [ 107.497916666665816, 16.314583333333083 ], [ 107.502083333332649, 16.318749999999731 ] ] ] } },
{ "type": "Feature", "properties": { "HYRIV_ID": 41285622, "NEXT_DOWN": 41285530, "MAIN_RIV": 41280242, "LENGTH_KM": 0.64, "DIST_DN_KM": 45.700001, "DIST_UP_KM": 40.900002, "CATCH_SKM": 0.41, "UPLAND_SKM": 473.0, "ENDORHEIC": 0, "DIS_AV_CMS": 26.663, "ORD_STRA": 4, "ORD_CLAS": 2, "ORD_FLOW": 5, "HYBAS_L12": 4121577530.0, "Shape_Length": 0.0058925565098825365 }, "geometry": { "type": "MultiLineString", "coordinates": [ [ [ 107.510416666665861, 16.31041666666642 ], [ 107.506249999999199, 16.314583333333083 ] ] ] } },
{ "type": "Feature", "properties": { "HYRIV_ID": 41285623, "NEXT_DOWN": 41285622, "MAIN_RIV": 41280242, "LENGTH_KM": 1.11, "DIST_DN_KM": 46.099998, "DIST_UP_KM": 3.6, "CATCH_SKM": 5.1500001, "UPLAND_SKM": 5.2, "ENDORHEIC": 0, "DIS_AV_CMS": 0.28400001, "ORD_STRA": 1, "ORD_CLAS": 3, "ORD_FLOW": 7, "HYBAS_L12": 4121577530.0, "Shape_Length": 0.010416666666685614 }, "geometry": { "type": "MultiLineString", "coordinates": [ [ [ 107.520833333332547, 16.31041666666642 ], [ 107.510416666665861, 16.31041666666642 ] ] ] } },
{ "type": "Feature", "properties": { "HYRIV_ID": 41285624, "NEXT_DOWN": 41285345, "MAIN_RIV": 41280242, "LENGTH_KM": 2.07, "DIST_DN_KM": 41.200001, "DIST_UP_KM": 3.5, "CATCH_SKM": 5.77, "UPLAND_SKM": 5.8, "ENDORHEIC": 0, "DIS_AV_CMS": 0.325, "ORD_STRA": 1, "ORD_CLAS": 2, "ORD_FLOW": 7, "HYBAS_L12": 4121096530.0, "Shape_Length": 0.018898057941339072 }, "geometry": { "type": "MultiLineString", "coordinates": [ [ [ 107.612499999999187, 16.308333333333088 ], [ 107.622916666665816, 16.318749999999731 ], [ 107.622916666665816, 16.322916666666394 ] ] ] } },
{ "type": "Feature", "properties": { "HYRIV_ID": 41285625, "NEXT_DOWN": 41285345, "MAIN_RIV": 41280242, "LENGTH_KM": 1.75, "DIST_DN_KM": 41.400002, "DIST_UP_KM": 49.8, "CATCH_SKM": 2.6800001, "UPLAND_SKM": 680.20001, "ENDORHEIC": 0, "DIS_AV_CMS": 41.027, "ORD_STRA": 5, "ORD_CLAS": 1, "ORD_FLOW": 5, "HYBAS_L12": 4121096530.0, "Shape_Length": 0.015951779686538485 }, "geometry": { "type": "MultiLineString", "coordinates": [ [ [ 107.631249999999312, 16.31041666666642 ], [ 107.631249999999312, 16.314583333333083 ], [ 107.622916666665816, 16.322916666666394 ] ] ] } },
{ "type": "Feature", "properties": { "HYRIV_ID": 41285626, "NEXT_DOWN": 41285625, "MAIN_RIV": 41280242, "LENGTH_KM": 0.67, "DIST_DN_KM": 43.0, "DIST_UP_KM": 2.6, "CATCH_SKM": 3.3, "UPLAND_SKM": 3.3, "ENDORHEIC": 0, "DIS_AV_CMS": 0.18700001, "ORD_STRA": 1, "ORD_CLAS": 2, "ORD_FLOW": 7, "HYBAS_L12": 4121096530.0, "Shape_Length": 0.0062499999999090505 }, "geometry": { "type": "MultiLineString", "coordinates": [ [ [ 107.637499999999221, 16.31041666666642 ], [ 107.631249999999312, 16.31041666666642 ] ] ] } },
{ "type": "Feature", "properties": { "HYRIV_ID": 41285709, "NEXT_DOWN": 41285530, "MAIN_RIV": 41280242, "LENGTH_KM": 1.6, "DIST_DN_KM": 45.700001, "DIST_UP_KM": 3.3, "CATCH_SKM": 2.8800001, "UPLAND_SKM": 2.9, "ENDORHEIC": 0, "DIS_AV_CMS": 0.15700001, "ORD_STRA": 1, "ORD_CLAS": 3, "ORD_FLOW": 7, "HYBAS_L12": 4121577530.0, "Shape_Length": 0.014731391274726439 }, "geometry": { "type": "MultiLineString", "coordinates": [ [ [ 107.495833333332513, 16.304166666666426 ], [ 107.506249999999199, 16.314583333333083 ] ] ] } },
{ "type": "Feature", "properties": { "HYRIV_ID": 41285710, "NEXT_DOWN": 41285622, "MAIN_RIV": 41280242, "LENGTH_KM": 0.64, "DIST_DN_KM": 46.3, "DIST_UP_KM": 40.200001, "CATCH_SKM": 0.62, "UPLAND_SKM": 467.39999, "ENDORHEIC": 0, "DIS_AV_CMS": 26.343, "ORD_STRA": 4, "ORD_CLAS": 2, "ORD_FLOW": 5, "HYBAS_L12": 4121577530.0, "Shape_Length": 0.0058925565098825365 }, "geometry": { "type": "MultiLineString", "coordinates": [ [ [ 107.506249999999199, 16.306249999999757 ], [ 107.510416666665861, 16.31041666666642 ] ] ] } },
{ "type": "Feature", "properties": { "HYRIV_ID": 41285711, "NEXT_DOWN": 41285531, "MAIN_RIV": 41280242, "LENGTH_KM": 0.93, "DIST_DN_KM": 41.599998, "DIST_UP_KM": 11.3, "CATCH_SKM": 1.24, "UPLAND_SKM": 38.900002, "ENDORHEIC": 0, "DIS_AV_CMS": 2.1849999, "ORD_STRA": 2, "ORD_CLAS": 3, "ORD_FLOW": 6, "HYBAS_L12": 4121096570.0, "Shape_Length": 0.0083333333333257542 }, "geometry": { "type": "MultiLineString", "coordinates": [ [ [ 107.552083333332547, 16.306249999999757 ], [ 107.552083333332547, 16.314583333333083 ] ] ] } },
{ "type": "Feature", "properties": { "HYRIV_ID": 41285820, "NEXT_DOWN": 41285711, "MAIN_RIV": 41280242, "LENGTH_KM": 0.69, "DIST_DN_KM": 42.599998, "DIST_UP_KM": 2.6, "CATCH_SKM": 4.12, "UPLAND_SKM": 4.1, "ENDORHEIC": 0, "DIS_AV_CMS": 0.228, "ORD_STRA": 1, "ORD_CLAS": 4, "ORD_FLOW": 7, "HYBAS_L12": 4121096570.0, "Shape_Length": 0.0062500000000227374 }, "geometry": { "type": "MultiLineString", "coordinates": [ [ [ 107.552083333332547, 16.299999999999734 ], [ 107.552083333332547, 16.306249999999757 ] ] ] } },
{ "type": "Feature", "properties": { "HYRIV_ID": 41285920, "NEXT_DOWN": 41285621, "MAIN_RIV": 41280242, "LENGTH_KM": 1.8, "DIST_DN_KM": 48.8, "DIST_UP_KM": 3.3, "CATCH_SKM": 4.12, "UPLAND_SKM": 4.1, "ENDORHEIC": 0, "DIS_AV_CMS": 0.223, "ORD_STRA": 1, "ORD_CLAS": 4, "ORD_FLOW": 7, "HYBAS_L12": 4121577530.0, "Shape_Length": 0.016309223176612507 }, "geometry": { "type": "MultiLineString", "coordinates": [ [ [ 107.468749999999233, 16.295833333333071 ], [ 107.468749999999233, 16.302083333333108 ], [ 107.472916666665952, 16.306249999999757 ], [ 107.472916666665952, 16.31041666666642 ] ] ] } },
{ "type": "Feature", "properties": { "HYRIV_ID": 41285921, "NEXT_DOWN": 41285711, "MAIN_RIV": 41280242, "LENGTH_KM": 1.1, "DIST_DN_KM": 42.8, "DIST_UP_KM": 10.2, "CATCH_SKM": 2.47, "UPLAND_SKM": 33.599998, "ENDORHEIC": 0, "DIS_AV_CMS": 1.886, "ORD_STRA": 2, "ORD_CLAS": 3, "ORD_FLOW": 6, "HYBAS_L12": 4121096570.0, "Shape_Length": 0.010059223176577998 }, "geometry": { "type": "MultiLineString", "coordinates": [ [ [ 107.55624999999921, 16.297916666666403 ], [ 107.55624999999921, 16.302083333333108 ], [ 107.552083333332547, 16.306249999999757 ] ] ] } },
{ "type": "Feature", "properties": { "HYRIV_ID": 41285922, "NEXT_DOWN": 41285921, "MAIN_RIV": 41280242, "LENGTH_KM": 1.56, "DIST_DN_KM": 43.700001, "DIST_UP_KM": 3.6, "CATCH_SKM": 4.7399998, "UPLAND_SKM": 4.7, "ENDORHEIC": 0, "DIS_AV_CMS": 0.265, "ORD_STRA": 1, "ORD_CLAS": 4, "ORD_FLOW": 7, "HYBAS_L12": 4121096570.0, "Shape_Length": 0.014583333333405335 }, "geometry": { "type": "MultiLineString", "coordinates": [ [ [ 107.570833333332615, 16.297916666666403 ], [ 107.55624999999921, 16.297916666666403 ] ] ] } },
{ "type": "Feature", "properties": { "HYRIV_ID": 41285923, "NEXT_DOWN": 41285625, "MAIN_RIV": 41280242, "LENGTH_KM": 1.5700001, "DIST_DN_KM": 43.0, "DIST_UP_KM": 48.200001, "CATCH_SKM": 2.47, "UPLAND_SKM": 674.20001, "ENDORHEIC": 0, "DIS_AV_CMS": 40.629002, "ORD_STRA": 5, "ORD_CLAS": 1, "ORD_FLOW": 5, "HYBAS_L12": 4121096530.0, "Shape_Length": 0.014225889843143838 }, "geometry": { "type": "MultiLineString", "coordinates": [ [ [ 107.635416666665861, 16.297916666666403 ], [ 107.631249999999312, 16.302083333333108 ], [ 107.631249999999312, 16.31041666666642 ] ] ] } },
{ "type": "Feature", "properties": { "HYRIV_ID": 41286019, "NEXT_DOWN": 41285710, "MAIN_RIV": 41280242, "LENGTH_KM": 2.25, "DIST_DN_KM": 46.8, "DIST_UP_KM": 3.3, "CATCH_SKM": 5.1500001, "UPLAND_SKM": 5.2, "ENDORHEIC": 0, "DIS_AV_CMS": 0.283, "ORD_STRA": 1, "ORD_CLAS": 3, "ORD_FLOW": 7, "HYBAS_L12": 4121577530.0, "Shape_Length": 0.020475889843298931 }, "geometry": { "type": "MultiLineString", "coordinates": [ [ [ 107.514583333332638, 16.291666666666409 ], [ 107.514583333332638, 16.297916666666403 ], [ 107.510416666665861, 16.302083333333108 ], [ 107.510416666665861, 16.306249999999757 ], [ 107.506249999999199, 16.306249999999757 ] ] ] } },
{ "type": "Feature", "properties": { "HYRIV_ID": 41286121, "NEXT_DOWN": 41285621, "MAIN_RIV": 41280242, "LENGTH_KM": 7.2399998, "DIST_DN_KM": 48.8, "DIST_UP_KM": 8.8, "CATCH_SKM": 19.98, "UPLAND_SKM": 20.0, "ENDORHEIC": 0, "DIS_AV_CMS": 1.071, "ORD_STRA": 1, "ORD_CLAS": 3, "ORD_FLOW": 6, "HYBAS_L12": 4121577530.0, "Shape_Length": 0.066605339059382207 }, "geometry": { "type": "MultiLineString", "coordinates": [ [ [ 107.42916666666585, 16.289583333333091 ], [ 107.435416666665873, 16.289583333333091 ], [ 107.439583333332536, 16.29374999999974 ], [ 107.443749999999199, 16.29374999999974 ], [ 107.456249999999244, 16.306249999999757 ], [ 107.456249999999244, 16.314583333333083 ], [ 107.460416666665907, 16.318749999999731 ], [ 107.46458333333257, 16.318749999999731 ], [ 107.468749999999233, 16.314583333333083 ], [ 107.468749999999233, 16.31041666666642 ], [ 107.472916666665952, 16.31041666666642 ] ] ] } },
{ "type": "Feature", "properties": { "HYRIV_ID": 41286122, "NEXT_DOWN": 41285923, "MAIN_RIV": 41280242, "LENGTH_KM": 0.93, "DIST_DN_KM": 44.599998, "DIST_UP_KM": 46.599998, "CATCH_SKM": 2.27, "UPLAND_SKM": 664.09998, "ENDORHEIC": 0, "DIS_AV_CMS": 39.993, "ORD_STRA": 5, "ORD_CLAS": 1, "ORD_FLOW": 5, "HYBAS_L12": 4121096530.0, "Shape_Length": 0.0083333333333115434 }, "geometry": { "type": "MultiLineString", "coordinates": [ [ [ 107.635416666665861, 16.289583333333091 ], [ 107.635416666665861, 16.297916666666403 ] ] ] } },
{ "type": "Feature", "properties": { "HYRIV_ID": 41286123, "NEXT_DOWN": 41285923, "MAIN_RIV": 41280242, "LENGTH_KM": 3.3800001, "DIST_DN_KM": 44.599998, "DIST_UP_KM": 5.3, "CATCH_SKM": 7.62, "UPLAND_SKM": 7.6, "ENDORHEIC": 0, "DIS_AV_CMS": 0.436, "ORD_STRA": 1, "ORD_CLAS": 2, "ORD_FLOW": 7, "HYBAS_L12": 4121096530.0, "Shape_Length": 0.031398057941408097 }, "geometry": { "type": "MultiLineString", "coordinates": [ [ [ 107.662499999999255, 16.28749999999976 ], [ 107.656249999999176, 16.29374999999974 ], [ 107.652083333332513, 16.29374999999974 ], [ 107.64791666666585, 16.297916666666403 ], [ 107.635416666665861, 16.297916666666403 ] ] ] } },
{ "type": "Feature", "properties": { "HYRIV_ID": 41286315, "NEXT_DOWN": 41286316, "MAIN_RIV": 41280242, "LENGTH_KM": 3.04, "DIST_DN_KM": 48.099998, "DIST_UP_KM": 4.4, "CATCH_SKM": 7.21, "UPLAND_SKM": 7.2, "ENDORHEIC": 0, "DIS_AV_CMS": 0.406, "ORD_STRA": 1, "ORD_CLAS": 3, "ORD_FLOW": 7, "HYBAS_L12": 4121096530.0, "Shape_Length": 0.028094336196296477 }, "geometry": { "type": "MultiLineString", "coordinates": [ [ [ 107.595833333332649, 16.29374999999974 ], [ 107.602083333332615, 16.29374999999974 ], [ 107.606249999999278, 16.289583333333091 ], [ 107.610416666665941, 16.289583333333091 ], [ 107.618749999999267, 16.281249999999723 ] ] ] } },
{ "type": "Feature", "properties": { "HYRIV_ID": 41286316, "NEXT_DOWN": 41286122, "MAIN_RIV": 41280242, "LENGTH_KM": 2.4400001, "DIST_DN_KM": 45.5, "DIST_UP_KM": 7.5, "CATCH_SKM": 4.12, "UPLAND_SKM": 23.1, "ENDORHEIC": 0, "DIS_AV_CMS": 1.306, "ORD_STRA": 2, "ORD_CLAS": 2, "ORD_FLOW": 6, "HYBAS_L12": 4121096530.0, "Shape_Length": 0.022559223176540646 }, "geometry": { "type": "MultiLineString", "coordinates": [ [ [ 107.618749999999267, 16.281249999999723 ], [ 107.631249999999312, 16.281249999999723 ], [ 107.635416666665861, 16.285416666666428 ], [ 107.635416666665861, 16.289583333333091 ] ] ] } },
{ "type": "Feature", "properties": { "HYRIV_ID": 41286509, "NEXT_DOWN": 41285710, "MAIN_RIV": 41280242, "LENGTH_KM": 4.6, "DIST_DN_KM": 47.0, "DIST_UP_KM": 39.599998, "CATCH_SKM": 8.6499996, "UPLAND_SKM": 461.60001, "ENDORHEIC": 0, "DIS_AV_CMS": 26.013, "ORD_STRA": 4, "ORD_CLAS": 2, "ORD_FLOW": 5, "HYBAS_L12": 4121577530.0, "Shape_Length": 0.041962782549443946 }, "geometry": { "type": "MultiLineString", "coordinates": [ [ [ 107.502083333332649, 16.272916666666411 ], [ 107.493749999999267, 16.281249999999723 ], [ 107.497916666665816, 16.285416666666428 ], [ 107.497916666665816, 16.289583333333091 ], [ 107.502083333332649, 16.29374999999974 ], [ 107.502083333332649, 16.302083333333108 ], [ 107.506249999999199, 16.306249999999757 ] ] ] } },
{ "type": "Feature", "properties": { "HYRIV_ID": 41286510, "NEXT_DOWN": 41286122, "MAIN_RIV": 41280242, "LENGTH_KM": 2.3900001, "DIST_DN_KM": 45.700001, "DIST_UP_KM": 45.5, "CATCH_SKM": 5.3600001, "UPLAND_SKM": 638.79999, "ENDORHEIC": 0, "DIS_AV_CMS": 38.52, "ORD_STRA": 5, "ORD_CLAS": 1, "ORD_FLOW": 5, "HYBAS_L12": 4121096530.0, "Shape_Length": 0.021844336196343069 }, "geometry": { "type": "MultiLineString", "coordinates": [ [ [ 107.64791666666585, 16.272916666666411 ], [ 107.639583333332524, 16.281249999999723 ], [ 107.639583333332524, 16.285416666666428 ], [ 107.635416666665861, 16.289583333333091 ] ] ] } },
{ "type": "Feature", "properties": { "HYRIV_ID": 41286616, "NEXT_DOWN": 41286878, "MAIN_RIV": 41280242, "LENGTH_KM": 0.69, "DIST_DN_KM": 60.599998, "DIST_UP_KM": 2.2, "CATCH_SKM": 3.09, "UPLAND_SKM": 3.1, "ENDORHEIC": 0, "DIS_AV_CMS": 0.16500001, "ORD_STRA": 1, "ORD_CLAS": 5, "ORD_FLOW": 7, "HYBAS_L12": 4121577900.0, "Shape_Length": 0.0062499999999943157 }, "geometry": { "type": "MultiLineString", "coordinates": [ [ [ 107.43124999999921, 16.274999999999743 ], [ 107.43124999999921, 16.268749999999748 ] ] ] } },
{ "type": "Feature", "properties": { "HYRIV_ID": 41286617, "NEXT_DOWN": 41286509, "MAIN_RIV": 41280242, "LENGTH_KM": 0.46, "DIST_DN_KM": 51.400002, "DIST_UP_KM": 35.200001, "CATCH_SKM": 0.21, "UPLAND_SKM": 365.79999, "ENDORHEIC": 0, "DIS_AV_CMS": 20.799, "ORD_STRA": 4, "ORD_CLAS": 2, "ORD_FLOW": 5, "HYBAS_L12": 4121577900.0, "Shape_Length": 0.0041666666666628771 }, "geometry": { "type": "MultiLineString", "coordinates": [ [ [ 107.502083333332649, 16.268749999999748 ], [ 107.502083333332649, 16.272916666666411 ] ] ] } },
{ "type": "Feature", "properties": { "HYRIV_ID": 41286618, "NEXT_DOWN": 41286510, "MAIN_RIV": 41280242, "LENGTH_KM": 0.64, "DIST_DN_KM": 48.099998, "DIST_UP_KM": 11.5, "CATCH_SKM": 0.21, "UPLAND_SKM": 33.599998, "ENDORHEIC": 0, "DIS_AV_CMS": 1.924, "ORD_STRA": 2, "ORD_CLAS": 2, "ORD_FLOW": 6, "HYBAS_L12": 4121577910.0, "Shape_Length": 0.0058925565098825365 }, "geometry": { "type": "MultiLineString", "coordinates": [ [ [ 107.643749999999187, 16.268749999999748 ], [ 107.64791666666585, 16.272916666666411 ] ] ] } },
{ "type": "Feature", "properties": { "HYRIV_ID": 41286703, "NEXT_DOWN": 41286878, "MAIN_RIV": 41280242, "LENGTH_KM": 2.2, "DIST_DN_KM": 60.599998, "DIST_UP_KM": 4.0, "CATCH_SKM": 5.98, "UPLAND_SKM": 6.0, "ENDORHEIC": 0, "DIS_AV_CMS": 0.318, "ORD_STRA": 1, "ORD_CLAS": 4, "ORD_FLOW": 7, "HYBAS_L12": 4121577900.0, "Shape_Length": 0.020475889843174184 }, "geometry": { "type": "MultiLineString", "coordinates": [ [ [ 107.412499999999255, 16.264583333333086 ], [ 107.418749999999221, 16.264583333333086 ], [ 107.422916666665884, 16.268749999999748 ], [ 107.43124999999921, 16.268749999999748 ] ] ] } },
{ "type": "Feature", "properties": { "HYRIV_ID": 41286704, "NEXT_DOWN": 41286617, "MAIN_RIV": 41280242, "LENGTH_KM": 2.87, "DIST_DN_KM": 51.8, "DIST_UP_KM": 7.3, "CATCH_SKM": 4.12, "UPLAND_SKM": 15.9, "ENDORHEIC": 0, "DIS_AV_CMS": 0.88200003, "ORD_STRA": 2, "ORD_CLAS": 3, "ORD_FLOW": 7, "HYBAS_L12": 4121577900.0, "Shape_Length": 0.026725889843083234 }, "geometry": { "type": "MultiLineString", "coordinates": [ [ [ 107.527083333332513, 16.264583333333086 ], [ 107.510416666665861, 16.264583333333086 ], [ 107.506249999999199, 16.268749999999748 ], [ 107.502083333332649, 16.268749999999748 ] ] ] } },
{ "type": "Feature", "properties": { "HYRIV_ID": 41286705, "NEXT_DOWN": 41286704, "MAIN_RIV": 41280242, "LENGTH_KM": 0.69, "DIST_DN_KM": 54.700001, "DIST_UP_KM": 2.0, "CATCH_SKM": 2.27, "UPLAND_SKM": 2.3, "ENDORHEIC": 0, "DIS_AV_CMS": 0.125, "ORD_STRA": 1, "ORD_CLAS": 4, "ORD_FLOW": 7, "HYBAS_L12": 4121577900.0, "Shape_Length": 0.0062499999999943157 }, "geometry": { "type": "MultiLineString", "coordinates": [ [ [ 107.527083333332513, 16.27083333333308 ], [ 107.527083333332513, 16.264583333333086 ] ] ] } },
{ "type": "Feature", "properties": { "HYRIV_ID": 41286706, "NEXT_DOWN": 41286316, "MAIN_RIV": 41280242, "LENGTH_KM": 3.96, "DIST_DN_KM": 48.099998, "DIST_UP_KM": 4.8, "CATCH_SKM": 11.75, "UPLAND_SKM": 11.7, "ENDORHEIC": 0, "DIS_AV_CMS": 0.663, "ORD_STRA": 1, "ORD_CLAS": 2, "ORD_FLOW": 7, "HYBAS_L12": 4121096530.0, "Shape_Length": 0.036427669529613196 }, "geometry": { "type": "MultiLineString", "coordinates": [ [ [ 107.593749999999233, 16.262499999999768 ], [ 107.593749999999233, 16.268749999999748 ], [ 107.602083333332615, 16.277083333333074 ], [ 107.61458333333249, 16.277083333333074 ], [ 107.618749999999267, 16.281249999999723 ] ] ] } },
{ "type": "Feature", "properties": { "HYRIV_ID": 41286788, "NEXT_DOWN": 41286617, "MAIN_RIV": 41280242, "LENGTH_KM": 0.93, "DIST_DN_KM": 51.900002, "DIST_UP_KM": 34.700001, "CATCH_SKM": 0.82, "UPLAND_SKM": 349.70001, "ENDORHEIC": 0, "DIS_AV_CMS": 19.895, "ORD_STRA": 4, "ORD_CLAS": 2, "ORD_FLOW": 5, "HYBAS_L12": 4121577900.0, "Shape_Length": 0.0083333333333115434 }, "geometry": { "type": "MultiLineString", "coordinates": [ [ [ 107.502083333332649, 16.260416666666437 ], [ 107.502083333332649, 16.268749999999748 ] ] ] } },
{ "type": "Feature", "properties": { "HYRIV_ID": 41286878, "NEXT_DOWN": 41286879, "MAIN_RIV": 41280242, "LENGTH_KM": 3.08, "DIST_DN_KM": 57.5, "DIST_UP_KM": 7.0, "CATCH_SKM": 6.5900002, "UPLAND_SKM": 15.7, "ENDORHEIC": 0, "DIS_AV_CMS": 0.83600003, "ORD_STRA": 2, "ORD_CLAS": 4, "ORD_FLOW": 7, "HYBAS_L12": 4121577900.0, "Shape_Length": 0.028451779686489358 }, "geometry": { "type": "MultiLineString", "coordinates": [ [ [ 107.43124999999921, 16.268749999999748 ], [ 107.435416666665873, 16.264583333333086 ], [ 107.435416666665873, 16.260416666666437 ], [ 107.439583333332536, 16.256249999999731 ], [ 107.452083333332581, 16.256249999999731 ] ] ] } },
{ "type": "Feature", "properties": { "HYRIV_ID": 41286879, "NEXT_DOWN": 41286881, "MAIN_RIV": 41280242, "LENGTH_KM": 0.45, "DIST_DN_KM": 57.099998, "DIST_UP_KM": 11.7, "CATCH_SKM": 0.62, "UPLAND_SKM": 68.599998, "ENDORHEIC": 0, "DIS_AV_CMS": 3.684, "ORD_STRA": 3, "ORD_CLAS": 3, "ORD_FLOW": 6, "HYBAS_L12": 4121577900.0, "Shape_Length": 0.0041666666666628771 }, "geometry": { "type": "MultiLineString", "coordinates": [ [ [ 107.452083333332581, 16.256249999999731 ], [ 107.456249999999244, 16.256249999999731 ] ] ] } },
{ "type": "Feature", "properties": { "HYRIV_ID": 41286880, "NEXT_DOWN": 41286881, "MAIN_RIV": 41280242, "LENGTH_KM": 3.0, "DIST_DN_KM": 57.099998, "DIST_UP_KM": 5.0, "CATCH_SKM": 5.56, "UPLAND_SKM": 5.6, "ENDORHEIC": 0, "DIS_AV_CMS": 0.3, "ORD_STRA": 1, "ORD_CLAS": 4, "ORD_FLOW": 7, "HYBAS_L12": 4121577900.0, "Shape_Length": 0.027231391274653054 }, "geometry": { "type": "MultiLineString", "coordinates": [ [ [ 107.445833333332672, 16.279166666666391 ], [ 107.456249999999244, 16.268749999999748 ], [ 107.456249999999244, 16.256249999999731 ] ] ] } },
{ "type": "Feature", "properties": { "HYRIV_ID": 41286881, "NEXT_DOWN": 41286509, "MAIN_RIV": 41280242, "LENGTH_KM": 5.6799998, "DIST_DN_KM": 51.599998, "DIST_UP_KM": 17.200001, "CATCH_SKM": 12.98, "UPLAND_SKM": 87.199997, "ENDORHEIC": 0, "DIS_AV_CMS": 4.6900001, "ORD_STRA": 3, "ORD_CLAS": 3, "ORD_FLOW": 6, "HYBAS_L12": 4121577900.0, "Shape_Length": 0.052736892706270772 }, "geometry": { "type": "MultiLineString", "coordinates": [ [ [ 107.456249999999244, 16.256249999999731 ], [ 107.460416666665907, 16.256249999999731 ], [ 107.46458333333257, 16.260416666666437 ], [ 107.468749999999233, 16.260416666666437 ], [ 107.472916666665952, 16.264583333333086 ], [ 107.477083333332615, 16.264583333333086 ], [ 107.481249999999164, 16.268749999999748 ], [ 107.497916666665816, 16.268749999999748 ], [ 107.502083333332649, 16.272916666666411 ] ] ] } },
{ "type": "Feature", "properties": { "HYRIV_ID": 41286882, "NEXT_DOWN": 41285921, "MAIN_RIV": 41280242, "LENGTH_KM": 6.6, "DIST_DN_KM": 43.700001, "DIST_UP_KM": 9.3, "CATCH_SKM": 21.43, "UPLAND_SKM": 26.4, "ENDORHEIC": 0, "DIS_AV_CMS": 1.482, "ORD_STRA": 2, "ORD_CLAS": 3, "ORD_FLOW": 6, "HYBAS_L12": 4121096570.0, "Shape_Length": 0.060355339059334497 }, "geometry": { "type": "MultiLineString", "coordinates": [ [ [ 107.581249999999244, 16.256249999999731 ], [ 107.572916666665861, 16.264583333333086 ], [ 107.568749999999255, 16.264583333333086 ], [ 107.564583333332536, 16.268749999999748 ], [ 107.564583333332536, 16.272916666666411 ], [ 107.560416666665873, 16.277083333333074 ], [ 107.564583333332536, 16.281249999999723 ], [ 107.564583333332536, 16.285416666666428 ], [ 107.560416666665873, 16.289583333333091 ], [ 107.55624999999921, 16.289583333333091 ], [ 107.55624999999921, 16.297916666666403 ] ] ] } },
{ "type": "Feature", "properties": { "HYRIV_ID": 41286883, "NEXT_DOWN": 41286618, "MAIN_RIV": 41280242, "LENGTH_KM": 3.58, "DIST_DN_KM": 48.5, "DIST_UP_KM": 5.1, "CATCH_SKM": 8.4499998, "UPLAND_SKM": 8.4, "ENDORHEIC": 0, "DIS_AV_CMS": 0.48100001, "ORD_STRA": 1, "ORD_CLAS": 3, "ORD_FLOW": 7, "HYBAS_L12": 4121577910.0, "Shape_Length": 0.032975889843276499 }, "geometry": { "type": "MultiLineString", "coordinates": [ [ [ 107.622916666665816, 16.2541666666664 ], [ 107.622916666665816, 16.264583333333086 ], [ 107.635416666665861, 16.264583333333086 ], [ 107.639583333332524, 16.268749999999748 ], [ 107.643749999999187, 16.268749999999748 ] ] ] } },
{ "type": "Feature", "properties": { "HYRIV_ID": 41286974, "NEXT_DOWN": 41286882, "MAIN_RIV": 41280242, "LENGTH_KM": 0.96, "DIST_DN_KM": 50.5, "DIST_UP_KM": 2.5, "CATCH_SKM": 2.47, "UPLAND_SKM": 2.5, "ENDORHEIC": 0, "DIS_AV_CMS": 0.139, "ORD_STRA": 1, "ORD_CLAS": 3, "ORD_FLOW": 7, "HYBAS_L12": 4121096570.0, "Shape_Length": 0.0088388347647534657 }, "geometry": { "type": "MultiLineString", "coordinates": [ [ [ 107.574999999999335, 16.249999999999751 ], [ 107.581249999999244, 16.256249999999731 ] ] ] } },
{ "type": "Feature", "properties": { "HYRIV_ID": 41286975, "NEXT_DOWN": 41286882, "MAIN_RIV": 41280242, "LENGTH_KM": 1.41, "DIST_DN_KM": 50.3, "DIST_UP_KM": 2.7, "CATCH_SKM": 2.47, "UPLAND_SKM": 2.5, "ENDORHEIC": 0, "DIS_AV_CMS": 0.14, "ORD_STRA": 1, "ORD_CLAS": 4, "ORD_FLOW": 7, "HYBAS_L12": 4121096570.0, "Shape_Length": 0.013005501431456536 }, "geometry": { "type": "MultiLineString", "coordinates": [ [ [ 107.591666666665873, 16.249999999999751 ], [ 107.585416666665907, 16.256249999999731 ], [ 107.581249999999244, 16.256249999999731 ] ] ] } },
{ "type": "Feature", "properties": { "HYRIV_ID": 41287045, "NEXT_DOWN": 41286879, "MAIN_RIV": 41280242, "LENGTH_KM": 1.11, "DIST_DN_KM": 57.700001, "DIST_UP_KM": 11.1, "CATCH_SKM": 1.4400001, "UPLAND_SKM": 52.400002, "ENDORHEIC": 0, "DIS_AV_CMS": 2.8139999, "ORD_STRA": 2, "ORD_CLAS": 3, "ORD_FLOW": 6, "HYBAS_L12": 4121577900.0, "Shape_Length": 0.010059223176531202 }, "geometry": { "type": "MultiLineString", "coordinates": [ [ [ 107.447916666665918, 16.24791666666642 ], [ 107.447916666665918, 16.252083333333069 ], [ 107.452083333332581, 16.256249999999731 ] ] ] } },
{ "type": "Feature", "properties": { "HYRIV_ID": 41287046, "NEXT_DOWN": 41287047, "MAIN_RIV": 41280242, "LENGTH_KM": 0.67, "DIST_DN_KM": 54.5, "DIST_UP_KM": 2.2, "CATCH_SKM": 3.3, "UPLAND_SKM": 3.3, "ENDORHEIC": 0, "DIS_AV_CMS": 0.18, "ORD_STRA": 1, "ORD_CLAS": 4, "ORD_FLOW": 7, "HYBAS_L12": 4121577900.0, "Shape_Length": 0.0062500000000227374 }, "geometry": { "type": "MultiLineString", "coordinates": [ [ [ 107.487499999999244, 16.24791666666642 ], [ 107.493749999999267, 16.24791666666642 ] ] ] } },
{ "type": "Feature", "properties": { "HYRIV_ID": 41287047, "NEXT_DOWN": 41286788, "MAIN_RIV": 41280242, "LENGTH_KM": 1.75, "DIST_DN_KM": 52.8, "DIST_UP_KM": 11.1, "CATCH_SKM": 1.03, "UPLAND_SKM": 30.3, "ENDORHEIC": 0, "DIS_AV_CMS": 1.661, "ORD_STRA": 2, "ORD_CLAS": 3, "ORD_FLOW": 6, "HYBAS_L12": 4121577900.0, "Shape_Length": 0.015951779686500731 }, "geometry": { "type": "MultiLineString", "coordinates": [ [ [ 107.493749999999267, 16.24791666666642 ], [ 107.502083333332649, 16.256249999999731 ], [ 107.502083333332649, 16.260416666666437 ] ] ] } },
{ "type": "Feature", "properties": { "HYRIV_ID": 41287048, "NEXT_DOWN": 41286704, "MAIN_RIV": 41280242, "LENGTH_KM": 2.98, "DIST_DN_KM": 54.700001, "DIST_UP_KM": 4.5, "CATCH_SKM": 9.4799995, "UPLAND_SKM": 9.5, "ENDORHEIC": 0, "DIS_AV_CMS": 0.528, "ORD_STRA": 1, "ORD_CLAS": 3, "ORD_FLOW": 7, "HYBAS_L12": 4121577900.0, "Shape_Length": 0.027231391274794452 }, "geometry": { "type": "MultiLineString", "coordinates": [ [ [ 107.541666666665918, 16.245833333333088 ], [ 107.535416666665839, 16.252083333333069 ], [ 107.535416666665839, 16.260416666666437 ], [ 107.531249999999233, 16.264583333333086 ], [ 107.527083333332513, 16.264583333333086 ] ] ] } },
{ "type": "Feature", "properties": { "HYRIV_ID": 41287126, "NEXT_DOWN": 41287127, "MAIN_RIV": 41280242, "LENGTH_KM": 0.67, "DIST_DN_KM": 51.700001, "DIST_UP_KM": 1.5, "CATCH_SKM": 2.06, "UPLAND_SKM": 2.1, "ENDORHEIC": 0, "DIS_AV_CMS": 0.118, "ORD_STRA": 1, "ORD_CLAS": 3, "ORD_FLOW": 7, "HYBAS_L12": 4121577910.0, "Shape_Length": 0.0062499999999658939 }, "geometry": { "type": "MultiLineString", "coordinates": [ [ [ 107.637499999999221, 16.243749999999757 ], [ 107.643749999999187, 16.243749999999757 ] ] ] } },
{ "type": "Feature", "properties": { "HYRIV_ID": 41287127, "NEXT_DOWN": 41286618, "MAIN_RIV": 41280242, "LENGTH_KM": 3.1400001, "DIST_DN_KM": 48.5, "DIST_UP_KM": 11.0, "CATCH_SKM": 4.12, "UPLAND_SKM": 24.9, "ENDORHEIC": 0, "DIS_AV_CMS": 1.431, "ORD_STRA": 2, "ORD_CLAS": 2, "ORD_FLOW": 6, "HYBAS_L12": 4121577910.0, "Shape_Length": 0.028451779686418304 }, "geometry": { "type": "MultiLineString", "coordinates": [ [ [ 107.643749999999187, 16.243749999999757 ], [ 107.643749999999187, 16.252083333333069 ], [ 107.64791666666585, 16.256249999999731 ], [ 107.643749999999187, 16.260416666666437 ], [ 107.643749999999187, 16.268749999999748 ] ] ] } },
{ "type": "Feature", "properties": { "HYRIV_ID": 41287235, "NEXT_DOWN": 41287045, "MAIN_RIV": 41280242, "LENGTH_KM": 1.8200001, "DIST_DN_KM": 58.599998, "DIST_UP_KM": 10.2, "CATCH_SKM": 2.6800001, "UPLAND_SKM": 43.5, "ENDORHEIC": 0, "DIS_AV_CMS": 2.3329999, "ORD_STRA": 2, "ORD_CLAS": 3, "ORD_FLOW": 6, "HYBAS_L12": 4121577900.0, "Shape_Length": 0.016666666666708352 }, "geometry": { "type": "MultiLineString", "coordinates": [ [ [ 107.439583333332536, 16.239583333333094 ], [ 107.447916666665918, 16.239583333333094 ], [ 107.447916666665918, 16.24791666666642 ] ] ] } },
{ "type": "Feature", "properties": { "HYRIV_ID": 41287316, "NEXT_DOWN": 41287235, "MAIN_RIV": 41280242, "LENGTH_KM": 4.0300002, "DIST_DN_KM": 60.599998, "DIST_UP_KM": 5.5, "CATCH_SKM": 10.92, "UPLAND_SKM": 10.9, "ENDORHEIC": 0, "DIS_AV_CMS": 0.58200002, "ORD_STRA": 1, "ORD_CLAS": 4, "ORD_FLOW": 7, "HYBAS_L12": 4121577900.0, "Shape_Length": 0.037290614451240385 }, "geometry": { "type": "MultiLineString", "coordinates": [ [ [ 107.408333333332592, 16.233333333333071 ], [ 107.414583333332558, 16.239583333333094 ], [ 107.422916666665884, 16.239583333333094 ], [ 107.427083333332547, 16.243749999999757 ], [ 107.435416666665873, 16.243749999999757 ], [ 107.439583333332536, 16.239583333333094 ] ] ] } },
{ "type": "Feature", "properties": { "HYRIV_ID": 41287392, "NEXT_DOWN": 41287477, "MAIN_RIV": 41280242, "LENGTH_KM": 1.11, "DIST_DN_KM": 56.700001, "DIST_UP_KM": 2.8, "CATCH_SKM": 4.12, "UPLAND_SKM": 4.1, "ENDORHEIC": 0, "DIS_AV_CMS": 0.234, "ORD_STRA": 1, "ORD_CLAS": 2, "ORD_FLOW": 7, "HYBAS_L12": 4121577910.0, "Shape_Length": 0.010416666666742458 }, "geometry": { "type": "MultiLineString", "coordinates": [ [ [ 107.608333333332524, 16.23124999999974 ], [ 107.618749999999267, 16.23124999999974 ] ] ] } },
{ "type": "Feature", "properties": { "HYRIV_ID": 41287475, "NEXT_DOWN": 41287235, "MAIN_RIV": 41280242, "LENGTH_KM": 2.01, "DIST_DN_KM": 60.599998, "DIST_UP_KM": 8.2, "CATCH_SKM": 3.5, "UPLAND_SKM": 26.200001, "ENDORHEIC": 0, "DIS_AV_CMS": 1.406, "ORD_STRA": 2, "ORD_CLAS": 3, "ORD_FLOW": 6, "HYBAS_L12": 4121577900.0, "Shape_Length": 0.018392556509903752 }, "geometry": { "type": "MultiLineString", "coordinates": [ [ [ 107.43124999999921, 16.227083333333077 ], [ 107.43124999999921, 16.235416666666445 ], [ 107.435416666665873, 16.235416666666445 ], [ 107.439583333332536, 16.239583333333094 ] ] ] } },
{ "type": "Feature", "properties": { "HYRIV_ID": 41287476, "NEXT_DOWN": 41287477, "MAIN_RIV": 41280242, "LENGTH_KM": 0.69, "DIST_DN_KM": 56.700001, "DIST_UP_KM": 2.6, "CATCH_SKM": 3.9200001, "UPLAND_SKM": 3.9, "ENDORHEIC": 0, "DIS_AV_CMS": 0.223, "ORD_STRA": 1, "ORD_CLAS": 3, "ORD_FLOW": 7, "HYBAS_L12": 4121577910.0, "Shape_Length": 0.0062499999999943157 }, "geometry": { "type": "MultiLineString", "coordinates": [ [ [ 107.618749999999267, 16.224999999999746 ], [ 107.618749999999267, 16.23124999999974 ] ] ] } },
{ "type": "Feature", "properties": { "HYRIV_ID": 41287477, "NEXT_DOWN": 41287127, "MAIN_RIV": 41280242, "LENGTH_KM": 5.08, "DIST_DN_KM": 51.900002, "DIST_UP_KM": 7.7, "CATCH_SKM": 10.72, "UPLAND_SKM": 18.8, "ENDORHEIC": 0, "DIS_AV_CMS": 1.074, "ORD_STRA": 2, "ORD_CLAS": 2, "ORD_FLOW": 6, "HYBAS_L12": 4121577910.0, "Shape_Length": 0.046844336196209382 }, "geometry": { "type": "MultiLineString", "coordinates": [ [ [ 107.618749999999267, 16.23124999999974 ], [ 107.622916666665816, 16.23124999999974 ], [ 107.627083333332649, 16.227083333333077 ], [ 107.639583333332524, 16.227083333333077 ], [ 107.643749999999187, 16.23124999999974 ], [ 107.64791666666585, 16.23124999999974 ], [ 107.64791666666585, 16.239583333333094 ], [ 107.643749999999187, 16.243749999999757 ] ] ] } },
{ "type": "Feature", "properties": { "HYRIV_ID": 41287561, "NEXT_DOWN": 41287475, "MAIN_RIV": 41280242, "LENGTH_KM": 0.96, "DIST_DN_KM": 62.599998, "DIST_UP_KM": 3.6, "CATCH_SKM": 3.71, "UPLAND_SKM": 3.7, "ENDORHEIC": 0, "DIS_AV_CMS": 0.2, "ORD_STRA": 1, "ORD_CLAS": 4, "ORD_FLOW": 7, "HYBAS_L12": 4121577900.0, "Shape_Length": 0.0088388347647936592 }, "geometry": { "type": "MultiLineString", "coordinates": [ [ [ 107.437499999999176, 16.220833333333097 ], [ 107.43124999999921, 16.227083333333077 ] ] ] } },
{ "type": "Feature", "properties": { "HYRIV_ID": 41287562, "NEXT_DOWN": 41287235, "MAIN_RIV": 41280242, "LENGTH_KM": 2.53, "DIST_DN_KM": 60.400002, "DIST_UP_KM": 4.2, "CATCH_SKM": 3.71, "UPLAND_SKM": 3.7, "ENDORHEIC": 0, "DIS_AV_CMS": 0.20100001, "ORD_STRA": 1, "ORD_CLAS": 5, "ORD_FLOW": 7, "HYBAS_L12": 4121577900.0, "Shape_Length": 0.023064724608030371 }, "geometry": { "type": "MultiLineString", "coordinates": [ [ [ 107.449999999999164, 16.220833333333097 ], [ 107.439583333332536, 16.23124999999974 ], [ 107.439583333332536, 16.239583333333094 ] ] ] } },
{ "type": "Feature", "properties": { "HYRIV_ID": 41287563, "NEXT_DOWN": 41286788, "MAIN_RIV": 41280242, "LENGTH_KM": 5.2399998, "DIST_DN_KM": 53.0, "DIST_UP_KM": 33.599998, "CATCH_SKM": 13.19, "UPLAND_SKM": 318.60001, "ENDORHEIC": 0, "DIS_AV_CMS": 18.169001, "ORD_STRA": 4, "ORD_CLAS": 2, "ORD_FLOW": 5, "HYBAS_L12": 4121577900.0, "Shape_Length": 0.047855339059233608 }, "geometry": { "type": "MultiLineString", "coordinates": [ [ [ 107.527083333332513, 16.222916666666428 ], [ 107.52291666666585, 16.227083333333077 ], [ 107.52291666666585, 16.23124999999974 ], [ 107.514583333332638, 16.239583333333094 ], [ 107.514583333332638, 16.24791666666642 ], [ 107.502083333332649, 16.260416666666437 ] ] ] } },
{ "type": "Feature", "properties": { "HYRIV_ID": 41287564, "NEXT_DOWN": 41287563, "MAIN_RIV": 41280242, "LENGTH_KM": 4.0300002, "DIST_DN_KM": 58.0, "DIST_UP_KM": 5.0, "CATCH_SKM": 6.1799998, "UPLAND_SKM": 6.2, "ENDORHEIC": 0, "DIS_AV_CMS": 0.347, "ORD_STRA": 1, "ORD_CLAS": 3, "ORD_FLOW": 7, "HYBAS_L12": 4121577900.0, "Shape_Length": 0.037290614451297228 }, "geometry": { "type": "MultiLineString", "coordinates": [ [ [ 107.558333333332513, 16.237499999999777 ], [ 107.552083333332547, 16.23124999999974 ], [ 107.547916666665884, 16.23124999999974 ], [ 107.539583333332558, 16.222916666666428 ], [ 107.527083333332513, 16.222916666666428 ] ] ] } },
{ "type": "Feature", "properties": { "HYRIV_ID": 41287565, "NEXT_DOWN": 41286510, "MAIN_RIV": 41280242, "LENGTH_KM": 7.7, "DIST_DN_KM": 48.099998, "DIST_UP_KM": 43.099998, "CATCH_SKM": 15.87, "UPLAND_SKM": 599.90002, "ENDORHEIC": 0, "DIS_AV_CMS": 36.215, "ORD_STRA": 5, "ORD_CLAS": 1, "ORD_FLOW": 5, "HYBAS_L12": 4121577910.0, "Shape_Length": 0.070414562235821349 }, "geometry": { "type": "MultiLineString", "coordinates": [ [ [ 107.668749999999164, 16.222916666666428 ], [ 107.668749999999164, 16.23124999999974 ], [ 107.664583333332558, 16.235416666666445 ], [ 107.664583333332558, 16.239583333333094 ], [ 107.668749999999164, 16.239583333333094 ], [ 107.672916666665884, 16.243749999999757 ], [ 107.668749999999164, 16.24791666666642 ], [ 107.668749999999164, 16.252083333333069 ], [ 107.664583333332558, 16.256249999999731 ], [ 107.660416666665839, 16.256249999999731 ], [ 107.656249999999176, 16.260416666666437 ], [ 107.656249999999176, 16.264583333333086 ], [ 107.64791666666585, 16.272916666666411 ] ] ] } },
{ "type": "Feature", "properties": { "HYRIV_ID": 41287655, "NEXT_DOWN": 41287045, "MAIN_RIV": 41280242, "LENGTH_KM": 5.08, "DIST_DN_KM": 58.8, "DIST_UP_KM": 7.1, "CATCH_SKM": 7.4200001, "UPLAND_SKM": 7.4, "ENDORHEIC": 0, "DIS_AV_CMS": 0.403, "ORD_STRA": 1, "ORD_CLAS": 4, "ORD_FLOW": 7, "HYBAS_L12": 4121577900.0, "Shape_Length": 0.04648689270622449 }, "geometry": { "type": "MultiLineString", "coordinates": [ [ [ 107.456249999999244, 16.216666666666391 ], [ 107.456249999999244, 16.222916666666428 ], [ 107.460416666665907, 16.227083333333077 ], [ 107.46458333333257, 16.227083333333077 ], [ 107.46458333333257, 16.23124999999974 ], [ 107.460416666665907, 16.235416666666445 ], [ 107.460416666665907, 16.239583333333094 ], [ 107.456249999999244, 16.243749999999757 ], [ 107.452083333332581, 16.243749999999757 ], [ 107.447916666665918, 16.24791666666642 ] ] ] } },
{ "type": "Feature", "properties": { "HYRIV_ID": 41287656, "NEXT_DOWN": 41287565, "MAIN_RIV": 41280242, "LENGTH_KM": 0.64, "DIST_DN_KM": 55.8, "DIST_UP_KM": 35.400002, "CATCH_SKM": 0.41, "UPLAND_SKM": 505.20001, "ENDORHEIC": 0, "DIS_AV_CMS": 30.504, "ORD_STRA": 5, "ORD_CLAS": 1, "ORD_FLOW": 5, "HYBAS_L12": 4121577910.0, "Shape_Length": 0.005892556509952877 }, "geometry": { "type": "MultiLineString", "coordinates": [ [ [ 107.672916666665884, 16.218749999999723 ], [ 107.668749999999164, 16.222916666666428 ] ] ] } },
{ "type": "Feature", "properties": { "HYRIV_ID": 41287657, "NEXT_DOWN": 41287656, "MAIN_RIV": 41280242, "LENGTH_KM": 1.58, "DIST_DN_KM": 56.200001, "DIST_UP_KM": 3.7, "CATCH_SKM": 4.9499998, "UPLAND_SKM": 4.9, "ENDORHEIC": 0, "DIS_AV_CMS": 0.287, "ORD_STRA": 1, "ORD_CLAS": 2, "ORD_FLOW": 7, "HYBAS_L12": 4121577910.0, "Shape_Length": 0.014583333333348492 }, "geometry": { "type": "MultiLineString", "coordinates": [ [ [ 107.68124999999921, 16.224999999999746 ], [ 107.68124999999921, 16.218749999999723 ], [ 107.672916666665884, 16.218749999999723 ] ] ] } },
{ "type": "Feature", "properties": { "HYRIV_ID": 41287752, "NEXT_DOWN": 41287753, "MAIN_RIV": 41280242, "LENGTH_KM": 0.67, "DIST_DN_KM": 64.199997, "DIST_UP_KM": 3.0, "CATCH_SKM": 4.9499998, "UPLAND_SKM": 4.9, "ENDORHEIC": 0, "DIS_AV_CMS": 0.264, "ORD_STRA": 1, "ORD_CLAS": 5, "ORD_FLOW": 7, "HYBAS_L12": 4121577900.0, "Shape_Length": 0.0062499999999658939 }, "geometry": { "type": "MultiLineString", "coordinates": [ [ [ 107.416666666665918, 16.21458333333306 ], [ 107.422916666665884, 16.21458333333306 ] ] ] } },
{ "type": "Feature", "properties": { "HYRIV_ID": 41287753, "NEXT_DOWN": 41287475, "MAIN_RIV": 41280242, "LENGTH_KM": 1.75, "DIST_DN_KM": 62.400002, "DIST_UP_KM": 6.4, "CATCH_SKM": 2.27, "UPLAND_SKM": 19.0, "ENDORHEIC": 0, "DIS_AV_CMS": 1.018, "ORD_STRA": 2, "ORD_CLAS": 3, "ORD_FLOW": 6, "HYBAS_L12": 4121577900.0, "Shape_Length": 0.015951779686443887 }, "geometry": { "type": "MultiLineString", "coordinates": [ [ [ 107.422916666665884, 16.21458333333306 ], [ 107.43124999999921, 16.222916666666428 ], [ 107.43124999999921, 16.227083333333077 ] ] ] } },
{ "type": "Feature", "properties": { "HYRIV_ID": 41287754, "NEXT_DOWN": 41287047, "MAIN_RIV": 41280242, "LENGTH_KM": 4.6, "DIST_DN_KM": 54.700001, "DIST_UP_KM": 9.2, "CATCH_SKM": 11.34, "UPLAND_SKM": 26.0, "ENDORHEIC": 0, "DIS_AV_CMS": 1.424, "ORD_STRA": 2, "ORD_CLAS": 3, "ORD_FLOW": 6, "HYBAS_L12": 4121577900.0, "Shape_Length": 0.041962782549449837 }, "geometry": { "type": "MultiLineString", "coordinates": [ [ [ 107.489583333332604, 16.21458333333306 ], [ 107.493749999999267, 16.218749999999723 ], [ 107.493749999999267, 16.222916666666428 ], [ 107.485416666665941, 16.23124999999974 ], [ 107.489583333332604, 16.235416666666445 ], [ 107.489583333332604, 16.243749999999757 ], [ 107.493749999999267, 16.24791666666642 ] ] ] } },
{ "type": "Feature", "properties": { "HYRIV_ID": 41287755, "NEXT_DOWN": 41287754, "MAIN_RIV": 41280242, "LENGTH_KM": 0.67, "DIST_DN_KM": 59.099998, "DIST_UP_KM": 2.2, "CATCH_SKM": 2.27, "UPLAND_SKM": 2.3, "ENDORHEIC": 0, "DIS_AV_CMS": 0.125, "ORD_STRA": 1, "ORD_CLAS": 4, "ORD_FLOW": 7, "HYBAS_L12": 4121577900.0, "Shape_Length": 0.0062499999999090505 }, "geometry": { "type": "MultiLineString", "coordinates": [ [ [ 107.495833333332513, 16.21458333333306 ], [ 107.489583333332604, 16.21458333333306 ] ] ] } },
{ "type": "Feature", "properties": { "HYRIV_ID": 41287835, "NEXT_DOWN": 41287836, "MAIN_RIV": 41280242, "LENGTH_KM": 0.67, "DIST_DN_KM": 59.8, "DIST_UP_KM": 4.1, "CATCH_SKM": 5.5700002, "UPLAND_SKM": 5.6, "ENDORHEIC": 0, "DIS_AV_CMS": 0.304, "ORD_STRA": 1, "ORD_CLAS": 3, "ORD_FLOW": 7, "HYBAS_L12": 4121577900.0, "Shape_Length": 0.0062500000000795808 }, "geometry": { "type": "MultiLineString", "coordinates": [ [ [ 107.479166666665861, 16.210416666666411 ], [ 107.485416666665941, 16.210416666666411 ] ] ] } },
{ "type": "Feature", "properties": { "HYRIV_ID": 41287836, "NEXT_DOWN": 41287754, "MAIN_RIV": 41280242, "LENGTH_KM": 0.64, "DIST_DN_KM": 59.3, "DIST_UP_KM": 4.6, "CATCH_SKM": 1.03, "UPLAND_SKM": 12.4, "ENDORHEIC": 0, "DIS_AV_CMS": 0.677, "ORD_STRA": 2, "ORD_CLAS": 3, "ORD_FLOW": 7, "HYBAS_L12": 4121577900.0, "Shape_Length": 0.0058925565098724882 }, "geometry": { "type": "MultiLineString", "coordinates": [ [ [ 107.485416666665941, 16.210416666666411 ], [ 107.489583333332604, 16.21458333333306 ] ] ] } },
{ "type": "Feature", "properties": { "HYRIV_ID": 41287837, "NEXT_DOWN": 41288019, "MAIN_RIV": 41280242, "LENGTH_KM": 1.41, "DIST_DN_KM": 71.0, "DIST_UP_KM": 2.8, "CATCH_SKM": 3.09, "UPLAND_SKM": 3.1, "ENDORHEIC": 0, "DIS_AV_CMS": 0.181, "ORD_STRA": 1, "ORD_CLAS": 3, "ORD_FLOW": 7, "HYBAS_L12": 4121099030.0, "Shape_Length": 0.013005501431383043 }, "geometry": { "type": "MultiLineString", "coordinates": [ [ [ 107.754166666665839, 16.216666666666391 ], [ 107.747916666665816, 16.210416666666411 ], [ 107.743749999999267, 16.210416666666411 ] ] ] } },
{ "type": "Feature", "properties": { "HYRIV_ID": 41287911, "NEXT_DOWN": 41288343, "MAIN_RIV": 41280242, "LENGTH_KM": 1.62, "DIST_DN_KM": 70.099998, "DIST_UP_KM": 3.3, "CATCH_SKM": 3.3, "UPLAND_SKM": 3.3, "ENDORHEIC": 0, "DIS_AV_CMS": 0.192, "ORD_STRA": 1, "ORD_CLAS": 4, "ORD_FLOW": 7, "HYBAS_L12": 4121099030.0, "Shape_Length": 0.014583333333348492 }, "geometry": { "type": "MultiLineString", "coordinates": [ [ [ 107.722916666665895, 16.220833333333097 ], [ 107.722916666665895, 16.206249999999748 ] ] ] } },
{ "type": "Feature", "properties": { "HYRIV_ID": 41287912, "NEXT_DOWN": 41288343, "MAIN_RIV": 41280242, "LENGTH_KM": 1.8, "DIST_DN_KM": 70.300003, "DIST_UP_KM": 3.9, "CATCH_SKM": 3.71, "UPLAND_SKM": 3.7, "ENDORHEIC": 0, "DIS_AV_CMS": 0.217, "ORD_STRA": 1, "ORD_CLAS": 3, "ORD_FLOW": 7, "HYBAS_L12": 4121099030.0, "Shape_Length": 0.01630922317656815 }, "geometry": { "type": "MultiLineString", "coordinates": [ [ [ 107.727083333332558, 16.220833333333097 ], [ 107.727083333332558, 16.210416666666411 ], [ 107.722916666665895, 16.206249999999748 ] ] ] } },
{ "type": "Feature", "properties": { "HYRIV_ID": 41287913, "NEXT_DOWN": 41288019, "MAIN_RIV": 41280242, "LENGTH_KM": 0.64, "DIST_DN_KM": 71.199997, "DIST_UP_KM": 3.3, "CATCH_SKM": 0.62, "UPLAND_SKM": 7.4, "ENDORHEIC": 0, "DIS_AV_CMS": 0.436, "ORD_STRA": 2, "ORD_CLAS": 2, "ORD_FLOW": 7, "HYBAS_L12": 4121099030.0, "Shape_Length": 0.0058925565098021477 }, "geometry": { "type": "MultiLineString", "coordinates": [ [ [ 107.747916666665816, 16.206249999999748 ], [ 107.743749999999267, 16.210416666666411 ] ] ] } },
{ "type": "Feature", "properties": { "HYRIV_ID": 41287914, "NEXT_DOWN": 41287913, "MAIN_RIV": 41280242, "LENGTH_KM": 1.31, "DIST_DN_KM": 71.900002, "DIST_UP_KM": 2.7, "CATCH_SKM": 3.9200001, "UPLAND_SKM": 3.9, "ENDORHEIC": 0, "DIS_AV_CMS": 0.23, "ORD_STRA": 1, "ORD_CLAS": 2, "ORD_FLOW": 7, "HYBAS_L12": 4121099030.0, "Shape_Length": 0.01214255650992882 }, "geometry": { "type": "MultiLineString", "coordinates": [ [ [ 107.758333333332558, 16.210416666666411 ], [ 107.752083333332592, 16.210416666666411 ], [ 107.747916666665816, 16.206249999999748 ] ] ] } },
{ "type": "Feature", "properties": { "HYRIV_ID": 41287915, "NEXT_DOWN": 41287913, "MAIN_RIV": 41280242, "LENGTH_KM": 1.11, "DIST_DN_KM": 71.699997, "DIST_UP_KM": 2.4, "CATCH_SKM": 2.8900001, "UPLAND_SKM": 2.9, "ENDORHEIC": 0, "DIS_AV_CMS": 0.17, "ORD_STRA": 1, "ORD_CLAS": 3, "ORD_FLOW": 7, "HYBAS_L12": 4121099030.0, "Shape_Length": 0.010416666666742458 }, "geometry": { "type": "MultiLineString", "coordinates": [ [ [ 107.758333333332558, 16.206249999999748 ], [ 107.747916666665816, 16.206249999999748 ] ] ] } },
{ "type": "Feature", "properties": { "HYRIV_ID": 41288012, "NEXT_DOWN": 41287753, "MAIN_RIV": 41280242, "LENGTH_KM": 2.07, "DIST_DN_KM": 64.400002, "DIST_UP_KM": 3.3, "CATCH_SKM": 3.09, "UPLAND_SKM": 3.1, "ENDORHEIC": 0, "DIS_AV_CMS": 0.167, "ORD_STRA": 1, "ORD_CLAS": 4, "ORD_FLOW": 7, "HYBAS_L12": 4121577900.0, "Shape_Length": 0.018898057941339072 }, "geometry": { "type": "MultiLineString", "coordinates": [ [ [ 107.433333333332513, 16.199999999999754 ], [ 107.427083333332547, 16.206249999999748 ], [ 107.427083333332547, 16.210416666666411 ], [ 107.422916666665884, 16.21458333333306 ] ] ] } },
{ "type": "Feature", "properties": { "HYRIV_ID": 41288013, "NEXT_DOWN": 41287563, "MAIN_RIV": 41280242, "LENGTH_KM": 2.6700001, "DIST_DN_KM": 58.0, "DIST_UP_KM": 28.5, "CATCH_SKM": 5.1500001, "UPLAND_SKM": 299.20001, "ENDORHEIC": 0, "DIS_AV_CMS": 17.014, "ORD_STRA": 4, "ORD_CLAS": 2, "ORD_FLOW": 5, "HYBAS_L12": 4121577900.0, "Shape_Length": 0.024285113019866678 }, "geometry": { "type": "MultiLineString", "coordinates": [ [ [ 107.527083333332513, 16.202083333333086 ], [ 107.527083333332513, 16.206249999999748 ], [ 107.531249999999233, 16.210416666666411 ], [ 107.527083333332513, 16.21458333333306 ], [ 107.527083333332513, 16.222916666666428 ] ] ] } },
{ "type": "Feature", "properties": { "HYRIV_ID": 41288014, "NEXT_DOWN": 41288013, "MAIN_RIV": 41280242, "LENGTH_KM": 3.6300001, "DIST_DN_KM": 60.700001, "DIST_UP_KM": 5.5, "CATCH_SKM": 11.75, "UPLAND_SKM": 11.7, "ENDORHEIC": 0, "DIS_AV_CMS": 0.662, "ORD_STRA": 1, "ORD_CLAS": 3, "ORD_FLOW": 7, "HYBAS_L12": 4121577900.0, "Shape_Length": 0.033838834764837816 }, "geometry": { "type": "MultiLineString", "coordinates": [ [ [ 107.558333333332513, 16.20833333333308 ], [ 107.552083333332547, 16.202083333333086 ], [ 107.527083333332513, 16.202083333333086 ] ] ] } },
{ "type": "Feature", "properties": { "HYRIV_ID": 41288015, "NEXT_DOWN": 41287565, "MAIN_RIV": 41280242, "LENGTH_KM": 3.74, "DIST_DN_KM": 55.599998, "DIST_UP_KM": 19.1, "CATCH_SKM": 6.39, "UPLAND_SKM": 78.800003, "ENDORHEIC": 0, "DIS_AV_CMS": 4.553, "ORD_STRA": 3, "ORD_CLAS": 2, "ORD_FLOW": 6, "HYBAS_L12": 4121577910.0, "Shape_Length": 0.034344336196315051 }, "geometry": { "type": "MultiLineString", "coordinates": [ [ [ 107.64791666666585, 16.202083333333086 ], [ 107.656249999999176, 16.210416666666411 ], [ 107.660416666665839, 16.210416666666411 ], [ 107.664583333332558, 16.21458333333306 ], [ 107.664583333332558, 16.218749999999723 ], [ 107.668749999999164, 16.218749999999723 ], [ 107.668749999999164, 16.222916666666428 ] ] ] } },
{ "type": "Feature", "properties": { "HYRIV_ID": 41288016, "NEXT_DOWN": 41288015, "MAIN_RIV": 41280242, "LENGTH_KM": 0.67, "DIST_DN_KM": 59.3, "DIST_UP_KM": 2.3, "CATCH_SKM": 3.5, "UPLAND_SKM": 3.5, "ENDORHEIC": 0, "DIS_AV_CMS": 0.203, "ORD_STRA": 1, "ORD_CLAS": 3, "ORD_FLOW": 7, "HYBAS_L12": 4121577910.0, "Shape_Length": 0.0062500000000795808 }, "geometry": { "type": "MultiLineString", "coordinates": [ [ [ 107.65416666666593, 16.202083333333086 ], [ 107.64791666666585, 16.202083333333086 ] ] ] } },
{ "type": "Feature", "properties": { "HYRIV_ID": 41288017, "NEXT_DOWN": 41287656, "MAIN_RIV": 41280242, "LENGTH_KM": 2.21, "DIST_DN_KM": 56.400002, "DIST_UP_KM": 34.8, "CATCH_SKM": 2.8900001, "UPLAND_SKM": 499.89999, "ENDORHEIC": 0, "DIS_AV_CMS": 30.179001, "ORD_STRA": 5, "ORD_CLAS": 1, "ORD_FLOW": 5, "HYBAS_L12": 4121577910.0, "Shape_Length": 0.020118446353076615 }, "geometry": { "type": "MultiLineString", "coordinates": [ [ [ 107.68124999999921, 16.202083333333086 ], [ 107.68124999999921, 16.206249999999748 ], [ 107.67708333333249, 16.210416666666411 ], [ 107.67708333333249, 16.21458333333306 ], [ 107.672916666665884, 16.218749999999723 ] ] ] } },
{ "type": "Feature", "properties": { "HYRIV_ID": 41288018, "NEXT_DOWN": 41288017, "MAIN_RIV": 41280242, "LENGTH_KM": 3.87, "DIST_DN_KM": 58.400002, "DIST_UP_KM": 6.1, "CATCH_SKM": 9.4799995, "UPLAND_SKM": 9.5, "ENDORHEIC": 0, "DIS_AV_CMS": 0.552, "ORD_STRA": 1, "ORD_CLAS": 2, "ORD_FLOW": 7, "HYBAS_L12": 4121577910.0, "Shape_Length": 0.035564724608137151 }, "geometry": { "type": "MultiLineString", "coordinates": [ [ [ 107.704166666665998, 16.220833333333097 ], [ 107.697916666665861, 16.21458333333306 ], [ 107.697916666665861, 16.206249999999748 ], [ 107.689583333332536, 16.206249999999748 ], [ 107.685416666665873, 16.202083333333086 ], [ 107.68124999999921, 16.202083333333086 ] ] ] } },
{ "type": "Feature", "properties": { "HYRIV_ID": 41288019, "NEXT_DOWN": 41288274, "MAIN_RIV": 41280242, "LENGTH_KM": 1.73, "DIST_DN_KM": 69.5, "DIST_UP_KM": 5.0, "CATCH_SKM": 3.9200001, "UPLAND_SKM": 14.4, "ENDORHEIC": 0, "DIS_AV_CMS": 0.848, "ORD_STRA": 2, "ORD_CLAS": 2, "ORD_FLOW": 7, "HYBAS_L12": 4121099030.0, "Shape_Length": 0.015951779686427948 }, "geometry": { "type": "MultiLineString", "coordinates": [ [ [ 107.743749999999267, 16.210416666666411 ], [ 107.739583333332604, 16.206249999999748 ], [ 107.735416666665941, 16.206249999999748 ], [ 107.731249999999278, 16.202083333333086 ] ] ] } },
{ "type": "Feature", "properties": { "HYRIV_ID": 41288020, "NEXT_DOWN": 41288274, "MAIN_RIV": 41280242, "LENGTH_KM": 0.67, "DIST_DN_KM": 69.300003, "DIST_UP_KM": 2.4, "CATCH_SKM": 2.27, "UPLAND_SKM": 2.3, "ENDORHEIC": 0, "DIS_AV_CMS": 0.133, "ORD_STRA": 1, "ORD_CLAS": 3, "ORD_FLOW": 7, "HYBAS_L12": 4121099030.0, "Shape_Length": 0.0062499999999090505 }, "geometry": { "type": "MultiLineString", "coordinates": [ [ [ 107.737499999999187, 16.202083333333086 ], [ 107.731249999999278, 16.202083333333086 ] ] ] } },
{ "type": "Feature", "properties": { "HYRIV_ID": 41288102, "NEXT_DOWN": 41287836, "MAIN_RIV": 41280242, "LENGTH_KM": 2.07, "DIST_DN_KM": 59.8, "DIST_UP_KM": 3.3, "CATCH_SKM": 5.77, "UPLAND_SKM": 5.8, "ENDORHEIC": 0, "DIS_AV_CMS": 0.317, "ORD_STRA": 1, "ORD_CLAS": 4, "ORD_FLOW": 7, "HYBAS_L12": 4121577900.0, "Shape_Length": 0.018898057941449609 }, "geometry": { "type": "MultiLineString", "coordinates": [ [ [ 107.474999999999199, 16.195833333333063 ], [ 107.485416666665941, 16.206249999999748 ], [ 107.485416666665941, 16.210416666666411 ] ] ] } },
{ "type": "Feature", "properties": { "HYRIV_ID": 41288103, "NEXT_DOWN": 41288104, "MAIN_RIV": 41280242, "LENGTH_KM": 0.69, "DIST_DN_KM": 61.400002, "DIST_UP_KM": 2.4, "CATCH_SKM": 2.27, "UPLAND_SKM": 2.3, "ENDORHEIC": 0, "DIS_AV_CMS": 0.126, "ORD_STRA": 1, "ORD_CLAS": 3, "ORD_FLOW": 7, "HYBAS_L12": 4121577900.0, "Shape_Length": 0.0062500000000227374 }, "geometry": { "type": "MultiLineString", "coordinates": [ [ [ 107.52291666666585, 16.204166666666417 ], [ 107.52291666666585, 16.197916666666394 ] ] ] } },
{ "type": "Feature", "properties": { "HYRIV_ID": 41288104, "NEXT_DOWN": 41288013, "MAIN_RIV": 41280242, "LENGTH_KM": 0.64, "DIST_DN_KM": 60.900002, "DIST_UP_KM": 25.700001, "CATCH_SKM": 0.82, "UPLAND_SKM": 282.29999, "ENDORHEIC": 0, "DIS_AV_CMS": 16.024, "ORD_STRA": 4, "ORD_CLAS": 2, "ORD_FLOW": 5, "HYBAS_L12": 4121577900.0, "Shape_Length": 0.0058925565099026333 }, "geometry": { "type": "MultiLineString", "coordinates": [ [ [ 107.52291666666585, 16.197916666666394 ], [ 107.527083333332513, 16.202083333333086 ] ] ] } },
{ "type": "Feature", "properties": { "HYRIV_ID": 41288105, "NEXT_DOWN": 41288193, "MAIN_RIV": 41280242, "LENGTH_KM": 1.56, "DIST_DN_KM": 65.300003, "DIST_UP_KM": 3.3, "CATCH_SKM": 5.98, "UPLAND_SKM": 6.0, "ENDORHEIC": 0, "DIS_AV_CMS": 0.339, "ORD_STRA": 1, "ORD_CLAS": 4, "ORD_FLOW": 7, "HYBAS_L12": 4121577910.0, "Shape_Length": 0.014583333333405335 }, "geometry": { "type": "MultiLineString", "coordinates": [ [ [ 107.58333333333249, 16.197916666666394 ], [ 107.597916666665895, 16.197916666666394 ] ] ] } },
{ "type": "Feature", "properties": { "HYRIV_ID": 41288106, "NEXT_DOWN": 41288193, "MAIN_RIV": 41280242, "LENGTH_KM": 2.4400001, "DIST_DN_KM": 65.400002, "DIST_UP_KM": 3.9, "CATCH_SKM": 7.21, "UPLAND_SKM": 7.2, "ENDORHEIC": 0, "DIS_AV_CMS": 0.40900001, "ORD_STRA": 1, "ORD_CLAS": 3, "ORD_FLOW": 7, "HYBAS_L12": 4121577910.0, "Shape_Length": 0.022201779686428152 }, "geometry": { "type": "MultiLineString", "coordinates": [ [ [ 107.58958333333257, 16.216666666666391 ], [ 107.58958333333257, 16.210416666666411 ], [ 107.593749999999233, 16.206249999999748 ], [ 107.593749999999233, 16.202083333333086 ], [ 107.597916666665895, 16.197916666666394 ] ] ] } },
{ "type": "Feature", "properties": { "HYRIV_ID": 41288107, "NEXT_DOWN": 41288015, "MAIN_RIV": 41280242, "LENGTH_KM": 1.98, "DIST_DN_KM": 59.3, "DIST_UP_KM": 15.3, "CATCH_SKM": 4.7399998, "UPLAND_SKM": 68.900002, "ENDORHEIC": 0, "DIS_AV_CMS": 3.967, "ORD_STRA": 3, "ORD_CLAS": 2, "ORD_FLOW": 6, "HYBAS_L12": 4121577910.0, "Shape_Length": 0.018392556509810875 }, "geometry": { "type": "MultiLineString", "coordinates": [ [ [ 107.631249999999312, 16.197916666666394 ], [ 107.635416666665861, 16.202083333333086 ], [ 107.64791666666585, 16.202083333333086 ] ] ] } },
{ "type": "Feature", "properties": { "HYRIV_ID": 41288190, "NEXT_DOWN": 41287753, "MAIN_RIV": 41280242, "LENGTH_KM": 3.26, "DIST_DN_KM": 64.400002, "DIST_UP_KM": 4.4, "CATCH_SKM": 8.6599998, "UPLAND_SKM": 8.7, "ENDORHEIC": 0, "DIS_AV_CMS": 0.465, "ORD_STRA": 1, "ORD_CLAS": 3, "ORD_FLOW": 7, "HYBAS_L12": 4121577900.0, "Shape_Length": 0.029820226039534513 }, "geometry": { "type": "MultiLineString", "coordinates": [ [ [ 107.422916666665884, 16.1916666666664 ], [ 107.422916666665884, 16.197916666666394 ], [ 107.414583333332558, 16.206249999999748 ], [ 107.422916666665884, 16.21458333333306 ] ] ] } },
{ "type": "Feature", "properties": { "HYRIV_ID": 41288191, "NEXT_DOWN": 41288192, "MAIN_RIV": 41280242, "LENGTH_KM": 0.67, "DIST_DN_KM": 61.8, "DIST_UP_KM": 1.8, "CATCH_SKM": 2.8900001, "UPLAND_SKM": 2.9, "ENDORHEIC": 0, "DIS_AV_CMS": 0.16, "ORD_STRA": 1, "ORD_CLAS": 3, "ORD_FLOW": 7, "HYBAS_L12": 4121577900.0, "Shape_Length": 0.0062499999999658939 }, "geometry": { "type": "MultiLineString", "coordinates": [ [ [ 107.516666666665884, 16.193749999999731 ], [ 107.52291666666585, 16.193749999999731 ] ] ] } },
{ "type": "Feature", "properties": { "HYRIV_ID": 41288192, "NEXT_DOWN": 41288104, "MAIN_RIV": 41280242, "LENGTH_KM": 0.46, "DIST_DN_KM": 61.400002, "DIST_UP_KM": 25.200001, "CATCH_SKM": 0.41, "UPLAND_SKM": 279.20001, "ENDORHEIC": 0, "DIS_AV_CMS": 15.845, "ORD_STRA": 4, "ORD_CLAS": 2, "ORD_FLOW": 5, "HYBAS_L12": 4121577900.0, "Shape_Length": 0.0041666666666628771 }, "geometry": { "type": "MultiLineString", "coordinates": [ [ [ 107.52291666666585, 16.193749999999731 ], [ 107.52291666666585, 16.197916666666394 ] ] ] } },
{ "type": "Feature", "properties": { "HYRIV_ID": 41288193, "NEXT_DOWN": 41288194, "MAIN_RIV": 41280242, "LENGTH_KM": 0.64, "DIST_DN_KM": 64.800003, "DIST_UP_KM": 4.6, "CATCH_SKM": 0.62, "UPLAND_SKM": 13.8, "ENDORHEIC": 0, "DIS_AV_CMS": 0.783, "ORD_STRA": 2, "ORD_CLAS": 3, "ORD_FLOW": 7, "HYBAS_L12": 4121577910.0, "Shape_Length": 0.005892556509922731 }, "geometry": { "type": "MultiLineString", "coordinates": [ [ [ 107.597916666665895, 16.197916666666394 ], [ 107.602083333332615, 16.193749999999731 ] ] ] } },
{ "type": "Feature", "properties": { "HYRIV_ID": 41288194, "NEXT_DOWN": 41288107, "MAIN_RIV": 41280242, "LENGTH_KM": 3.31, "DIST_DN_KM": 61.3, "DIST_UP_KM": 13.4, "CATCH_SKM": 8.4499998, "UPLAND_SKM": 52.200001, "ENDORHEIC": 0, "DIS_AV_CMS": 2.9949999, "ORD_STRA": 3, "ORD_CLAS": 2, "ORD_FLOW": 6, "HYBAS_L12": 4121577910.0, "Shape_Length": 0.030892556509916642 }, "geometry": { "type": "MultiLineString", "coordinates": [ [ [ 107.602083333332615, 16.193749999999731 ], [ 107.606249999999278, 16.197916666666394 ], [ 107.631249999999312, 16.197916666666394 ] ] ] } },
{ "type": "Feature", "properties": { "HYRIV_ID": 41288274, "NEXT_DOWN": 41288344, "MAIN_RIV": 41280242, "LENGTH_KM": 1.83, "DIST_DN_KM": 67.5, "DIST_UP_KM": 7.0, "CATCH_SKM": 1.4400001, "UPLAND_SKM": 18.1, "ENDORHEIC": 0, "DIS_AV_CMS": 1.068, "ORD_STRA": 2, "ORD_CLAS": 2, "ORD_FLOW": 6, "HYBAS_L12": 4121099030.0, "Shape_Length": 0.016666666666736774 }, "geometry": { "type": "MultiLineString", "coordinates": [ [ [ 107.731249999999278, 16.202083333333086 ], [ 107.727083333332558, 16.202083333333086 ], [ 107.727083333332558, 16.189583333333069 ] ] ] } },
{ "type": "Feature", "properties": { "HYRIV_ID": 41288341, "NEXT_DOWN": 41288192, "MAIN_RIV": 41280242, "LENGTH_KM": 0.93, "DIST_DN_KM": 61.8, "DIST_UP_KM": 24.700001, "CATCH_SKM": 1.24, "UPLAND_SKM": 275.89999, "ENDORHEIC": 0, "DIS_AV_CMS": 15.654, "ORD_STRA": 4, "ORD_CLAS": 2, "ORD_FLOW": 5, "HYBAS_L12": 4121577900.0, "Shape_Length": 0.0083333333333115434 }, "geometry": { "type": "MultiLineString", "coordinates": [ [ [ 107.52291666666585, 16.18541666666642 ], [ 107.52291666666585, 16.193749999999731 ] ] ] } },
{ "type": "Feature", "properties": { "HYRIV_ID": 41288342, "NEXT_DOWN": 41288341, "MAIN_RIV": 41280242, "LENGTH_KM": 0.67, "DIST_DN_KM": 62.700001, "DIST_UP_KM": 3.3, "CATCH_SKM": 2.06, "UPLAND_SKM": 2.1, "ENDORHEIC": 0, "DIS_AV_CMS": 0.116, "ORD_STRA": 1, "ORD_CLAS": 4, "ORD_FLOW": 7, "HYBAS_L12": 4121578360.0, "Shape_Length": 0.0062500000000795808 }, "geometry": { "type": "MultiLineString", "coordinates": [ [ [ 107.52916666666593, 16.18541666666642 ], [ 107.52291666666585, 16.18541666666642 ] ] ] } },
{ "type": "Feature", "properties": { "HYRIV_ID": 41288343, "NEXT_DOWN": 41288594, "MAIN_RIV": 41280242, "LENGTH_KM": 3.3, "DIST_DN_KM": 67.0, "DIST_UP_KM": 7.2, "CATCH_SKM": 4.9499998, "UPLAND_SKM": 12.0, "ENDORHEIC": 0, "DIS_AV_CMS": 0.7, "ORD_STRA": 2, "ORD_CLAS": 3, "ORD_FLOW": 7, "HYBAS_L12": 4121099030.0, "Shape_Length": 0.030177669529646289 }, "geometry": { "type": "MultiLineString", "coordinates": [ [ [ 107.722916666665895, 16.206249999999748 ], [ 107.722916666665895, 16.202083333333086 ], [ 107.718749999999233, 16.202083333333086 ], [ 107.71458333333257, 16.197916666666394 ], [ 107.71458333333257, 16.193749999999731 ], [ 107.722916666665895, 16.18541666666642 ] ] ] } },
{ "type": "Feature", "properties": { "HYRIV_ID": 41288344, "NEXT_DOWN": 41288594, "MAIN_RIV": 41280242, "LENGTH_KM": 0.64, "DIST_DN_KM": 67.0, "DIST_UP_KM": 7.5, "CATCH_SKM": 0.21, "UPLAND_SKM": 25.6, "ENDORHEIC": 0, "DIS_AV_CMS": 1.506, "ORD_STRA": 2, "ORD_CLAS": 2, "ORD_FLOW": 6, "HYBAS_L12": 4121099030.0, "Shape_Length": 0.0058925565098724882 }, "geometry": { "type": "MultiLineString", "coordinates": [ [ [ 107.727083333332558, 16.189583333333069 ], [ 107.722916666665895, 16.18541666666642 ] ] ] } },
{ "type": "Feature", "properties": { "HYRIV_ID": 41288422, "NEXT_DOWN": 41288423, "MAIN_RIV": 41280242, "LENGTH_KM": 0.67, "DIST_DN_KM": 66.199997, "DIST_UP_KM": 2.4, "CATCH_SKM": 2.47, "UPLAND_SKM": 2.5, "ENDORHEIC": 0, "DIS_AV_CMS": 0.141, "ORD_STRA": 1, "ORD_CLAS": 3, "ORD_FLOW": 7, "HYBAS_L12": 4121577910.0, "Shape_Length": 0.0062500000000227374 }, "geometry": { "type": "MultiLineString", "coordinates": [ [ [ 107.591666666665873, 16.181249999999757 ], [ 107.597916666665895, 16.181249999999757 ] ] ] } },
{ "type": "Feature", "properties": { "HYRIV_ID": 41288423, "NEXT_DOWN": 41288194, "MAIN_RIV": 41280242, "LENGTH_KM": 1.5700001, "DIST_DN_KM": 64.800003, "DIST_UP_KM": 9.9, "CATCH_SKM": 2.06, "UPLAND_SKM": 29.9, "ENDORHEIC": 0, "DIS_AV_CMS": 1.719, "ORD_STRA": 2, "ORD_CLAS": 2, "ORD_FLOW": 6, "HYBAS_L12": 4121577910.0, "Shape_Length": 0.014225889843234274 }, "geometry": { "type": "MultiLineString", "coordinates": [ [ [ 107.597916666665895, 16.181249999999757 ], [ 107.597916666665895, 16.189583333333069 ], [ 107.602083333332615, 16.193749999999731 ] ] ] } },
{ "type": "Feature", "properties": { "HYRIV_ID": 41288424, "NEXT_DOWN": 41288017, "MAIN_RIV": 41280242, "LENGTH_KM": 2.6700001, "DIST_DN_KM": 58.5, "DIST_UP_KM": 32.700001, "CATCH_SKM": 8.04, "UPLAND_SKM": 487.5, "ENDORHEIC": 0, "DIS_AV_CMS": 29.4, "ORD_STRA": 5, "ORD_CLAS": 1, "ORD_FLOW": 5, "HYBAS_L12": 4121577910.0, "Shape_Length": 0.024285113019852464 }, "geometry": { "type": "MultiLineString", "coordinates": [ [ [ 107.68124999999921, 16.181249999999757 ], [ 107.68124999999921, 16.18541666666642 ], [ 107.67708333333249, 16.189583333333069 ], [ 107.68124999999921, 16.193749999999731 ], [ 107.68124999999921, 16.202083333333086 ] ] ] } },
{ "type": "Feature", "properties": { "HYRIV_ID": 41288425, "NEXT_DOWN": 41288344, "MAIN_RIV": 41280242, "LENGTH_KM": 3.04, "DIST_DN_KM": 67.5, "DIST_UP_KM": 4.8, "CATCH_SKM": 7.21, "UPLAND_SKM": 7.2, "ENDORHEIC": 0, "DIS_AV_CMS": 0.42500001, "ORD_STRA": 1, "ORD_CLAS": 3, "ORD_FLOW": 7, "HYBAS_L12": 4121099030.0, "Shape_Length": 0.028094336196266334 }, "geometry": { "type": "MultiLineString", "coordinates": [ [ [ 107.749999999999176, 16.18541666666642 ], [ 107.743749999999267, 16.18541666666642 ], [ 107.739583333332604, 16.181249999999757 ], [ 107.731249999999278, 16.189583333333069 ], [ 107.727083333332558, 16.189583333333069 ] ] ] } },
{ "type": "Feature", "properties": { "HYRIV_ID": 41288515, "NEXT_DOWN": 41288341, "MAIN_RIV": 41280242, "LENGTH_KM": 0.93, "DIST_DN_KM": 62.700001, "DIST_UP_KM": 23.8, "CATCH_SKM": 1.03, "UPLAND_SKM": 195.89999, "ENDORHEIC": 0, "DIS_AV_CMS": 11.237, "ORD_STRA": 3, "ORD_CLAS": 2, "ORD_FLOW": 5, "HYBAS_L12": 4121578360.0, "Shape_Length": 0.0083333333333257542 }, "geometry": { "type": "MultiLineString", "coordinates": [ [ [ 107.52291666666585, 16.177083333333094 ], [ 107.52291666666585, 16.18541666666642 ] ] ] } },
{ "type": "Feature", "properties": { "HYRIV_ID": 41288516, "NEXT_DOWN": 41288424, "MAIN_RIV": 41280242, "LENGTH_KM": 0.64, "DIST_DN_KM": 61.3, "DIST_UP_KM": 29.9, "CATCH_SKM": 0.21, "UPLAND_SKM": 472.20001, "ENDORHEIC": 0, "DIS_AV_CMS": 28.440001, "ORD_STRA": 5, "ORD_CLAS": 1, "ORD_FLOW": 5, "HYBAS_L12": 4121577910.0, "Shape_Length": 0.0058925565098825365 }, "geometry": { "type": "MultiLineString", "coordinates": [ [ [ 107.685416666665873, 16.177083333333094 ], [ 107.68124999999921, 16.181249999999757 ] ] ] } },
{ "type": "Feature", "properties": { "HYRIV_ID": 41288592, "NEXT_DOWN": 41288107, "MAIN_RIV": 41280242, "LENGTH_KM": 3.6400001, "DIST_DN_KM": 61.3, "DIST_UP_KM": 5.5, "CATCH_SKM": 11.96, "UPLAND_SKM": 12.0, "ENDORHEIC": 0, "DIS_AV_CMS": 0.69199997, "ORD_STRA": 1, "ORD_CLAS": 3, "ORD_FLOW": 7, "HYBAS_L12": 4121577910.0, "Shape_Length": 0.033123947784497121 }, "geometry": { "type": "MultiLineString", "coordinates": [ [ [ 107.637499999999221, 16.170833333333114 ], [ 107.631249999999312, 16.177083333333094 ], [ 107.631249999999312, 16.181249999999757 ], [ 107.627083333332649, 16.18541666666642 ], [ 107.631249999999312, 16.189583333333069 ], [ 107.631249999999312, 16.197916666666394 ] ] ] } },
{ "type": "Feature", "properties": { "HYRIV_ID": 41288593, "NEXT_DOWN": 41288516, "MAIN_RIV": 41280242, "LENGTH_KM": 2.87, "DIST_DN_KM": 61.8, "DIST_UP_KM": 29.4, "CATCH_SKM": 8.6599998, "UPLAND_SKM": 243.10001, "ENDORHEIC": 0, "DIS_AV_CMS": 14.655, "ORD_STRA": 4, "ORD_CLAS": 1, "ORD_FLOW": 5, "HYBAS_L12": 4121099030.0, "Shape_Length": 0.026725889843273863 }, "geometry": { "type": "MultiLineString", "coordinates": [ [ [ 107.710416666665907, 16.172916666666403 ], [ 107.693749999999199, 16.172916666666403 ], [ 107.689583333332536, 16.177083333333094 ], [ 107.685416666665873, 16.177083333333094 ] ] ] } },
{ "type": "Feature", "properties": { "HYRIV_ID": 41288594, "NEXT_DOWN": 41288593, "MAIN_RIV": 41280242, "LENGTH_KM": 2.1900001, "DIST_DN_KM": 64.599998, "DIST_UP_KM": 9.9, "CATCH_SKM": 3.71, "UPLAND_SKM": 41.200001, "ENDORHEIC": 0, "DIS_AV_CMS": 2.428, "ORD_STRA": 3, "ORD_CLAS": 2, "ORD_FLOW": 6, "HYBAS_L12": 4121099030.0, "Shape_Length": 0.020118446353110924 }, "geometry": { "type": "MultiLineString", "coordinates": [ [ [ 107.722916666665895, 16.18541666666642 ], [ 107.718749999999233, 16.181249999999757 ], [ 107.718749999999233, 16.177083333333094 ], [ 107.71458333333257, 16.172916666666403 ], [ 107.710416666665907, 16.172916666666403 ] ] ] } },
{ "type": "Feature", "properties": { "HYRIV_ID": 41288595, "NEXT_DOWN": 41288889, "MAIN_RIV": 41280242, "LENGTH_KM": 1.61, "DIST_DN_KM": 70.699997, "DIST_UP_KM": 3.3, "CATCH_SKM": 3.9200001, "UPLAND_SKM": 3.9, "ENDORHEIC": 0, "DIS_AV_CMS": 0.23100001, "ORD_STRA": 1, "ORD_CLAS": 3, "ORD_FLOW": 7, "HYBAS_L12": 4121099030.0, "Shape_Length": 0.014731391274746536 }, "geometry": { "type": "MultiLineString", "coordinates": [ [ [ 107.762499999999278, 16.183333333333088 ], [ 107.752083333332592, 16.172916666666403 ] ] ] } },
{ "type": "Feature", "properties": { "HYRIV_ID": 41288596, "NEXT_DOWN": 41288889, "MAIN_RIV": 41280242, "LENGTH_KM": 1.56, "DIST_DN_KM": 70.5, "DIST_UP_KM": 3.7, "CATCH_SKM": 2.8900001, "UPLAND_SKM": 2.9, "ENDORHEIC": 0, "DIS_AV_CMS": 0.171, "ORD_STRA": 1, "ORD_CLAS": 2, "ORD_FLOW": 7, "HYBAS_L12": 4121099030.0, "Shape_Length": 0.014583333333291648 }, "geometry": { "type": "MultiLineString", "coordinates": [ [ [ 107.766666666665884, 16.172916666666403 ], [ 107.752083333332592, 16.172916666666403 ] ] ] } },
{ "type": "Feature", "properties": { "HYRIV_ID": 41288700, "NEXT_DOWN": 41288515, "MAIN_RIV": 41280242, "LENGTH_KM": 3.06, "DIST_DN_KM": 63.900002, "DIST_UP_KM": 5.9, "CATCH_SKM": 5.98, "UPLAND_SKM": 13.6, "ENDORHEIC": 0, "DIS_AV_CMS": 0.769, "ORD_STRA": 2, "ORD_CLAS": 3, "ORD_FLOW": 7, "HYBAS_L12": 4121578360.0, "Shape_Length": 0.028451779686463376 }, "geometry": { "type": "MultiLineString", "coordinates": [ [ [ 107.547916666665884, 16.168749999999783 ], [ 107.543749999999221, 16.168749999999783 ], [ 107.539583333332558, 16.172916666666403 ], [ 107.527083333332513, 16.172916666666403 ], [ 107.52291666666585, 16.177083333333094 ] ] ] } },
{ "type": "Feature", "properties": { "HYRIV_ID": 41288701, "NEXT_DOWN": 41288700, "MAIN_RIV": 41280242, "LENGTH_KM": 1.61, "DIST_DN_KM": 66.900002, "DIST_UP_KM": 2.8, "CATCH_SKM": 5.1500001, "UPLAND_SKM": 5.2, "ENDORHEIC": 0, "DIS_AV_CMS": 0.292, "ORD_STRA": 1, "ORD_CLAS": 3, "ORD_FLOW": 7, "HYBAS_L12": 4121578360.0, "Shape_Length": 0.014731391274676197 }, "geometry": { "type": "MultiLineString", "coordinates": [ [ [ 107.558333333332513, 16.179166666666426 ], [ 107.547916666665884, 16.168749999999783 ] ] ] } },
{ "type": "Feature", "properties": { "HYRIV_ID": 41288702, "NEXT_DOWN": 41288700, "MAIN_RIV": 41280242, "LENGTH_KM": 0.67, "DIST_DN_KM": 66.699997, "DIST_UP_KM": 2.4, "CATCH_SKM": 2.47, "UPLAND_SKM": 2.5, "ENDORHEIC": 0, "DIS_AV_CMS": 0.14, "ORD_STRA": 1, "ORD_CLAS": 4, "ORD_FLOW": 7, "HYBAS_L12": 4121578360.0, "Shape_Length": 0.0062500000000795808 }, "geometry": { "type": "MultiLineString", "coordinates": [ [ [ 107.554166666665964, 16.168749999999783 ], [ 107.547916666665884, 16.168749999999783 ] ] ] } },
{ "type": "Feature", "properties": { "HYRIV_ID": 41288703, "NEXT_DOWN": 41288423, "MAIN_RIV": 41280242, "LENGTH_KM": 1.75, "DIST_DN_KM": 66.400002, "DIST_UP_KM": 8.3, "CATCH_SKM": 2.8900001, "UPLAND_SKM": 25.4, "ENDORHEIC": 0, "DIS_AV_CMS": 1.4579999, "ORD_STRA": 2, "ORD_CLAS": 2, "ORD_FLOW": 6, "HYBAS_L12": 4121577910.0, "Shape_Length": 0.015951779686426228 }, "geometry": { "type": "MultiLineString", "coordinates": [ [ [ 107.597916666665895, 16.168749999999783 ], [ 107.593749999999233, 16.172916666666403 ], [ 107.593749999999233, 16.177083333333094 ], [ 107.597916666665895, 16.181249999999757 ] ] ] } },
{ "type": "Feature", "properties": { "HYRIV_ID": 41288704, "NEXT_DOWN": 41288703, "MAIN_RIV": 41280242, "LENGTH_KM": 2.76, "DIST_DN_KM": 67.900002, "DIST_UP_KM": 4.7, "CATCH_SKM": 8.04, "UPLAND_SKM": 8.0, "ENDORHEIC": 0, "DIS_AV_CMS": 0.46200001, "ORD_STRA": 1, "ORD_CLAS": 3, "ORD_FLOW": 7, "HYBAS_L12": 4121577910.0, "Shape_Length": 0.025505501431429232 }, "geometry": { "type": "MultiLineString", "coordinates": [ [ [ 107.61666666666585, 16.166666666666409 ], [ 107.610416666665941, 16.172916666666403 ], [ 107.602083333332615, 16.172916666666403 ], [ 107.602083333332615, 16.168749999999783 ], [ 107.597916666665895, 16.168749999999783 ] ] ] } },
{ "type": "Feature", "properties": { "HYRIV_ID": 41288705, "NEXT_DOWN": 41288424, "MAIN_RIV": 41280242, "LENGTH_KM": 2.51, "DIST_DN_KM": 61.099998, "DIST_UP_KM": 4.1, "CATCH_SKM": 7.2199998, "UPLAND_SKM": 7.2, "ENDORHEIC": 0, "DIS_AV_CMS": 0.42, "ORD_STRA": 1, "ORD_CLAS": 2, "ORD_FLOW": 7, "HYBAS_L12": 4121577910.0, "Shape_Length": 0.023064724608015445 }, "geometry": { "type": "MultiLineString", "coordinates": [ [ [ 107.666666666665918, 16.166666666666409 ], [ 107.672916666665884, 16.172916666666403 ], [ 107.67708333333249, 16.172916666666403 ], [ 107.68124999999921, 16.177083333333094 ], [ 107.68124999999921, 16.181249999999757 ] ] ] } },
{ "type": "Feature", "properties": { "HYRIV_ID": 41288706, "NEXT_DOWN": 41288593, "MAIN_RIV": 41280242, "LENGTH_KM": 0.64, "DIST_DN_KM": 64.800003, "DIST_UP_KM": 26.4, "CATCH_SKM": 1.4400001, "UPLAND_SKM": 193.2, "ENDORHEIC": 0, "DIS_AV_CMS": 11.678, "ORD_STRA": 3, "ORD_CLAS": 1, "ORD_FLOW": 5, "HYBAS_L12": 4121099030.0, "Shape_Length": 0.0058925565098523914 }, "geometry": { "type": "MultiLineString", "coordinates": [ [ [ 107.71458333333257, 16.168749999999783 ], [ 107.710416666665907, 16.172916666666403 ] ] ] } },
{ "type": "Feature", "properties": { "HYRIV_ID": 41288707, "NEXT_DOWN": 41288889, "MAIN_RIV": 41280242, "LENGTH_KM": 0.96, "DIST_DN_KM": 70.699997, "DIST_UP_KM": 2.4, "CATCH_SKM": 2.6800001, "UPLAND_SKM": 2.7, "ENDORHEIC": 0, "DIS_AV_CMS": 0.159, "ORD_STRA": 1, "ORD_CLAS": 4, "ORD_FLOW": 7, "HYBAS_L12": 4121099030.0, "Shape_Length": 0.0088388347648037068 }, "geometry": { "type": "MultiLineString", "coordinates": [ [ [ 107.758333333332558, 16.166666666666409 ], [ 107.752083333332592, 16.172916666666403 ] ] ] } },
{ "type": "Feature", "properties": { "HYRIV_ID": 41288786, "NEXT_DOWN": 41288884, "MAIN_RIV": 41280242, "LENGTH_KM": 3.1400001, "DIST_DN_KM": 71.199997, "DIST_UP_KM": 5.0, "CATCH_SKM": 5.3600001, "UPLAND_SKM": 5.4, "ENDORHEIC": 0, "DIS_AV_CMS": 0.292, "ORD_STRA": 1, "ORD_CLAS": 4, "ORD_FLOW": 7, "HYBAS_L12": 4121578360.0, "Shape_Length": 0.028957281117995021 }, "geometry": { "type": "MultiLineString", "coordinates": [ [ [ 107.458333333332661, 16.179166666666426 ], [ 107.452083333332581, 16.172916666666403 ], [ 107.460416666665907, 16.164583333333077 ], [ 107.468749999999233, 16.164583333333077 ] ] ] } },
{ "type": "Feature", "properties": { "HYRIV_ID": 41288787, "NEXT_DOWN": 41288884, "MAIN_RIV": 41280242, "LENGTH_KM": 0.69, "DIST_DN_KM": 71.199997, "DIST_UP_KM": 2.9, "CATCH_SKM": 2.47, "UPLAND_SKM": 2.5, "ENDORHEIC": 0, "DIS_AV_CMS": 0.13500001, "ORD_STRA": 1, "ORD_CLAS": 5, "ORD_FLOW": 7, "HYBAS_L12": 4121578360.0, "Shape_Length": 0.0062500000000369482 }, "geometry": { "type": "MultiLineString", "coordinates": [ [ [ 107.468749999999233, 16.170833333333114 ], [ 107.468749999999233, 16.164583333333077 ] ] ] } },
{ "type": "Feature", "properties": { "HYRIV_ID": 41288788, "NEXT_DOWN": 41288975, "MAIN_RIV": 41280242, "LENGTH_KM": 0.96, "DIST_DN_KM": 80.5, "DIST_UP_KM": 2.2, "CATCH_SKM": 2.47, "UPLAND_SKM": 2.5, "ENDORHEIC": 0, "DIS_AV_CMS": 0.146, "ORD_STRA": 1, "ORD_CLAS": 3, "ORD_FLOW": 7, "HYBAS_L12": 4121099030.0, "Shape_Length": 0.0088388347648740481 }, "geometry": { "type": "MultiLineString", "coordinates": [ [ [ 107.804166666665907, 16.170833333333114 ], [ 107.797916666665884, 16.164583333333077 ] ] ] } },
{ "type": "Feature", "properties": { "HYRIV_ID": 41288789, "NEXT_DOWN": 41288975, "MAIN_RIV": 41280242, "LENGTH_KM": 1.85, "DIST_DN_KM": 80.300003, "DIST_UP_KM": 3.3, "CATCH_SKM": 4.9499998, "UPLAND_SKM": 4.9, "ENDORHEIC": 0, "DIS_AV_CMS": 0.29300001, "ORD_STRA": 1, "ORD_CLAS": 2, "ORD_FLOW": 7, "HYBAS_L12": 4121099030.0, "Shape_Length": 0.017172168098239998 }, "geometry": { "type": "MultiLineString", "coordinates": [ [ [ 107.812499999999289, 16.170833333333114 ], [ 107.80624999999921, 16.164583333333077 ], [ 107.797916666665884, 16.164583333333077 ] ] ] } },
{ "type": "Feature", "properties": { "HYRIV_ID": 41288883, "NEXT_DOWN": 41289067, "MAIN_RIV": 41280242, "LENGTH_KM": 2.4, "DIST_DN_KM": 74.199997, "DIST_UP_KM": 3.7, "CATCH_SKM": 5.77, "UPLAND_SKM": 5.8, "ENDORHEIC": 0, "DIS_AV_CMS": 0.31200001, "ORD_STRA": 1, "ORD_CLAS": 5, "ORD_FLOW": 7, "HYBAS_L12": 4121578360.0, "Shape_Length": 0.022201779686521025 }, "geometry": { "type": "MultiLineString", "coordinates": [ [ [ 107.42916666666585, 16.168749999999783 ], [ 107.439583333332536, 16.168749999999783 ], [ 107.447916666665918, 16.160416666666414 ] ] ] } },
{ "type": "Feature", "properties": { "HYRIV_ID": 41288884, "NEXT_DOWN": 41288885, "MAIN_RIV": 41280242, "LENGTH_KM": 0.46, "DIST_DN_KM": 70.800003, "DIST_UP_KM": 5.4, "CATCH_SKM": 0.41, "UPLAND_SKM": 8.2, "ENDORHEIC": 0, "DIS_AV_CMS": 0.449, "ORD_STRA": 2, "ORD_CLAS": 4, "ORD_FLOW": 7, "HYBAS_L12": 4121578360.0, "Shape_Length": 0.0041666666666628771 }, "geometry": { "type": "MultiLineString", "coordinates": [ [ [ 107.468749999999233, 16.164583333333077 ], [ 107.468749999999233, 16.160416666666414 ] ] ] } },
{ "type": "Feature", "properties": { "HYRIV_ID": 41288885, "NEXT_DOWN": 41288341, "MAIN_RIV": 41280242, "LENGTH_KM": 8.0299997, "DIST_DN_KM": 62.900002, "DIST_UP_KM": 18.8, "CATCH_SKM": 18.139999, "UPLAND_SKM": 76.699997, "ENDORHEIC": 0, "DIS_AV_CMS": 4.217, "ORD_STRA": 3, "ORD_CLAS": 3, "ORD_FLOW": 6, "HYBAS_L12": 4121578360.0, "Shape_Length": 0.073866341922311923 }, "geometry": { "type": "MultiLineString", "coordinates": [ [ [ 107.468749999999233, 16.160416666666414 ], [ 107.477083333332615, 16.168749999999783 ], [ 107.477083333332615, 16.172916666666403 ], [ 107.481249999999164, 16.177083333333094 ], [ 107.485416666665941, 16.172916666666403 ], [ 107.489583333332604, 16.172916666666403 ], [ 107.493749999999267, 16.177083333333094 ], [ 107.497916666665816, 16.177083333333094 ], [ 107.502083333332649, 16.172916666666403 ], [ 107.506249999999199, 16.172916666666403 ], [ 107.510416666665861, 16.177083333333094 ], [ 107.514583333332638, 16.177083333333094 ], [ 107.52291666666585, 16.18541666666642 ] ] ] } },
{ "type": "Feature", "properties": { "HYRIV_ID": 41288886, "NEXT_DOWN": 41288515, "MAIN_RIV": 41280242, "LENGTH_KM": 2.03, "DIST_DN_KM": 63.900002, "DIST_UP_KM": 22.700001, "CATCH_SKM": 2.27, "UPLAND_SKM": 181.3, "ENDORHEIC": 0, "DIS_AV_CMS": 10.399, "ORD_STRA": 3, "ORD_CLAS": 2, "ORD_FLOW": 5, "HYBAS_L12": 4121578360.0, "Shape_Length": 0.018392556509891266 }, "geometry": { "type": "MultiLineString", "coordinates": [ [ [ 107.518749999999187, 16.160416666666414 ], [ 107.518749999999187, 16.172916666666403 ], [ 107.52291666666585, 16.177083333333094 ] ] ] } },
{ "type": "Feature", "properties": { "HYRIV_ID": 41288887, "NEXT_DOWN": 41288706, "MAIN_RIV": 41280242, "LENGTH_KM": 1.34, "DIST_DN_KM": 65.5, "DIST_UP_KM": 2.9, "CATCH_SKM": 2.47, "UPLAND_SKM": 2.5, "ENDORHEIC": 0, "DIS_AV_CMS": 0.146, "ORD_STRA": 1, "ORD_CLAS": 2, "ORD_FLOW": 7, "HYBAS_L12": 4121099030.0, "Shape_Length": 0.012142556509892787 }, "geometry": { "type": "MultiLineString", "coordinates": [ [ [ 107.718749999999233, 16.158333333333097 ], [ 107.718749999999233, 16.164583333333077 ], [ 107.71458333333257, 16.168749999999783 ] ] ] } },
{ "type": "Feature", "properties": { "HYRIV_ID": 41288888, "NEXT_DOWN": 41288706, "MAIN_RIV": 41280242, "LENGTH_KM": 2.0, "DIST_DN_KM": 65.300003, "DIST_UP_KM": 25.9, "CATCH_SKM": 2.8900001, "UPLAND_SKM": 189.3, "ENDORHEIC": 0, "DIS_AV_CMS": 11.441, "ORD_STRA": 3, "ORD_CLAS": 1, "ORD_FLOW": 5, "HYBAS_L12": 4121099030.0, "Shape_Length": 0.018392556509901313 }, "geometry": { "type": "MultiLineString", "coordinates": [ [ [ 107.727083333332558, 16.160416666666414 ], [ 107.727083333332558, 16.164583333333077 ], [ 107.722916666665895, 16.168749999999783 ], [ 107.71458333333257, 16.168749999999783 ] ] ] } },
{ "type": "Feature", "properties": { "HYRIV_ID": 41288889, "NEXT_DOWN": 41288888, "MAIN_RIV": 41280242, "LENGTH_KM": 3.26, "DIST_DN_KM": 67.300003, "DIST_UP_KM": 7.0, "CATCH_SKM": 3.3, "UPLAND_SKM": 12.8, "ENDORHEIC": 0, "DIS_AV_CMS": 0.75700003, "ORD_STRA": 2, "ORD_CLAS": 2, "ORD_FLOW": 7, "HYBAS_L12": 4121099030.0, "Shape_Length": 0.030177669529693082 }, "geometry": { "type": "MultiLineString", "coordinates": [ [ [ 107.752083333332592, 16.172916666666403 ], [ 107.743749999999267, 16.164583333333077 ], [ 107.735416666665941, 16.164583333333077 ], [ 107.731249999999278, 16.160416666666414 ], [ 107.727083333332558, 16.160416666666414 ] ] ] } },
{ "type": "Feature", "properties": { "HYRIV_ID": 41288890, "NEXT_DOWN": 41289375, "MAIN_RIV": 41280242, "LENGTH_KM": 2.26, "DIST_DN_KM": 87.199997, "DIST_UP_KM": 4.0, "CATCH_SKM": 6.39, "UPLAND_SKM": 6.4, "ENDORHEIC": 0, "DIS_AV_CMS": 0.37900001, "ORD_STRA": 1, "ORD_CLAS": 1, "ORD_FLOW": 7, "HYBAS_L12": 4121099030.0, "Shape_Length": 0.020475889843243514 }, "geometry": { "type": "MultiLineString", "coordinates": [ [ [ 107.852083333332558, 16.179166666666426 ], [ 107.852083333332558, 16.172916666666403 ], [ 107.856249999999221, 16.168749999999783 ], [ 107.856249999999221, 16.160416666666414 ] ] ] } },
{ "type": "Feature", "properties": { "HYRIV_ID": 41288891, "NEXT_DOWN": 41289375, "MAIN_RIV": 41280242, "LENGTH_KM": 0.96, "DIST_DN_KM": 87.400002, "DIST_UP_KM": 2.5, "CATCH_SKM": 4.33, "UPLAND_SKM": 4.3, "ENDORHEIC": 0, "DIS_AV_CMS": 0.25600001, "ORD_STRA": 1, "ORD_CLAS": 2, "ORD_FLOW": 7, "HYBAS_L12": 4121099030.0, "Shape_Length": 0.0088388347648037068 }, "geometry": { "type": "MultiLineString", "coordinates": [ [ [ 107.862499999999187, 16.166666666666409 ], [ 107.856249999999221, 16.160416666666414 ] ] ] } },
{ "type": "Feature", "properties": { "HYRIV_ID": 41288972, "NEXT_DOWN": 41288886, "MAIN_RIV": 41280242, "LENGTH_KM": 0.64, "DIST_DN_KM": 65.900002, "DIST_UP_KM": 20.700001, "CATCH_SKM": 0.82, "UPLAND_SKM": 170.60001, "ENDORHEIC": 0, "DIS_AV_CMS": 9.7810001, "ORD_STRA": 3, "ORD_CLAS": 2, "ORD_FLOW": 6, "HYBAS_L12": 4121578500.0, "Shape_Length": 0.0058925565098724882 }, "geometry": { "type": "MultiLineString", "coordinates": [ [ [ 107.52291666666585, 16.156249999999766 ], [ 107.518749999999187, 16.160416666666414 ] ] ] } },
{ "type": "Feature", "properties": { "HYRIV_ID": 41288973, "NEXT_DOWN": 41288972, "MAIN_RIV": 41280242, "LENGTH_KM": 1.28, "DIST_DN_KM": 66.5, "DIST_UP_KM": 12.7, "CATCH_SKM": 1.4400001, "UPLAND_SKM": 51.3, "ENDORHEIC": 0, "DIS_AV_CMS": 2.944, "ORD_STRA": 2, "ORD_CLAS": 3, "ORD_FLOW": 6, "HYBAS_L12": 4121578500.0, "Shape_Length": 0.01178511301978517 }, "geometry": { "type": "MultiLineString", "coordinates": [ [ [ 107.531249999999233, 16.156249999999766 ], [ 107.527083333332513, 16.160416666666414 ], [ 107.52291666666585, 16.156249999999766 ] ] ] } },
{ "type": "Feature", "properties": { "HYRIV_ID": 41288974, "NEXT_DOWN": 41289373, "MAIN_RIV": 41280242, "LENGTH_KM": 0.67, "DIST_DN_KM": 79.199997, "DIST_UP_KM": 2.8, "CATCH_SKM": 2.27, "UPLAND_SKM": 2.3, "ENDORHEIC": 0, "DIS_AV_CMS": 0.134, "ORD_STRA": 1, "ORD_CLAS": 3, "ORD_FLOW": 7, "HYBAS_L12": 4121099030.0, "Shape_Length": 0.0062499999999658939 }, "geometry": { "type": "MultiLineString", "coordinates": [ [ [ 107.787499999999255, 16.156249999999766 ], [ 107.793749999999221, 16.156249999999766 ] ] ] } },
{ "type": "Feature", "properties": { "HYRIV_ID": 41288975, "NEXT_DOWN": 41289373, "MAIN_RIV": 41280242, "LENGTH_KM": 1.11, "DIST_DN_KM": 79.400002, "DIST_UP_KM": 4.2, "CATCH_SKM": 2.8900001, "UPLAND_SKM": 10.3, "ENDORHEIC": 0, "DIS_AV_CMS": 0.611, "ORD_STRA": 2, "ORD_CLAS": 2, "ORD_FLOW": 7, "HYBAS_L12": 4121099030.0, "Shape_Length": 0.010059223176535365 }, "geometry": { "type": "MultiLineString", "coordinates": [ [ [ 107.797916666665884, 16.164583333333077 ], [ 107.797916666665884, 16.160416666666414 ], [ 107.793749999999221, 16.156249999999766 ] ] ] } },
{ "type": "Feature", "properties": { "HYRIV_ID": 41289067, "NEXT_DOWN": 41289068, "MAIN_RIV": 41280242, "LENGTH_KM": 2.1700001, "DIST_DN_KM": 71.900002, "DIST_UP_KM": 6.9, "CATCH_SKM": 4.33, "UPLAND_SKM": 21.9, "ENDORHEIC": 0, "DIS_AV_CMS": 1.186, "ORD_STRA": 2, "ORD_CLAS": 4, "ORD_FLOW": 6, "HYBAS_L12": 4121578360.0, "Shape_Length": 0.020118446353110924 }, "geometry": { "type": "MultiLineString", "coordinates": [ [ [ 107.447916666665918, 16.160416666666414 ], [ 107.452083333332581, 16.156249999999766 ], [ 107.456249999999244, 16.156249999999766 ], [ 107.460416666665907, 16.15208333333306 ], [ 107.46458333333257, 16.15208333333306 ] ] ] } },
{ "type": "Feature", "properties": { "HYRIV_ID": 41289068, "NEXT_DOWN": 41288885, "MAIN_RIV": 41280242, "LENGTH_KM": 1.11, "DIST_DN_KM": 70.800003, "DIST_UP_KM": 10.9, "CATCH_SKM": 1.03, "UPLAND_SKM": 50.3, "ENDORHEIC": 0, "DIS_AV_CMS": 2.756, "ORD_STRA": 3, "ORD_CLAS": 3, "ORD_FLOW": 6, "HYBAS_L12": 4121578360.0, "Shape_Length": 0.010059223176561348 }, "geometry": { "type": "MultiLineString", "coordinates": [ [ [ 107.46458333333257, 16.15208333333306 ], [ 107.468749999999233, 16.156249999999766 ], [ 107.468749999999233, 16.160416666666414 ] ] ] } },
{ "type": "Feature", "properties": { "HYRIV_ID": 41289069, "NEXT_DOWN": 41288888, "MAIN_RIV": 41280242, "LENGTH_KM": 0.93, "DIST_DN_KM": 67.300003, "DIST_UP_KM": 23.9, "CATCH_SKM": 1.86, "UPLAND_SKM": 173.60001, "ENDORHEIC": 0, "DIS_AV_CMS": 10.492, "ORD_STRA": 3, "ORD_CLAS": 1, "ORD_FLOW": 5, "HYBAS_L12": 4121099030.0, "Shape_Length": 0.0083333333333541759 }, "geometry": { "type": "MultiLineString", "coordinates": [ [ [ 107.727083333332558, 16.15208333333306 ], [ 107.727083333332558, 16.160416666666414 ] ] ] } },
{ "type": "Feature", "properties": { "HYRIV_ID": 41289167, "NEXT_DOWN": 41289168, "MAIN_RIV": 41280242, "LENGTH_KM": 0.67, "DIST_DN_KM": 76.199997, "DIST_UP_KM": 2.0, "CATCH_SKM": 3.09, "UPLAND_SKM": 3.1, "ENDORHEIC": 0, "DIS_AV_CMS": 0.167, "ORD_STRA": 1, "ORD_CLAS": 5, "ORD_FLOW": 7, "HYBAS_L12": 4121578360.0, "Shape_Length": 0.0062500000000227374 }, "geometry": { "type": "MultiLineString", "coordinates": [ [ [ 107.42916666666585, 16.147916666666397 ], [ 107.435416666665873, 16.147916666666397 ] ] ] } },
{ "type": "Feature", "properties": { "HYRIV_ID": 41289168, "NEXT_DOWN": 41289067, "MAIN_RIV": 41280242, "LENGTH_KM": 2.1900001, "DIST_DN_KM": 74.0, "DIST_UP_KM": 4.7, "CATCH_SKM": 4.9499998, "UPLAND_SKM": 11.8, "ENDORHEIC": 0, "DIS_AV_CMS": 0.63800001, "ORD_STRA": 2, "ORD_CLAS": 4, "ORD_FLOW": 7, "HYBAS_L12": 4121578360.0, "Shape_Length": 0.020118446353167767 }, "geometry": { "type": "MultiLineString", "coordinates": [ [ [ 107.435416666665873, 16.147916666666397 ], [ 107.435416666665873, 16.15208333333306 ], [ 107.443749999999199, 16.160416666666414 ], [ 107.447916666665918, 16.160416666666414 ] ] ] } },
{ "type": "Feature", "properties": { "HYRIV_ID": 41289169, "NEXT_DOWN": 41288886, "MAIN_RIV": 41280242, "LENGTH_KM": 2.6900001, "DIST_DN_KM": 65.699997, "DIST_UP_KM": 5.5, "CATCH_SKM": 8.4499998, "UPLAND_SKM": 8.5, "ENDORHEIC": 0, "DIS_AV_CMS": 0.471, "ORD_STRA": 1, "ORD_CLAS": 3, "ORD_FLOW": 7, "HYBAS_L12": 4121578360.0, "Shape_Length": 0.02479061445120841 }, "geometry": { "type": "MultiLineString", "coordinates": [ [ [ 107.499999999999233, 16.14583333333308 ], [ 107.514583333332638, 16.160416666666414 ], [ 107.518749999999187, 16.160416666666414 ] ] ] } },
{ "type": "Feature", "properties": { "HYRIV_ID": 41289170, "NEXT_DOWN": 41288973, "MAIN_RIV": 41280242, "LENGTH_KM": 1.16, "DIST_DN_KM": 67.599998, "DIST_UP_KM": 3.1, "CATCH_SKM": 3.09, "UPLAND_SKM": 3.1, "ENDORHEIC": 0, "DIS_AV_CMS": 0.174, "ORD_STRA": 1, "ORD_CLAS": 4, "ORD_FLOW": 7, "HYBAS_L12": 4121578500.0, "Shape_Length": 0.010416666666685614 }, "geometry": { "type": "MultiLineString", "coordinates": [ [ [ 107.531249999999233, 16.14583333333308 ], [ 107.531249999999233, 16.156249999999766 ] ] ] } },
{ "type": "Feature", "properties": { "HYRIV_ID": 41289171, "NEXT_DOWN": 41288973, "MAIN_RIV": 41280242, "LENGTH_KM": 2.62, "DIST_DN_KM": 67.800003, "DIST_UP_KM": 11.4, "CATCH_SKM": 7.4200001, "UPLAND_SKM": 46.8, "ENDORHEIC": 0, "DIS_AV_CMS": 2.6860001, "ORD_STRA": 2, "ORD_CLAS": 3, "ORD_FLOW": 6, "HYBAS_L12": 4121578500.0, "Shape_Length": 0.024285113019800499 }, "geometry": { "type": "MultiLineString", "coordinates": [ [ [ 107.552083333332547, 16.147916666666397 ], [ 107.547916666665884, 16.147916666666397 ], [ 107.543749999999221, 16.15208333333306 ], [ 107.535416666665839, 16.15208333333306 ], [ 107.531249999999233, 16.156249999999766 ] ] ] } },
{ "type": "Feature", "properties": { "HYRIV_ID": 41289172, "NEXT_DOWN": 41289171, "MAIN_RIV": 41280242, "LENGTH_KM": 2.05, "DIST_DN_KM": 70.199997, "DIST_UP_KM": 2.8, "CATCH_SKM": 4.7399998, "UPLAND_SKM": 4.7, "ENDORHEIC": 0, "DIS_AV_CMS": 0.27, "ORD_STRA": 1, "ORD_CLAS": 4, "ORD_FLOW": 7, "HYBAS_L12": 4121578500.0, "Shape_Length": 0.018898057941379269 }, "geometry": { "type": "MultiLineString", "coordinates": [ [ [ 107.566666666665839, 16.158333333333097 ], [ 107.55624999999921, 16.147916666666397 ], [ 107.552083333332547, 16.147916666666397 ] ] ] } },
{ "type": "Feature", "properties": { "HYRIV_ID": 41289173, "NEXT_DOWN": 41288516, "MAIN_RIV": 41280242, "LENGTH_KM": 3.4200001, "DIST_DN_KM": 61.8, "DIST_UP_KM": 23.0, "CATCH_SKM": 6.39, "UPLAND_SKM": 228.89999, "ENDORHEIC": 0, "DIS_AV_CMS": 13.759, "ORD_STRA": 4, "ORD_CLAS": 2, "ORD_FLOW": 5, "HYBAS_L12": 4121099080.0, "Shape_Length": 0.030892556509904155 }, "geometry": { "type": "MultiLineString", "coordinates": [ [ [ 107.689583333332536, 16.147916666666397 ], [ 107.689583333332536, 16.164583333333077 ], [ 107.685416666665873, 16.168749999999783 ], [ 107.685416666665873, 16.177083333333094 ] ] ] } },
{ "type": "Feature", "properties": { "HYRIV_ID": 41289174, "NEXT_DOWN": 41289069, "MAIN_RIV": 41280242, "LENGTH_KM": 0.64, "DIST_DN_KM": 68.400002, "DIST_UP_KM": 22.8, "CATCH_SKM": 0.41, "UPLAND_SKM": 169.10001, "ENDORHEIC": 0, "DIS_AV_CMS": 10.213, "ORD_STRA": 3, "ORD_CLAS": 1, "ORD_FLOW": 5, "HYBAS_L12": 4121099030.0, "Shape_Length": 0.005892556509922731 }, "geometry": { "type": "MultiLineString", "coordinates": [ [ [ 107.731249999999278, 16.147916666666397 ], [ 107.727083333332558, 16.15208333333306 ] ] ] } },
{ "type": "Feature", "properties": { "HYRIV_ID": 41289270, "NEXT_DOWN": 41289168, "MAIN_RIV": 41280242, "LENGTH_KM": 0.69, "DIST_DN_KM": 76.199997, "DIST_UP_KM": 2.5, "CATCH_SKM": 3.71, "UPLAND_SKM": 3.7, "ENDORHEIC": 0, "DIS_AV_CMS": 0.20200001, "ORD_STRA": 1, "ORD_CLAS": 4, "ORD_FLOW": 7, "HYBAS_L12": 4121578360.0, "Shape_Length": 0.0062499999999801048 }, "geometry": { "type": "MultiLineString", "coordinates": [ [ [ 107.435416666665873, 16.141666666666417 ], [ 107.435416666665873, 16.147916666666397 ] ] ] } },
{ "type": "Feature", "properties": { "HYRIV_ID": 41289271, "NEXT_DOWN": 41289173, "MAIN_RIV": 41280242, "LENGTH_KM": 3.58, "DIST_DN_KM": 65.400002, "DIST_UP_KM": 5.4, "CATCH_SKM": 6.1900001, "UPLAND_SKM": 6.2, "ENDORHEIC": 0, "DIS_AV_CMS": 0.362, "ORD_STRA": 1, "ORD_CLAS": 3, "ORD_FLOW": 7, "HYBAS_L12": 4121099080.0, "Shape_Length": 0.033123947784553964 }, "geometry": { "type": "MultiLineString", "coordinates": [ [ [ 107.662499999999255, 16.154166666666391 ], [ 107.668749999999164, 16.147916666666397 ], [ 107.68124999999921, 16.147916666666397 ], [ 107.685416666665873, 16.143749999999748 ], [ 107.689583333332536, 16.147916666666397 ] ] ] } },
{ "type": "Feature", "properties": { "HYRIV_ID": 41289272, "NEXT_DOWN": 41289069, "MAIN_RIV": 41280242, "LENGTH_KM": 1.43, "DIST_DN_KM": 68.199997, "DIST_UP_KM": 2.5, "CATCH_SKM": 2.6800001, "UPLAND_SKM": 2.7, "ENDORHEIC": 0, "DIS_AV_CMS": 0.159, "ORD_STRA": 1, "ORD_CLAS": 2, "ORD_FLOW": 7, "HYBAS_L12": 4121099030.0, "Shape_Length": 0.01300550143149673 }, "geometry": { "type": "MultiLineString", "coordinates": [ [ [ 107.720833333332536, 16.141666666666417 ], [ 107.727083333332558, 16.147916666666397 ], [ 107.727083333332558, 16.15208333333306 ] ] ] } },
{ "type": "Feature", "properties": { "HYRIV_ID": 41289273, "NEXT_DOWN": 41289174, "MAIN_RIV": 41280242, "LENGTH_KM": 1.98, "DIST_DN_KM": 68.800003, "DIST_UP_KM": 22.4, "CATCH_SKM": 4.7399998, "UPLAND_SKM": 165.39999, "ENDORHEIC": 0, "DIS_AV_CMS": 9.9879999, "ORD_STRA": 3, "ORD_CLAS": 1, "ORD_FLOW": 6, "HYBAS_L12": 4121099030.0, "Shape_Length": 0.018392556509747433 }, "geometry": { "type": "MultiLineString", "coordinates": [ [ [ 107.747916666665816, 16.143749999999748 ], [ 107.739583333332604, 16.143749999999748 ], [ 107.735416666665941, 16.147916666666397 ], [ 107.731249999999278, 16.147916666666397 ] ] ] } },
{ "type": "Feature", "properties": { "HYRIV_ID": 41289274, "NEXT_DOWN": 41289273, "MAIN_RIV": 41280242, "LENGTH_KM": 2.74, "DIST_DN_KM": 70.800003, "DIST_UP_KM": 4.6, "CATCH_SKM": 7.4200001, "UPLAND_SKM": 7.4, "ENDORHEIC": 0, "DIS_AV_CMS": 0.44100001, "ORD_STRA": 1, "ORD_CLAS": 2, "ORD_FLOW": 7, "HYBAS_L12": 4121099030.0, "Shape_Length": 0.025505501431575504 }, "geometry": { "type": "MultiLineString", "coordinates": [ [ [ 107.770833333332547, 16.149999999999729 ], [ 107.764583333332638, 16.143749999999748 ], [ 107.747916666665816, 16.143749999999748 ] ] ] } },
{ "type": "Feature", "properties": { "HYRIV_ID": 41289369, "NEXT_DOWN": 41289068, "MAIN_RIV": 41280242, "LENGTH_KM": 1.5700001, "DIST_DN_KM": 71.900002, "DIST_UP_KM": 9.8, "CATCH_SKM": 4.12, "UPLAND_SKM": 27.4, "ENDORHEIC": 0, "DIS_AV_CMS": 1.513, "ORD_STRA": 2, "ORD_CLAS": 3, "ORD_FLOW": 6, "HYBAS_L12": 4121578360.0, "Shape_Length": 0.014225889843194079 }, "geometry": { "type": "MultiLineString", "coordinates": [ [ [ 107.468749999999233, 16.139583333333086 ], [ 107.46458333333257, 16.143749999999748 ], [ 107.46458333333257, 16.15208333333306 ] ] ] } },
{ "type": "Feature", "properties": { "HYRIV_ID": 41289370, "NEXT_DOWN": 41289369, "MAIN_RIV": 41280242, "LENGTH_KM": 0.96, "DIST_DN_KM": 73.599998, "DIST_UP_KM": 2.9, "CATCH_SKM": 3.3, "UPLAND_SKM": 3.3, "ENDORHEIC": 0, "DIS_AV_CMS": 0.183, "ORD_STRA": 1, "ORD_CLAS": 4, "ORD_FLOW": 7, "HYBAS_L12": 4121578360.0, "Shape_Length": 0.0088388347648037068 }, "geometry": { "type": "MultiLineString", "coordinates": [ [ [ 107.474999999999199, 16.14583333333308 ], [ 107.468749999999233, 16.139583333333086 ] ] ] } },
{ "type": "Feature", "properties": { "HYRIV_ID": 41289371, "NEXT_DOWN": 41289173, "MAIN_RIV": 41280242, "LENGTH_KM": 1.11, "DIST_DN_KM": 65.199997, "DIST_UP_KM": 19.5, "CATCH_SKM": 2.06, "UPLAND_SKM": 216.39999, "ENDORHEIC": 0, "DIS_AV_CMS": 12.976, "ORD_STRA": 4, "ORD_CLAS": 2, "ORD_FLOW": 5, "HYBAS_L12": 4121099080.0, "Shape_Length": 0.010059223176531202 }, "geometry": { "type": "MultiLineString", "coordinates": [ [ [ 107.685416666665873, 16.139583333333086 ], [ 107.689583333332536, 16.143749999999748 ], [ 107.689583333332536, 16.147916666666397 ] ] ] } },
{ "type": "Feature", "properties": { "HYRIV_ID": 41289372, "NEXT_DOWN": 41289174, "MAIN_RIV": 41280242, "LENGTH_KM": 1.34, "DIST_DN_KM": 69.0, "DIST_UP_KM": 3.0, "CATCH_SKM": 3.3, "UPLAND_SKM": 3.3, "ENDORHEIC": 0, "DIS_AV_CMS": 0.196, "ORD_STRA": 1, "ORD_CLAS": 2, "ORD_FLOW": 7, "HYBAS_L12": 4121099030.0, "Shape_Length": 0.012142556509906997 }, "geometry": { "type": "MultiLineString", "coordinates": [ [ [ 107.727083333332558, 16.137499999999754 ], [ 107.727083333332558, 16.143749999999748 ], [ 107.731249999999278, 16.147916666666397 ] ] ] } },
{ "type": "Feature", "properties": { "HYRIV_ID": 41289373, "NEXT_DOWN": 41289563, "MAIN_RIV": 41280242, "LENGTH_KM": 2.6600001, "DIST_DN_KM": 76.5, "DIST_UP_KM": 7.1, "CATCH_SKM": 4.54, "UPLAND_SKM": 17.1, "ENDORHEIC": 0, "DIS_AV_CMS": 1.017, "ORD_STRA": 2, "ORD_CLAS": 2, "ORD_FLOW": 6, "HYBAS_L12": 4121099030.0, "Shape_Length": 0.024285113019769641 }, "geometry": { "type": "MultiLineString", "coordinates": [ [ [ 107.793749999999221, 16.156249999999766 ], [ 107.797916666665884, 16.15208333333306 ], [ 107.793749999999221, 16.147916666666397 ], [ 107.793749999999221, 16.139583333333086 ], [ 107.789583333332558, 16.139583333333086 ] ] ] } },
{ "type": "Feature", "properties": { "HYRIV_ID": 41289374, "NEXT_DOWN": 41289469, "MAIN_RIV": 41280242, "LENGTH_KM": 0.89, "DIST_DN_KM": 83.5, "DIST_UP_KM": 7.7, "CATCH_SKM": 1.4400001, "UPLAND_SKM": 33.400002, "ENDORHEIC": 0, "DIS_AV_CMS": 1.992, "ORD_STRA": 3, "ORD_CLAS": 1, "ORD_FLOW": 6, "HYBAS_L12": 4121099030.0, "Shape_Length": 0.0083333333333257542 }, "geometry": { "type": "MultiLineString", "coordinates": [ [ [ 107.852083333332558, 16.139583333333086 ], [ 107.843749999999233, 16.139583333333086 ] ] ] } },
{ "type": "Feature", "properties": { "HYRIV_ID": 41289375, "NEXT_DOWN": 41289374, "MAIN_RIV": 41280242, "LENGTH_KM": 2.85, "DIST_DN_KM": 84.599998, "DIST_UP_KM": 6.6, "CATCH_SKM": 5.5700002, "UPLAND_SKM": 16.3, "ENDORHEIC": 0, "DIS_AV_CMS": 0.968, "ORD_STRA": 2, "ORD_CLAS": 1, "ORD_FLOW": 7, "HYBAS_L12": 4121099030.0, "Shape_Length": 0.026011002862995899 }, "geometry": { "type": "MultiLineString", "coordinates": [ [ [ 107.856249999999221, 16.160416666666414 ], [ 107.852083333332558, 16.156249999999766 ], [ 107.852083333332558, 16.147916666666397 ], [ 107.856249999999221, 16.143749999999748 ], [ 107.852083333332558, 16.139583333333086 ] ] ] } },
{ "type": "Feature", "properties": { "HYRIV_ID": 41289376, "NEXT_DOWN": 41289374, "MAIN_RIV": 41280242, "LENGTH_KM": 0.89, "DIST_DN_KM": 84.400002, "DIST_UP_KM": 5.5, "CATCH_SKM": 1.03, "UPLAND_SKM": 15.7, "ENDORHEIC": 0, "DIS_AV_CMS": 0.936, "ORD_STRA": 2, "ORD_CLAS": 2, "ORD_FLOW": 7, "HYBAS_L12": 4121099030.0, "Shape_Length": 0.0083333333333257542 }, "geometry": { "type": "MultiLineString", "coordinates": [ [ [ 107.860416666665884, 16.139583333333086 ], [ 107.852083333332558, 16.139583333333086 ] ] ] } },
{ "type": "Feature", "properties": { "HYRIV_ID": 41289377, "NEXT_DOWN": 41289376, "MAIN_RIV": 41280242, "LENGTH_KM": 3.1400001, "DIST_DN_KM": 85.400002, "DIST_UP_KM": 4.4, "CATCH_SKM": 5.98, "UPLAND_SKM": 6.0, "ENDORHEIC": 0, "DIS_AV_CMS": 0.355, "ORD_STRA": 1, "ORD_CLAS": 2, "ORD_FLOW": 7, "HYBAS_L12": 4121099030.0, "Shape_Length": 0.028957281117851189 }, "geometry": { "type": "MultiLineString", "coordinates": [ [ [ 107.883333333332502, 16.154166666666391 ], [ 107.872916666665816, 16.143749999999748 ], [ 107.864583333332604, 16.143749999999748 ], [ 107.860416666665884, 16.139583333333086 ] ] ] } },
{ "type": "Feature", "properties": { "HYRIV_ID": 41289465, "NEXT_DOWN": 41289371, "MAIN_RIV": 41280242, "LENGTH_KM": 0.46, "DIST_DN_KM": 66.300003, "DIST_UP_KM": 18.4, "CATCH_SKM": 0.41, "UPLAND_SKM": 211.39999, "ENDORHEIC": 0, "DIS_AV_CMS": 12.671, "ORD_STRA": 4, "ORD_CLAS": 2, "ORD_FLOW": 5, "HYBAS_L12": 4121099080.0, "Shape_Length": 0.0041666666666628771 }, "geometry": { "type": "MultiLineString", "coordinates": [ [ [ 107.685416666665873, 16.135416666666423 ], [ 107.685416666665873, 16.139583333333086 ] ] ] } },
{ "type": "Feature", "properties": { "HYRIV_ID": 41289466, "NEXT_DOWN": 41289371, "MAIN_RIV": 41280242, "LENGTH_KM": 1.41, "DIST_DN_KM": 66.300003, "DIST_UP_KM": 3.1, "CATCH_SKM": 2.8900001, "UPLAND_SKM": 2.9, "ENDORHEIC": 0, "DIS_AV_CMS": 0.171, "ORD_STRA": 1, "ORD_CLAS": 3, "ORD_FLOW": 7, "HYBAS_L12": 4121099080.0, "Shape_Length": 0.013005501431546974 }, "geometry": { "type": "MultiLineString", "coordinates": [ [ [ 107.695833333332615, 16.133333333333091 ], [ 107.689583333332536, 16.139583333333086 ], [ 107.685416666665873, 16.139583333333086 ] ] ] } },
{ "type": "Feature", "properties": { "HYRIV_ID": 41289467, "NEXT_DOWN": 41289563, "MAIN_RIV": 41280242, "LENGTH_KM": 1.53, "DIST_DN_KM": 76.699997, "DIST_UP_KM": 14.5, "CATCH_SKM": 1.65, "UPLAND_SKM": 75.099998, "ENDORHEIC": 0, "DIS_AV_CMS": 4.5100002, "ORD_STRA": 3, "ORD_CLAS": 1, "ORD_FLOW": 6, "HYBAS_L12": 4121099030.0, "Shape_Length": 0.014225889843151446 }, "geometry": { "type": "MultiLineString", "coordinates": [ [ [ 107.80208333333249, 16.135416666666423 ], [ 107.793749999999221, 16.135416666666423 ], [ 107.789583333332558, 16.139583333333086 ] ] ] } },
{ "type": "Feature", "properties": { "HYRIV_ID": 41289468, "NEXT_DOWN": 41289467, "MAIN_RIV": 41280242, "LENGTH_KM": 0.89, "DIST_DN_KM": 78.0, "DIST_UP_KM": 13.2, "CATCH_SKM": 2.06, "UPLAND_SKM": 70.5, "ENDORHEIC": 0, "DIS_AV_CMS": 4.2319999, "ORD_STRA": 3, "ORD_CLAS": 1, "ORD_FLOW": 6, "HYBAS_L12": 4121099030.0, "Shape_Length": 0.0083333333333825976 }, "geometry": { "type": "MultiLineString", "coordinates": [ [ [ 107.810416666665873, 16.135416666666423 ], [ 107.80208333333249, 16.135416666666423 ] ] ] } },
{ "type": "Feature", "properties": { "HYRIV_ID": 41289469, "NEXT_DOWN": 41289468, "MAIN_RIV": 41280242, "LENGTH_KM": 4.5500002, "DIST_DN_KM": 78.900002, "DIST_UP_KM": 12.3, "CATCH_SKM": 13.4, "UPLAND_SKM": 50.099998, "ENDORHEIC": 0, "DIS_AV_CMS": 2.9979999, "ORD_STRA": 3, "ORD_CLAS": 1, "ORD_FLOW": 6, "HYBAS_L12": 4121099030.0, "Shape_Length": 0.04196278254944151 }, "geometry": { "type": "MultiLineString", "coordinates": [ [ [ 107.843749999999233, 16.139583333333086 ], [ 107.83958333333257, 16.139583333333086 ], [ 107.83541666666585, 16.143749999999748 ], [ 107.831249999999187, 16.143749999999748 ], [ 107.827083333332524, 16.139583333333086 ], [ 107.822916666665861, 16.143749999999748 ], [ 107.814583333332536, 16.135416666666423 ], [ 107.810416666665873, 16.135416666666423 ] ] ] } },
{ "type": "Feature", "properties": { "HYRIV_ID": 41289470, "NEXT_DOWN": 41289376, "MAIN_RIV": 41280242, "LENGTH_KM": 1.41, "DIST_DN_KM": 85.300003, "DIST_UP_KM": 3.9, "CATCH_SKM": 3.9200001, "UPLAND_SKM": 3.9, "ENDORHEIC": 0, "DIS_AV_CMS": 0.234, "ORD_STRA": 1, "ORD_CLAS": 3, "ORD_FLOW": 7, "HYBAS_L12": 4121099030.0, "Shape_Length": 0.013005501431483234 }, "geometry": { "type": "MultiLineString", "coordinates": [ [ [ 107.870833333332513, 16.133333333333091 ], [ 107.864583333332604, 16.139583333333086 ], [ 107.860416666665884, 16.139583333333086 ] ] ] } },
{ "type": "Feature", "properties": { "HYRIV_ID": 41289559, "NEXT_DOWN": 41288703, "MAIN_RIV": 41280242, "LENGTH_KM": 5.4699998, "DIST_DN_KM": 67.900002, "DIST_UP_KM": 6.7, "CATCH_SKM": 14.43, "UPLAND_SKM": 14.4, "ENDORHEIC": 0, "DIS_AV_CMS": 0.829, "ORD_STRA": 1, "ORD_CLAS": 2, "ORD_FLOW": 7, "HYBAS_L12": 4121577910.0, "Shape_Length": 0.049790614451290023 }, "geometry": { "type": "MultiLineString", "coordinates": [ [ [ 107.591666666665873, 16.1291666666664 ], [ 107.585416666665907, 16.135416666666423 ], [ 107.585416666665907, 16.143749999999748 ], [ 107.58958333333257, 16.147916666666397 ], [ 107.58958333333257, 16.160416666666414 ], [ 107.593749999999233, 16.164583333333077 ], [ 107.597916666665895, 16.164583333333077 ], [ 107.597916666665895, 16.168749999999783 ] ] ] } },
{ "type": "Feature", "properties": { "HYRIV_ID": 41289560, "NEXT_DOWN": 41289465, "MAIN_RIV": 41280242, "LENGTH_KM": 1.85, "DIST_DN_KM": 66.800003, "DIST_UP_KM": 3.9, "CATCH_SKM": 5.1599998, "UPLAND_SKM": 5.2, "ENDORHEIC": 0, "DIS_AV_CMS": 0.303, "ORD_STRA": 1, "ORD_CLAS": 3, "ORD_FLOW": 7, "HYBAS_L12": 4121099080.0, "Shape_Length": 0.017172168098166206 }, "geometry": { "type": "MultiLineString", "coordinates": [ [ [ 107.670833333332581, 16.1291666666664 ], [ 107.67708333333249, 16.135416666666423 ], [ 107.685416666665873, 16.135416666666423 ] ] ] } },
{ "type": "Feature", "properties": { "HYRIV_ID": 41289561, "NEXT_DOWN": 41289273, "MAIN_RIV": 41280242, "LENGTH_KM": 1.75, "DIST_DN_KM": 71.0, "DIST_UP_KM": 20.200001, "CATCH_SKM": 1.86, "UPLAND_SKM": 153.2, "ENDORHEIC": 0, "DIS_AV_CMS": 9.2460003, "ORD_STRA": 3, "ORD_CLAS": 1, "ORD_FLOW": 6, "HYBAS_L12": 4121099030.0, "Shape_Length": 0.015951779686498292 }, "geometry": { "type": "MultiLineString", "coordinates": [ [ [ 107.756249999999255, 16.131249999999774 ], [ 107.752083333332592, 16.135416666666423 ], [ 107.752083333332592, 16.139583333333086 ], [ 107.747916666665816, 16.143749999999748 ] ] ] } },
{ "type": "Feature", "properties": { "HYRIV_ID": 41289562, "NEXT_DOWN": 41289561, "MAIN_RIV": 41280242, "LENGTH_KM": 0.89, "DIST_DN_KM": 72.599998, "DIST_UP_KM": 18.6, "CATCH_SKM": 1.24, "UPLAND_SKM": 108.7, "ENDORHEIC": 0, "DIS_AV_CMS": 6.5380001, "ORD_STRA": 3, "ORD_CLAS": 1, "ORD_FLOW": 6, "HYBAS_L12": 4121099030.0, "Shape_Length": 0.0083333333333825976 }, "geometry": { "type": "MultiLineString", "coordinates": [ [ [ 107.764583333332638, 16.131249999999774 ], [ 107.756249999999255, 16.131249999999774 ] ] ] } },
{ "type": "Feature", "properties": { "HYRIV_ID": 41289563, "NEXT_DOWN": 41289562, "MAIN_RIV": 41280242, "LENGTH_KM": 3.06, "DIST_DN_KM": 73.400002, "DIST_UP_KM": 17.8, "CATCH_SKM": 6.39, "UPLAND_SKM": 98.599998, "ENDORHEIC": 0, "DIS_AV_CMS": 5.9250002, "ORD_STRA": 3, "ORD_CLAS": 1, "ORD_FLOW": 6, "HYBAS_L12": 4121099030.0, "Shape_Length": 0.028451779686333039 }, "geometry": { "type": "MultiLineString", "coordinates": [ [ [ 107.789583333332558, 16.139583333333086 ], [ 107.785416666665839, 16.135416666666423 ], [ 107.77291666666585, 16.135416666666423 ], [ 107.768749999999187, 16.131249999999774 ], [ 107.764583333332638, 16.131249999999774 ] ] ] } },
{ "type": "Feature", "properties": { "HYRIV_ID": 41289564, "NEXT_DOWN": 41289469, "MAIN_RIV": 41280242, "LENGTH_KM": 1.16, "DIST_DN_KM": 83.5, "DIST_UP_KM": 3.3, "CATCH_SKM": 3.3, "UPLAND_SKM": 3.3, "ENDORHEIC": 0, "DIS_AV_CMS": 0.198, "ORD_STRA": 1, "ORD_CLAS": 2, "ORD_FLOW": 7, "HYBAS_L12": 4121099030.0, "Shape_Length": 0.010416666666685614 }, "geometry": { "type": "MultiLineString", "coordinates": [ [ [ 107.843749999999233, 16.1291666666664 ], [ 107.843749999999233, 16.139583333333086 ] ] ] } },
{ "type": "Feature", "properties": { "HYRIV_ID": 41289651, "NEXT_DOWN": 41289171, "MAIN_RIV": 41280242, "LENGTH_KM": 2.5, "DIST_DN_KM": 70.400002, "DIST_UP_KM": 8.8, "CATCH_SKM": 6.8, "UPLAND_SKM": 34.599998, "ENDORHEIC": 0, "DIS_AV_CMS": 1.9910001, "ORD_STRA": 2, "ORD_CLAS": 3, "ORD_FLOW": 6, "HYBAS_L12": 4121578500.0, "Shape_Length": 0.022559223176552418 }, "geometry": { "type": "MultiLineString", "coordinates": [ [ [ 107.55624999999921, 16.127083333333069 ], [ 107.55624999999921, 16.143749999999748 ], [ 107.552083333332547, 16.147916666666397 ] ] ] } },
{ "type": "Feature", "properties": { "HYRIV_ID": 41289652, "NEXT_DOWN": 41289465, "MAIN_RIV": 41280242, "LENGTH_KM": 0.93, "DIST_DN_KM": 66.800003, "DIST_UP_KM": 18.0, "CATCH_SKM": 1.03, "UPLAND_SKM": 205.89999, "ENDORHEIC": 0, "DIS_AV_CMS": 12.338, "ORD_STRA": 4, "ORD_CLAS": 2, "ORD_FLOW": 5, "HYBAS_L12": 4121099080.0, "Shape_Length": 0.0083333333333541759 }, "geometry": { "type": "MultiLineString", "coordinates": [ [ [ 107.685416666665873, 16.127083333333069 ], [ 107.685416666665873, 16.135416666666423 ] ] ] } },
{ "type": "Feature", "properties": { "HYRIV_ID": 41289653, "NEXT_DOWN": 41289467, "MAIN_RIV": 41280242, "LENGTH_KM": 1.16, "DIST_DN_KM": 78.0, "DIST_UP_KM": 4.1, "CATCH_SKM": 2.8900001, "UPLAND_SKM": 2.9, "ENDORHEIC": 0, "DIS_AV_CMS": 0.173, "ORD_STRA": 1, "ORD_CLAS": 2, "ORD_FLOW": 7, "HYBAS_L12": 4121099030.0, "Shape_Length": 0.010416666666685614 }, "geometry": { "type": "MultiLineString", "coordinates": [ [ [ 107.80208333333249, 16.124999999999737 ], [ 107.80208333333249, 16.135416666666423 ] ] ] } },
{ "type": "Feature", "properties": { "HYRIV_ID": 41289654, "NEXT_DOWN": 41289468, "MAIN_RIV": 41280242, "LENGTH_KM": 1.73, "DIST_DN_KM": 79.099998, "DIST_UP_KM": 6.7, "CATCH_SKM": 3.3, "UPLAND_SKM": 18.4, "ENDORHEIC": 0, "DIS_AV_CMS": 1.1059999, "ORD_STRA": 2, "ORD_CLAS": 2, "ORD_FLOW": 6, "HYBAS_L12": 4121099030.0, "Shape_Length": 0.015951779686464697 }, "geometry": { "type": "MultiLineString", "coordinates": [ [ [ 107.822916666665861, 16.127083333333069 ], [ 107.818749999999255, 16.131249999999774 ], [ 107.814583333332536, 16.131249999999774 ], [ 107.810416666665873, 16.135416666666423 ] ] ] } },
{ "type": "Feature", "properties": { "HYRIV_ID": 41289655, "NEXT_DOWN": 41289376, "MAIN_RIV": 41280242, "LENGTH_KM": 1.8, "DIST_DN_KM": 85.400002, "DIST_UP_KM": 3.0, "CATCH_SKM": 4.7399998, "UPLAND_SKM": 4.7, "ENDORHEIC": 0, "DIS_AV_CMS": 0.28400001, "ORD_STRA": 1, "ORD_CLAS": 4, "ORD_FLOW": 7, "HYBAS_L12": 4121099030.0, "Shape_Length": 0.016309223176608344 }, "geometry": { "type": "MultiLineString", "coordinates": [ [ [ 107.864583333332604, 16.124999999999737 ], [ 107.864583333332604, 16.135416666666423 ], [ 107.860416666665884, 16.139583333333086 ] ] ] } },
{ "type": "Feature", "properties": { "HYRIV_ID": 41289738, "NEXT_DOWN": 41289369, "MAIN_RIV": 41280242, "LENGTH_KM": 2.21, "DIST_DN_KM": 73.400002, "DIST_UP_KM": 8.3, "CATCH_SKM": 3.9200001, "UPLAND_SKM": 20.0, "ENDORHEIC": 0, "DIS_AV_CMS": 1.104, "ORD_STRA": 2, "ORD_CLAS": 3, "ORD_FLOW": 6, "HYBAS_L12": 4121578360.0, "Shape_Length": 0.020118446353187151 }, "geometry": { "type": "MultiLineString", "coordinates": [ [ [ 107.468749999999233, 16.122916666666406 ], [ 107.472916666665952, 16.127083333333069 ], [ 107.468749999999233, 16.131249999999774 ], [ 107.468749999999233, 16.139583333333086 ] ] ] } },
{ "type": "Feature", "properties": { "HYRIV_ID": 41289739, "NEXT_DOWN": 41289846, "MAIN_RIV": 41280242, "LENGTH_KM": 1.11, "DIST_DN_KM": 75.300003, "DIST_UP_KM": 3.6, "CATCH_SKM": 5.77, "UPLAND_SKM": 5.8, "ENDORHEIC": 0, "DIS_AV_CMS": 0.334, "ORD_STRA": 1, "ORD_CLAS": 5, "ORD_FLOW": 7, "HYBAS_L12": 4121099080.0, "Shape_Length": 0.010416666666799301 }, "geometry": { "type": "MultiLineString", "coordinates": [ [ [ 107.61666666666585, 16.122916666666406 ], [ 107.627083333332649, 16.122916666666406 ] ] ] } },
{ "type": "Feature", "properties": { "HYRIV_ID": 41289740, "NEXT_DOWN": 41289846, "MAIN_RIV": 41280242, "LENGTH_KM": 1.62, "DIST_DN_KM": 75.300003, "DIST_UP_KM": 3.6, "CATCH_SKM": 7.0100002, "UPLAND_SKM": 7.0, "ENDORHEIC": 0, "DIS_AV_CMS": 0.406, "ORD_STRA": 1, "ORD_CLAS": 4, "ORD_FLOW": 7, "HYBAS_L12": 4121099080.0, "Shape_Length": 0.014583333333348492 }, "geometry": { "type": "MultiLineString", "coordinates": [ [ [ 107.627083333332649, 16.137499999999754 ], [ 107.627083333332649, 16.122916666666406 ] ] ] } },
{ "type": "Feature", "properties": { "HYRIV_ID": 41289845, "NEXT_DOWN": 41289738, "MAIN_RIV": 41280242, "LENGTH_KM": 0.96, "DIST_DN_KM": 75.800003, "DIST_UP_KM": 2.2, "CATCH_SKM": 3.71, "UPLAND_SKM": 3.7, "ENDORHEIC": 0, "DIS_AV_CMS": 0.206, "ORD_STRA": 1, "ORD_CLAS": 4, "ORD_FLOW": 7, "HYBAS_L12": 4121578360.0, "Shape_Length": 0.0088388347647936592 }, "geometry": { "type": "MultiLineString", "coordinates": [ [ [ 107.474999999999199, 16.116666666666426 ], [ 107.468749999999233, 16.122916666666406 ] ] ] } },
{ "type": "Feature", "properties": { "HYRIV_ID": 41289846, "NEXT_DOWN": 41289945, "MAIN_RIV": 41280242, "LENGTH_KM": 2.87, "DIST_DN_KM": 72.400002, "DIST_UP_KM": 6.5, "CATCH_SKM": 8.6599998, "UPLAND_SKM": 21.4, "ENDORHEIC": 0, "DIS_AV_CMS": 1.248, "ORD_STRA": 2, "ORD_CLAS": 4, "ORD_FLOW": 6, "HYBAS_L12": 4121099080.0, "Shape_Length": 0.026725889843106483 }, "geometry": { "type": "MultiLineString", "coordinates": [ [ [ 107.627083333332649, 16.122916666666406 ], [ 107.631249999999312, 16.122916666666406 ], [ 107.635416666665861, 16.118749999999757 ], [ 107.652083333332513, 16.118749999999757 ] ] ] } },
{ "type": "Feature", "properties": { "HYRIV_ID": 41289847, "NEXT_DOWN": 41289945, "MAIN_RIV": 41280242, "LENGTH_KM": 0.96, "DIST_DN_KM": 72.599998, "DIST_UP_KM": 2.7, "CATCH_SKM": 3.09, "UPLAND_SKM": 3.1, "ENDORHEIC": 0, "DIS_AV_CMS": 0.181, "ORD_STRA": 1, "ORD_CLAS": 5, "ORD_FLOW": 7, "HYBAS_L12": 4121099080.0, "Shape_Length": 0.0088388347647936592 }, "geometry": { "type": "MultiLineString", "coordinates": [ [ [ 107.645833333332547, 16.124999999999737 ], [ 107.652083333332513, 16.118749999999757 ] ] ] } },
{ "type": "Feature", "properties": { "HYRIV_ID": 41289848, "NEXT_DOWN": 41289561, "MAIN_RIV": 41280242, "LENGTH_KM": 1.75, "DIST_DN_KM": 72.699997, "DIST_UP_KM": 13.7, "CATCH_SKM": 4.12, "UPLAND_SKM": 42.700001, "ENDORHEIC": 0, "DIS_AV_CMS": 2.5840001, "ORD_STRA": 2, "ORD_CLAS": 2, "ORD_FLOW": 6, "HYBAS_L12": 4121099030.0, "Shape_Length": 0.015951779686524274 }, "geometry": { "type": "MultiLineString", "coordinates": [ [ [ 107.747916666665816, 16.118749999999757 ], [ 107.747916666665816, 16.122916666666406 ], [ 107.756249999999255, 16.131249999999774 ] ] ] } },
{ "type": "Feature", "properties": { "HYRIV_ID": 41289849, "NEXT_DOWN": 41289848, "MAIN_RIV": 41280242, "LENGTH_KM": 0.67, "DIST_DN_KM": 74.300003, "DIST_UP_KM": 2.6, "CATCH_SKM": 2.48, "UPLAND_SKM": 2.5, "ENDORHEIC": 0, "DIS_AV_CMS": 0.148, "ORD_STRA": 1, "ORD_CLAS": 3, "ORD_FLOW": 7, "HYBAS_L12": 4121099030.0, "Shape_Length": 0.0062500000000227374 }, "geometry": { "type": "MultiLineString", "coordinates": [ [ [ 107.754166666665839, 16.118749999999757 ], [ 107.747916666665816, 16.118749999999757 ] ] ] } },
{ "type": "Feature", "properties": { "HYRIV_ID": 41289850, "NEXT_DOWN": 41289562, "MAIN_RIV": 41280242, "LENGTH_KM": 2.86, "DIST_DN_KM": 73.5, "DIST_UP_KM": 4.6, "CATCH_SKM": 8.87, "UPLAND_SKM": 8.9, "ENDORHEIC": 0, "DIS_AV_CMS": 0.53200001, "ORD_STRA": 1, "ORD_CLAS": 2, "ORD_FLOW": 7, "HYBAS_L12": 4121099030.0, "Shape_Length": 0.026368446353122604 }, "geometry": { "type": "MultiLineString", "coordinates": [ [ [ 107.783333333332592, 16.118749999999757 ], [ 107.777083333332513, 16.118749999999757 ], [ 107.77291666666585, 16.122916666666406 ], [ 107.768749999999187, 16.122916666666406 ], [ 107.764583333332638, 16.127083333333069 ], [ 107.764583333332638, 16.131249999999774 ] ] ] } },
{ "type": "Feature", "properties": { "HYRIV_ID": 41289851, "NEXT_DOWN": 41289654, "MAIN_RIV": 41280242, "LENGTH_KM": 1.61, "DIST_DN_KM": 80.800003, "DIST_UP_KM": 3.5, "CATCH_SKM": 4.1300001, "UPLAND_SKM": 4.1, "ENDORHEIC": 0, "DIS_AV_CMS": 0.248, "ORD_STRA": 1, "ORD_CLAS": 3, "ORD_FLOW": 7, "HYBAS_L12": 4121099030.0, "Shape_Length": 0.014731391274676197 }, "geometry": { "type": "MultiLineString", "coordinates": [ [ [ 107.83333333333249, 16.116666666666426 ], [ 107.822916666665861, 16.127083333333069 ] ] ] } },
{ "type": "Feature", "properties": { "HYRIV_ID": 41289943, "NEXT_DOWN": 41289651, "MAIN_RIV": 41280242, "LENGTH_KM": 2.6900001, "DIST_DN_KM": 72.699997, "DIST_UP_KM": 5.2, "CATCH_SKM": 6.6, "UPLAND_SKM": 6.6, "ENDORHEIC": 0, "DIS_AV_CMS": 0.375, "ORD_STRA": 1, "ORD_CLAS": 4, "ORD_FLOW": 7, "HYBAS_L12": 4121578500.0, "Shape_Length": 0.024790614451221611 }, "geometry": { "type": "MultiLineString", "coordinates": [ [ [ 107.537499999999255, 16.112499999999763 ], [ 107.552083333332547, 16.127083333333069 ], [ 107.55624999999921, 16.127083333333069 ] ] ] } },
{ "type": "Feature", "properties": { "HYRIV_ID": 41289944, "NEXT_DOWN": 41289651, "MAIN_RIV": 41280242, "LENGTH_KM": 1.5700001, "DIST_DN_KM": 72.699997, "DIST_UP_KM": 6.5, "CATCH_SKM": 1.65, "UPLAND_SKM": 21.200001, "ENDORHEIC": 0, "DIS_AV_CMS": 1.223, "ORD_STRA": 2, "ORD_CLAS": 3, "ORD_FLOW": 6, "HYBAS_L12": 4121578500.0, "Shape_Length": 0.014225889843194079 }, "geometry": { "type": "MultiLineString", "coordinates": [ [ [ 107.560416666665873, 16.114583333333094 ], [ 107.55624999999921, 16.118749999999757 ], [ 107.55624999999921, 16.127083333333069 ] ] ] } },
{ "type": "Feature", "properties": { "HYRIV_ID": 41289945, "NEXT_DOWN": 41290023, "MAIN_RIV": 41280242, "LENGTH_KM": 0.64, "DIST_DN_KM": 72.0, "DIST_UP_KM": 6.9, "CATCH_SKM": 0.62, "UPLAND_SKM": 25.200001, "ENDORHEIC": 0, "DIS_AV_CMS": 1.466, "ORD_STRA": 2, "ORD_CLAS": 4, "ORD_FLOW": 6, "HYBAS_L12": 4121099080.0, "Shape_Length": 0.0058925565098825365 }, "geometry": { "type": "MultiLineString", "coordinates": [ [ [ 107.652083333332513, 16.118749999999757 ], [ 107.656249999999176, 16.114583333333094 ] ] ] } },
{ "type": "Feature", "properties": { "HYRIV_ID": 41290023, "NEXT_DOWN": 41289652, "MAIN_RIV": 41280242, "LENGTH_KM": 4.1, "DIST_DN_KM": 67.900002, "DIST_UP_KM": 15.4, "CATCH_SKM": 10.72, "UPLAND_SKM": 79.400002, "ENDORHEIC": 0, "DIS_AV_CMS": 4.6700001, "ORD_STRA": 3, "ORD_CLAS": 3, "ORD_FLOW": 6, "HYBAS_L12": 4121099080.0, "Shape_Length": 0.037796115882785239 }, "geometry": { "type": "MultiLineString", "coordinates": [ [ [ 107.656249999999176, 16.114583333333094 ], [ 107.664583333332558, 16.114583333333094 ], [ 107.668749999999164, 16.110416666666431 ], [ 107.685416666665873, 16.127083333333069 ] ] ] } },
{ "type": "Feature", "properties": { "HYRIV_ID": 41290111, "NEXT_DOWN": 41289944, "MAIN_RIV": 41280242, "LENGTH_KM": 2.32, "DIST_DN_KM": 74.300003, "DIST_UP_KM": 3.8, "CATCH_SKM": 5.7800002, "UPLAND_SKM": 5.8, "ENDORHEIC": 0, "DIS_AV_CMS": 0.33, "ORD_STRA": 1, "ORD_CLAS": 4, "ORD_FLOW": 7, "HYBAS_L12": 4121578500.0, "Shape_Length": 0.021338834764812437 }, "geometry": { "type": "MultiLineString", "coordinates": [ [ [ 107.545833333332581, 16.104166666666409 ], [ 107.552083333332547, 16.110416666666431 ], [ 107.560416666665873, 16.110416666666431 ], [ 107.560416666665873, 16.114583333333094 ] ] ] } },
{ "type": "Feature", "properties": { "HYRIV_ID": 41290112, "NEXT_DOWN": 41289944, "MAIN_RIV": 41280242, "LENGTH_KM": 1.28, "DIST_DN_KM": 74.5, "DIST_UP_KM": 4.7, "CATCH_SKM": 3.9200001, "UPLAND_SKM": 13.8, "ENDORHEIC": 0, "DIS_AV_CMS": 0.797, "ORD_STRA": 2, "ORD_CLAS": 3, "ORD_FLOW": 7, "HYBAS_L12": 4121578500.0, "Shape_Length": 0.011785113019825365 }, "geometry": { "type": "MultiLineString", "coordinates": [ [ [ 107.568749999999255, 16.10624999999974 ], [ 107.560416666665873, 16.114583333333094 ] ] ] } },
{ "type": "Feature", "properties": { "HYRIV_ID": 41290113, "NEXT_DOWN": 41290112, "MAIN_RIV": 41280242, "LENGTH_KM": 0.67, "DIST_DN_KM": 75.599998, "DIST_UP_KM": 2.6, "CATCH_SKM": 2.48, "UPLAND_SKM": 2.5, "ENDORHEIC": 0, "DIS_AV_CMS": 0.14300001, "ORD_STRA": 1, "ORD_CLAS": 4, "ORD_FLOW": 7, "HYBAS_L12": 4121578500.0, "Shape_Length": 0.0062500000000795808 }, "geometry": { "type": "MultiLineString", "coordinates": [ [ [ 107.574999999999335, 16.10624999999974 ], [ 107.568749999999255, 16.10624999999974 ] ] ] } },
{ "type": "Feature", "properties": { "HYRIV_ID": 41290114, "NEXT_DOWN": 41289652, "MAIN_RIV": 41280242, "LENGTH_KM": 3.12, "DIST_DN_KM": 67.699997, "DIST_UP_KM": 17.1, "CATCH_SKM": 7.2199998, "UPLAND_SKM": 125.4, "ENDORHEIC": 0, "DIS_AV_CMS": 7.5960002, "ORD_STRA": 3, "ORD_CLAS": 2, "ORD_FLOW": 6, "HYBAS_L12": 4121099080.0, "Shape_Length": 0.028451779686426631 }, "geometry": { "type": "MultiLineString", "coordinates": [ [ [ 107.697916666665861, 16.10624999999974 ], [ 107.693749999999199, 16.110416666666431 ], [ 107.693749999999199, 16.118749999999757 ], [ 107.689583333332536, 16.118749999999757 ], [ 107.685416666665873, 16.122916666666406 ], [ 107.685416666665873, 16.127083333333069 ] ] ] } },
{ "type": "Feature", "properties": { "HYRIV_ID": 41290189, "NEXT_DOWN": 41289738, "MAIN_RIV": 41280242, "LENGTH_KM": 4.33, "DIST_DN_KM": 75.800003, "DIST_UP_KM": 5.9, "CATCH_SKM": 12.37, "UPLAND_SKM": 12.4, "ENDORHEIC": 0, "DIS_AV_CMS": 0.681, "ORD_STRA": 1, "ORD_CLAS": 3, "ORD_FLOW": 7, "HYBAS_L12": 4121578360.0, "Shape_Length": 0.039731391274762273 }, "geometry": { "type": "MultiLineString", "coordinates": [ [ [ 107.458333333332661, 16.099999999999746 ], [ 107.452083333332581, 16.10624999999974 ], [ 107.452083333332581, 16.118749999999757 ], [ 107.46458333333257, 16.118749999999757 ], [ 107.468749999999233, 16.122916666666406 ] ] ] } },
{ "type": "Feature", "properties": { "HYRIV_ID": 41290190, "NEXT_DOWN": 41290191, "MAIN_RIV": 41280242, "LENGTH_KM": 1.75, "DIST_DN_KM": 76.099998, "DIST_UP_KM": 3.3, "CATCH_SKM": 5.1599998, "UPLAND_SKM": 5.2, "ENDORHEIC": 0, "DIS_AV_CMS": 0.299, "ORD_STRA": 1, "ORD_CLAS": 4, "ORD_FLOW": 7, "HYBAS_L12": 4121099080.0, "Shape_Length": 0.016309223176544606 }, "geometry": { "type": "MultiLineString", "coordinates": [ [ [ 107.608333333332524, 16.10624999999974 ], [ 107.618749999999267, 16.10624999999974 ], [ 107.622916666665816, 16.102083333333077 ] ] ] } },
{ "type": "Feature", "properties": { "HYRIV_ID": 41290191, "NEXT_DOWN": 41290192, "MAIN_RIV": 41280242, "LENGTH_KM": 1.78, "DIST_DN_KM": 74.199997, "DIST_UP_KM": 9.1, "CATCH_SKM": 4.7399998, "UPLAND_SKM": 36.099998, "ENDORHEIC": 0, "DIS_AV_CMS": 2.1140001, "ORD_STRA": 2, "ORD_CLAS": 3, "ORD_FLOW": 6, "HYBAS_L12": 4121099080.0, "Shape_Length": 0.016666666666708352 }, "geometry": { "type": "MultiLineString", "coordinates": [ [ [ 107.622916666665816, 16.102083333333077 ], [ 107.639583333332524, 16.102083333333077 ] ] ] } },
{ "type": "Feature", "properties": { "HYRIV_ID": 41290192, "NEXT_DOWN": 41290023, "MAIN_RIV": 41280242, "LENGTH_KM": 2.37, "DIST_DN_KM": 72.0, "DIST_UP_KM": 11.3, "CATCH_SKM": 4.7399998, "UPLAND_SKM": 43.5, "ENDORHEIC": 0, "DIS_AV_CMS": 2.556, "ORD_STRA": 2, "ORD_CLAS": 3, "ORD_FLOW": 6, "HYBAS_L12": 4121099080.0, "Shape_Length": 0.021844336196330583 }, "geometry": { "type": "MultiLineString", "coordinates": [ [ [ 107.639583333332524, 16.102083333333077 ], [ 107.64791666666585, 16.110416666666431 ], [ 107.652083333332513, 16.110416666666431 ], [ 107.656249999999176, 16.114583333333094 ] ] ] } },
{ "type": "Feature", "properties": { "HYRIV_ID": 41290193, "NEXT_DOWN": 41290114, "MAIN_RIV": 41280242, "LENGTH_KM": 0.64, "DIST_DN_KM": 71.0, "DIST_UP_KM": 13.7, "CATCH_SKM": 1.03, "UPLAND_SKM": 112.6, "ENDORHEIC": 0, "DIS_AV_CMS": 6.8140001, "ORD_STRA": 3, "ORD_CLAS": 2, "ORD_FLOW": 6, "HYBAS_L12": 4121099080.0, "Shape_Length": 0.0058925565098825365 }, "geometry": { "type": "MultiLineString", "coordinates": [ [ [ 107.693749999999199, 16.102083333333077 ], [ 107.697916666665861, 16.10624999999974 ] ] ] } },
{ "type": "Feature", "properties": { "HYRIV_ID": 41290194, "NEXT_DOWN": 41290114, "MAIN_RIV": 41280242, "LENGTH_KM": 1.75, "DIST_DN_KM": 70.800003, "DIST_UP_KM": 2.8, "CATCH_SKM": 5.5700002, "UPLAND_SKM": 5.6, "ENDORHEIC": 0, "DIS_AV_CMS": 0.332, "ORD_STRA": 1, "ORD_CLAS": 3, "ORD_FLOW": 7, "HYBAS_L12": 4121099080.0, "Shape_Length": 0.0163092231765515 }, "geometry": { "type": "MultiLineString", "coordinates": [ [ [ 107.71249999999921, 16.102083333333077 ], [ 107.706249999999244, 16.102083333333077 ], [ 107.702083333332524, 16.10624999999974 ], [ 107.697916666665861, 16.10624999999974 ] ] ] } },
{ "type": "Feature", "properties": { "HYRIV_ID": 41290195, "NEXT_DOWN": 41289654, "MAIN_RIV": 41280242, "LENGTH_KM": 3.9, "DIST_DN_KM": 80.800003, "DIST_UP_KM": 5.0, "CATCH_SKM": 10.93, "UPLAND_SKM": 10.9, "ENDORHEIC": 0, "DIS_AV_CMS": 0.65899998, "ORD_STRA": 1, "ORD_CLAS": 2, "ORD_FLOW": 7, "HYBAS_L12": 4121099030.0, "Shape_Length": 0.035564724608111879 }, "geometry": { "type": "MultiLineString", "coordinates": [ [ [ 107.820833333332615, 16.099999999999746 ], [ 107.814583333332536, 16.10624999999974 ], [ 107.814583333332536, 16.122916666666406 ], [ 107.818749999999255, 16.122916666666406 ], [ 107.822916666665861, 16.127083333333069 ] ] ] } },
{ "type": "Feature", "properties": { "HYRIV_ID": 41290284, "NEXT_DOWN": 41290285, "MAIN_RIV": 41280242, "LENGTH_KM": 0.67, "DIST_DN_KM": 77.0, "DIST_UP_KM": 2.8, "CATCH_SKM": 3.3, "UPLAND_SKM": 3.3, "ENDORHEIC": 0, "DIS_AV_CMS": 0.183, "ORD_STRA": 1, "ORD_CLAS": 4, "ORD_FLOW": 7, "HYBAS_L12": 4121578500.0, "Shape_Length": 0.0062500000000795808 }, "geometry": { "type": "MultiLineString", "coordinates": [ [ [ 107.483333333332524, 16.097916666666414 ], [ 107.489583333332604, 16.097916666666414 ] ] ] } },
{ "type": "Feature", "properties": { "HYRIV_ID": 41290285, "NEXT_DOWN": 41290286, "MAIN_RIV": 41280242, "LENGTH_KM": 3.07, "DIST_DN_KM": 73.900002, "DIST_UP_KM": 6.4, "CATCH_SKM": 5.5700002, "UPLAND_SKM": 13.6, "ENDORHEIC": 0, "DIS_AV_CMS": 0.76099998, "ORD_STRA": 2, "ORD_CLAS": 3, "ORD_FLOW": 7, "HYBAS_L12": 4121578500.0, "Shape_Length": 0.028451779686506723 }, "geometry": { "type": "MultiLineString", "coordinates": [ [ [ 107.489583333332604, 16.097916666666414 ], [ 107.502083333332649, 16.097916666666414 ], [ 107.506249999999199, 16.102083333333077 ], [ 107.510416666665861, 16.097916666666414 ], [ 107.514583333332638, 16.097916666666414 ] ] ] } },
{ "type": "Feature", "properties": { "HYRIV_ID": 41290286, "NEXT_DOWN": 41288972, "MAIN_RIV": 41280242, "LENGTH_KM": 7.56, "DIST_DN_KM": 66.5, "DIST_UP_KM": 20.0, "CATCH_SKM": 18.77, "UPLAND_SKM": 118.4, "ENDORHEIC": 0, "DIS_AV_CMS": 6.7859998, "ORD_STRA": 3, "ORD_CLAS": 2, "ORD_FLOW": 6, "HYBAS_L12": 4121578500.0, "Shape_Length": 0.068688672392906297 }, "geometry": { "type": "MultiLineString", "coordinates": [ [ [ 107.514583333332638, 16.097916666666414 ], [ 107.514583333332638, 16.110416666666431 ], [ 107.510416666665861, 16.114583333333094 ], [ 107.514583333332638, 16.118749999999757 ], [ 107.514583333332638, 16.131249999999774 ], [ 107.510416666665861, 16.135416666666423 ], [ 107.510416666665861, 16.143749999999748 ], [ 107.52291666666585, 16.156249999999766 ] ] ] } },
{ "type": "Feature", "properties": { "HYRIV_ID": 41290287, "NEXT_DOWN": 41290192, "MAIN_RIV": 41280242, "LENGTH_KM": 0.96, "DIST_DN_KM": 74.300003, "DIST_UP_KM": 2.0, "CATCH_SKM": 2.6800001, "UPLAND_SKM": 2.7, "ENDORHEIC": 0, "DIS_AV_CMS": 0.15800001, "ORD_STRA": 1, "ORD_CLAS": 4, "ORD_FLOW": 7, "HYBAS_L12": 4121099080.0, "Shape_Length": 0.008838834764843902 }, "geometry": { "type": "MultiLineString", "coordinates": [ [ [ 107.645833333332547, 16.095833333333083 ], [ 107.639583333332524, 16.102083333333077 ] ] ] } },
{ "type": "Feature", "properties": { "HYRIV_ID": 41290347, "NEXT_DOWN": 41290112, "MAIN_RIV": 41280242, "LENGTH_KM": 1.8, "DIST_DN_KM": 75.800003, "DIST_UP_KM": 3.4, "CATCH_SKM": 7.4200001, "UPLAND_SKM": 7.4, "ENDORHEIC": 0, "DIS_AV_CMS": 0.428, "ORD_STRA": 1, "ORD_CLAS": 3, "ORD_FLOW": 7, "HYBAS_L12": 4121578500.0, "Shape_Length": 0.016309223176565711 }, "geometry": { "type": "MultiLineString", "coordinates": [ [ [ 107.564583333332536, 16.091666666666434 ], [ 107.564583333332536, 16.102083333333077 ], [ 107.568749999999255, 16.10624999999974 ] ] ] } },
{ "type": "Feature", "properties": { "HYRIV_ID": 41290436, "NEXT_DOWN": 41290285, "MAIN_RIV": 41280242, "LENGTH_KM": 1.34, "DIST_DN_KM": 77.199997, "DIST_UP_KM": 3.1, "CATCH_SKM": 4.7399998, "UPLAND_SKM": 4.7, "ENDORHEIC": 0, "DIS_AV_CMS": 0.265, "ORD_STRA": 1, "ORD_CLAS": 3, "ORD_FLOW": 7, "HYBAS_L12": 4121578500.0, "Shape_Length": 0.012142556509909436 }, "geometry": { "type": "MultiLineString", "coordinates": [ [ [ 107.485416666665941, 16.087499999999729 ], [ 107.485416666665941, 16.093749999999766 ], [ 107.489583333332604, 16.097916666666414 ] ] ] } },
{ "type": "Feature", "properties": { "HYRIV_ID": 41290437, "NEXT_DOWN": 41290191, "MAIN_RIV": 41280242, "LENGTH_KM": 1.75, "DIST_DN_KM": 76.099998, "DIST_UP_KM": 7.1, "CATCH_SKM": 5.1599998, "UPLAND_SKM": 26.200001, "ENDORHEIC": 0, "DIS_AV_CMS": 1.533, "ORD_STRA": 2, "ORD_CLAS": 3, "ORD_FLOW": 6, "HYBAS_L12": 4121099080.0, "Shape_Length": 0.015951779686443887 }, "geometry": { "type": "MultiLineString", "coordinates": [ [ [ 107.61458333333249, 16.08958333333306 ], [ 107.618749999999267, 16.093749999999766 ], [ 107.618749999999267, 16.097916666666414 ], [ 107.622916666665816, 16.102083333333077 ] ] ] } },
{ "type": "Feature", "properties": { "HYRIV_ID": 41290438, "NEXT_DOWN": 41290437, "MAIN_RIV": 41280242, "LENGTH_KM": 0.67, "DIST_DN_KM": 77.699997, "DIST_UP_KM": 2.5, "CATCH_SKM": 2.48, "UPLAND_SKM": 2.5, "ENDORHEIC": 0, "DIS_AV_CMS": 0.146, "ORD_STRA": 1, "ORD_CLAS": 5, "ORD_FLOW": 7, "HYBAS_L12": 4121099080.0, "Shape_Length": 0.0062500000000227374 }, "geometry": { "type": "MultiLineString", "coordinates": [ [ [ 107.620833333332513, 16.08958333333306 ], [ 107.61458333333249, 16.08958333333306 ] ] ] } },
{ "type": "Feature", "properties": { "HYRIV_ID": 41290439, "NEXT_DOWN": 41290440, "MAIN_RIV": 41280242, "LENGTH_KM": 1.56, "DIST_DN_KM": 73.199997, "DIST_UP_KM": 3.7, "CATCH_SKM": 4.54, "UPLAND_SKM": 4.5, "ENDORHEIC": 0, "DIS_AV_CMS": 0.269, "ORD_STRA": 1, "ORD_CLAS": 3, "ORD_FLOW": 7, "HYBAS_L12": 4121099080.0, "Shape_Length": 0.014583333333291648 }, "geometry": { "type": "MultiLineString", "coordinates": [ [ [ 107.670833333332581, 16.08958333333306 ], [ 107.685416666665873, 16.08958333333306 ] ] ] } },
{ "type": "Feature", "properties": { "HYRIV_ID": 41290440, "NEXT_DOWN": 41290193, "MAIN_RIV": 41280242, "LENGTH_KM": 1.75, "DIST_DN_KM": 71.599998, "DIST_UP_KM": 13.1, "CATCH_SKM": 2.27, "UPLAND_SKM": 86.0, "ENDORHEIC": 0, "DIS_AV_CMS": 5.2, "ORD_STRA": 3, "ORD_CLAS": 2, "ORD_FLOW": 6, "HYBAS_L12": 4121099080.0, "Shape_Length": 0.015951779686460534 }, "geometry": { "type": "MultiLineString", "coordinates": [ [ [ 107.685416666665873, 16.08958333333306 ], [ 107.685416666665873, 16.093749999999766 ], [ 107.693749999999199, 16.102083333333077 ] ] ] } },
{ "type": "Feature", "properties": { "HYRIV_ID": 41290441, "NEXT_DOWN": 41289848, "MAIN_RIV": 41280242, "LENGTH_KM": 3.6, "DIST_DN_KM": 74.300003, "DIST_UP_KM": 12.1, "CATCH_SKM": 11.14, "UPLAND_SKM": 36.099998, "ENDORHEIC": 0, "DIS_AV_CMS": 2.1860001, "ORD_STRA": 2, "ORD_CLAS": 2, "ORD_FLOW": 6, "HYBAS_L12": 4121099030.0, "Shape_Length": 0.032618446352979683 }, "geometry": { "type": "MultiLineString", "coordinates": [ [ [ 107.747916666665816, 16.08958333333306 ], [ 107.747916666665816, 16.093749999999766 ], [ 107.743749999999267, 16.097916666666414 ], [ 107.743749999999267, 16.110416666666431 ], [ 107.747916666665816, 16.114583333333094 ], [ 107.747916666665816, 16.118749999999757 ] ] ] } },
{ "type": "Feature", "properties": { "HYRIV_ID": 41290534, "NEXT_DOWN": 41290535, "MAIN_RIV": 41280242, "LENGTH_KM": 1.11, "DIST_DN_KM": 75.300003, "DIST_UP_KM": 3.1, "CATCH_SKM": 3.71, "UPLAND_SKM": 3.7, "ENDORHEIC": 0, "DIS_AV_CMS": 0.20900001, "ORD_STRA": 1, "ORD_CLAS": 3, "ORD_FLOW": 7, "HYBAS_L12": 4121578500.0, "Shape_Length": 0.010416666666742458 }, "geometry": { "type": "MultiLineString", "coordinates": [ [ [ 107.504166666665895, 16.085416666666397 ], [ 107.514583333332638, 16.085416666666397 ] ] ] } },
{ "type": "Feature", "properties": { "HYRIV_ID": 41290535, "NEXT_DOWN": 41290286, "MAIN_RIV": 41280242, "LENGTH_KM": 1.39, "DIST_DN_KM": 73.900002, "DIST_UP_KM": 12.6, "CATCH_SKM": 1.86, "UPLAND_SKM": 86.0, "ENDORHEIC": 0, "DIS_AV_CMS": 4.927, "ORD_STRA": 3, "ORD_CLAS": 2, "ORD_FLOW": 6, "HYBAS_L12": 4121578500.0, "Shape_Length": 0.012500000000017053 }, "geometry": { "type": "MultiLineString", "coordinates": [ [ [ 107.514583333332638, 16.085416666666397 ], [ 107.514583333332638, 16.097916666666414 ] ] ] } },
{ "type": "Feature", "properties": { "HYRIV_ID": 41290536, "NEXT_DOWN": 41290537, "MAIN_RIV": 41280242, "LENGTH_KM": 1.41, "DIST_DN_KM": 78.300003, "DIST_UP_KM": 3.7, "CATCH_SKM": 3.51, "UPLAND_SKM": 3.5, "ENDORHEIC": 0, "DIS_AV_CMS": 0.204, "ORD_STRA": 1, "ORD_CLAS": 4, "ORD_FLOW": 7, "HYBAS_L12": 4121099080.0, "Shape_Length": 0.01300550143157712 }, "geometry": { "type": "MultiLineString", "coordinates": [ [ [ 107.599999999999199, 16.091666666666434 ], [ 107.606249999999278, 16.085416666666397 ], [ 107.610416666665941, 16.085416666666397 ] ] ] } },
{ "type": "Feature", "properties": { "HYRIV_ID": 41290537, "NEXT_DOWN": 41290437, "MAIN_RIV": 41280242, "LENGTH_KM": 0.64, "DIST_DN_KM": 77.900002, "DIST_UP_KM": 5.4, "CATCH_SKM": 1.03, "UPLAND_SKM": 18.6, "ENDORHEIC": 0, "DIS_AV_CMS": 1.085, "ORD_STRA": 2, "ORD_CLAS": 3, "ORD_FLOW": 6, "HYBAS_L12": 4121099080.0, "Shape_Length": 0.0058925565098021477 }, "geometry": { "type": "MultiLineString", "coordinates": [ [ [ 107.610416666665941, 16.085416666666397 ], [ 107.61458333333249, 16.08958333333306 ] ] ] } },
{ "type": "Feature", "properties": { "HYRIV_ID": 41290538, "NEXT_DOWN": 41290440, "MAIN_RIV": 41280242, "LENGTH_KM": 0.64, "DIST_DN_KM": 73.400002, "DIST_UP_KM": 11.4, "CATCH_SKM": 0.82, "UPLAND_SKM": 79.199997, "ENDORHEIC": 0, "DIS_AV_CMS": 4.789, "ORD_STRA": 3, "ORD_CLAS": 2, "ORD_FLOW": 6, "HYBAS_L12": 4121099080.0, "Shape_Length": 0.0058925565098825365 }, "geometry": { "type": "MultiLineString", "coordinates": [ [ [ 107.689583333332536, 16.085416666666397 ], [ 107.685416666665873, 16.08958333333306 ] ] ] } },
{ "type": "Feature", "properties": { "HYRIV_ID": 41290539, "NEXT_DOWN": 41290441, "MAIN_RIV": 41280242, "LENGTH_KM": 7.0900002, "DIST_DN_KM": 78.099998, "DIST_UP_KM": 8.3, "CATCH_SKM": 17.32, "UPLAND_SKM": 17.3, "ENDORHEIC": 0, "DIS_AV_CMS": 1.049, "ORD_STRA": 1, "ORD_CLAS": 2, "ORD_FLOW": 6, "HYBAS_L12": 4121099030.0, "Shape_Length": 0.065742394137834392 }, "geometry": { "type": "MultiLineString", "coordinates": [ [ [ 107.804166666665907, 16.083333333333066 ], [ 107.797916666665884, 16.08958333333306 ], [ 107.781249999999176, 16.08958333333306 ], [ 107.777083333332513, 16.093749999999766 ], [ 107.768749999999187, 16.093749999999766 ], [ 107.764583333332638, 16.08958333333306 ], [ 107.760416666665975, 16.08958333333306 ], [ 107.756249999999255, 16.085416666666397 ], [ 107.752083333332592, 16.085416666666397 ], [ 107.747916666665816, 16.08958333333306 ] ] ] } },
{ "type": "Feature", "properties": { "HYRIV_ID": 41290634, "NEXT_DOWN": 41290537, "MAIN_RIV": 41280242, "LENGTH_KM": 0.64, "DIST_DN_KM": 78.5, "DIST_UP_KM": 4.7, "CATCH_SKM": 0.41, "UPLAND_SKM": 14.0, "ENDORHEIC": 0, "DIS_AV_CMS": 0.82, "ORD_STRA": 2, "ORD_CLAS": 3, "ORD_FLOW": 7, "HYBAS_L12": 4121099080.0, "Shape_Length": 0.0058925565098724882 }, "geometry": { "type": "MultiLineString", "coordinates": [ [ [ 107.606249999999278, 16.081249999999748 ], [ 107.610416666665941, 16.085416666666397 ] ] ] } },
{ "type": "Feature", "properties": { "HYRIV_ID": 41290713, "NEXT_DOWN": 41290535, "MAIN_RIV": 41280242, "LENGTH_KM": 1.11, "DIST_DN_KM": 75.300003, "DIST_UP_KM": 11.3, "CATCH_SKM": 1.65, "UPLAND_SKM": 80.5, "ENDORHEIC": 0, "DIS_AV_CMS": 4.605, "ORD_STRA": 3, "ORD_CLAS": 2, "ORD_FLOW": 6, "HYBAS_L12": 4121578500.0, "Shape_Length": 0.010059223176450815 }, "geometry": { "type": "MultiLineString", "coordinates": [ [ [ 107.518749999999187, 16.077083333333086 ], [ 107.514583333332638, 16.081249999999748 ], [ 107.514583333332638, 16.085416666666397 ] ] ] } },
{ "type": "Feature", "properties": { "HYRIV_ID": 41290714, "NEXT_DOWN": 41290634, "MAIN_RIV": 41280242, "LENGTH_KM": 0.69, "DIST_DN_KM": 79.0, "DIST_UP_KM": 2.7, "CATCH_SKM": 4.54, "UPLAND_SKM": 4.5, "ENDORHEIC": 0, "DIS_AV_CMS": 0.266, "ORD_STRA": 1, "ORD_CLAS": 4, "ORD_FLOW": 7, "HYBAS_L12": 4121099080.0, "Shape_Length": 0.0062499999999943157 }, "geometry": { "type": "MultiLineString", "coordinates": [ [ [ 107.606249999999278, 16.074999999999754 ], [ 107.606249999999278, 16.081249999999748 ] ] ] } },
{ "type": "Feature", "properties": { "HYRIV_ID": 41290823, "NEXT_DOWN": 41290634, "MAIN_RIV": 41280242, "LENGTH_KM": 2.4, "DIST_DN_KM": 79.199997, "DIST_UP_KM": 4.1, "CATCH_SKM": 9.08, "UPLAND_SKM": 9.1, "ENDORHEIC": 0, "DIS_AV_CMS": 0.52899998, "ORD_STRA": 1, "ORD_CLAS": 3, "ORD_FLOW": 7, "HYBAS_L12": 4121099080.0, "Shape_Length": 0.022201779686490883 }, "geometry": { "type": "MultiLineString", "coordinates": [ [ [ 107.58749999999921, 16.072916666666423 ], [ 107.597916666665895, 16.072916666666423 ], [ 107.606249999999278, 16.081249999999748 ] ] ] } },
{ "type": "Feature", "properties": { "HYRIV_ID": 41290920, "NEXT_DOWN": 41290713, "MAIN_RIV": 41280242, "LENGTH_KM": 4.62, "DIST_DN_KM": 76.400002, "DIST_UP_KM": 6.3, "CATCH_SKM": 13.82, "UPLAND_SKM": 13.8, "ENDORHEIC": 0, "DIS_AV_CMS": 0.796, "ORD_STRA": 1, "ORD_CLAS": 3, "ORD_FLOW": 7, "HYBAS_L12": 4121578500.0, "Shape_Length": 0.043035113019811867 }, "geometry": { "type": "MultiLineString", "coordinates": [ [ [ 107.558333333332513, 16.068749999999717 ], [ 107.535416666665839, 16.068749999999717 ], [ 107.531249999999233, 16.072916666666423 ], [ 107.527083333332513, 16.072916666666423 ], [ 107.52291666666585, 16.077083333333086 ], [ 107.518749999999187, 16.077083333333086 ] ] ] } },
{ "type": "Feature", "properties": { "HYRIV_ID": 41290921, "NEXT_DOWN": 41290538, "MAIN_RIV": 41280242, "LENGTH_KM": 2.3900001, "DIST_DN_KM": 74.0, "DIST_UP_KM": 10.7, "CATCH_SKM": 4.9499998, "UPLAND_SKM": 54.900002, "ENDORHEIC": 0, "DIS_AV_CMS": 3.306, "ORD_STRA": 3, "ORD_CLAS": 2, "ORD_FLOW": 6, "HYBAS_L12": 4121099080.0, "Shape_Length": 0.021844336196383266 }, "geometry": { "type": "MultiLineString", "coordinates": [ [ [ 107.67708333333249, 16.068749999999717 ], [ 107.67708333333249, 16.072916666666423 ], [ 107.689583333332536, 16.085416666666397 ] ] ] } },
{ "type": "Feature", "properties": { "HYRIV_ID": 41290922, "NEXT_DOWN": 41290441, "MAIN_RIV": 41280242, "LENGTH_KM": 3.1800001, "DIST_DN_KM": 77.900002, "DIST_UP_KM": 4.4, "CATCH_SKM": 7.6300001, "UPLAND_SKM": 7.6, "ENDORHEIC": 0, "DIS_AV_CMS": 0.463, "ORD_STRA": 1, "ORD_CLAS": 3, "ORD_FLOW": 7, "HYBAS_L12": 4121099030.0, "Shape_Length": 0.028957281117990858 }, "geometry": { "type": "MultiLineString", "coordinates": [ [ [ 107.762499999999278, 16.066666666666443 ], [ 107.747916666665816, 16.081249999999748 ], [ 107.747916666665816, 16.08958333333306 ] ] ] } },
{ "type": "Feature", "properties": { "HYRIV_ID": 41290993, "NEXT_DOWN": 41290713, "MAIN_RIV": 41280242, "LENGTH_KM": 1.39, "DIST_DN_KM": 76.400002, "DIST_UP_KM": 10.1, "CATCH_SKM": 3.51, "UPLAND_SKM": 65.0, "ENDORHEIC": 0, "DIS_AV_CMS": 3.7119999, "ORD_STRA": 3, "ORD_CLAS": 2, "ORD_FLOW": 6, "HYBAS_L12": 4121578500.0, "Shape_Length": 0.01249999999997442 }, "geometry": { "type": "MultiLineString", "coordinates": [ [ [ 107.518749999999187, 16.064583333333111 ], [ 107.518749999999187, 16.077083333333086 ] ] ] } },
{ "type": "Feature", "properties": { "HYRIV_ID": 41291068, "NEXT_DOWN": 41290921, "MAIN_RIV": 41280242, "LENGTH_KM": 2.62, "DIST_DN_KM": 76.400002, "DIST_UP_KM": 6.8, "CATCH_SKM": 7.0100002, "UPLAND_SKM": 27.200001, "ENDORHEIC": 0, "DIS_AV_CMS": 1.627, "ORD_STRA": 3, "ORD_CLAS": 3, "ORD_FLOW": 6, "HYBAS_L12": 4121099080.0, "Shape_Length": 0.024285113019776955 }, "geometry": { "type": "MultiLineString", "coordinates": [ [ [ 107.656249999999176, 16.060416666666406 ], [ 107.664583333332558, 16.060416666666406 ], [ 107.668749999999164, 16.064583333333111 ], [ 107.672916666665884, 16.064583333333111 ], [ 107.67708333333249, 16.068749999999717 ] ] ] } },
{ "type": "Feature", "properties": { "HYRIV_ID": 41291069, "NEXT_DOWN": 41290193, "MAIN_RIV": 41280242, "LENGTH_KM": 6.7800002, "DIST_DN_KM": 71.599998, "DIST_UP_KM": 9.5, "CATCH_SKM": 16.709999, "UPLAND_SKM": 25.6, "ENDORHEIC": 0, "DIS_AV_CMS": 1.549, "ORD_STRA": 2, "ORD_CLAS": 3, "ORD_FLOW": 6, "HYBAS_L12": 4121099080.0, "Shape_Length": 0.062081228902631812 }, "geometry": { "type": "MultiLineString", "coordinates": [ [ [ 107.731249999999278, 16.060416666666406 ], [ 107.722916666665895, 16.068749999999717 ], [ 107.722916666665895, 16.077083333333086 ], [ 107.718749999999233, 16.081249999999748 ], [ 107.71458333333257, 16.081249999999748 ], [ 107.710416666665907, 16.085416666666397 ], [ 107.710416666665907, 16.08958333333306 ], [ 107.706249999999244, 16.093749999999766 ], [ 107.702083333332524, 16.093749999999766 ], [ 107.693749999999199, 16.102083333333077 ] ] ] } },
{ "type": "Feature", "properties": { "HYRIV_ID": 41291161, "NEXT_DOWN": 41290993, "MAIN_RIV": 41280242, "LENGTH_KM": 4.4, "DIST_DN_KM": 77.800003, "DIST_UP_KM": 8.8, "CATCH_SKM": 13.0, "UPLAND_SKM": 28.9, "ENDORHEIC": 0, "DIS_AV_CMS": 1.623, "ORD_STRA": 2, "ORD_CLAS": 2, "ORD_FLOW": 6, "HYBAS_L12": 4121578500.0, "Shape_Length": 0.040951779686442258 }, "geometry": { "type": "MultiLineString", "coordinates": [ [ [ 107.481249999999164, 16.056249999999743 ], [ 107.485416666665941, 16.056249999999743 ], [ 107.489583333332604, 16.060416666666406 ], [ 107.497916666665816, 16.060416666666406 ], [ 107.502083333332649, 16.064583333333111 ], [ 107.518749999999187, 16.064583333333111 ] ] ] } },
{ "type": "Feature", "properties": { "HYRIV_ID": 41291162, "NEXT_DOWN": 41291068, "MAIN_RIV": 41280242, "LENGTH_KM": 1.09, "DIST_DN_KM": 79.0, "DIST_UP_KM": 4.2, "CATCH_SKM": 2.8900001, "UPLAND_SKM": 12.2, "ENDORHEIC": 0, "DIS_AV_CMS": 0.723, "ORD_STRA": 2, "ORD_CLAS": 3, "ORD_FLOW": 7, "HYBAS_L12": 4121099080.0, "Shape_Length": 0.010059223176545413 }, "geometry": { "type": "MultiLineString", "coordinates": [ [ [ 107.64791666666585, 16.056249999999743 ], [ 107.652083333332513, 16.056249999999743 ], [ 107.656249999999176, 16.060416666666406 ] ] ] } },
{ "type": "Feature", "properties": { "HYRIV_ID": 41291163, "NEXT_DOWN": 41291069, "MAIN_RIV": 41280242, "LENGTH_KM": 1.31, "DIST_DN_KM": 78.400002, "DIST_UP_KM": 2.6, "CATCH_SKM": 4.9499998, "UPLAND_SKM": 5.0, "ENDORHEIC": 0, "DIS_AV_CMS": 0.301, "ORD_STRA": 1, "ORD_CLAS": 4, "ORD_FLOW": 7, "HYBAS_L12": 4121099080.0, "Shape_Length": 0.012142556509791586 }, "geometry": { "type": "MultiLineString", "coordinates": [ [ [ 107.74166666666585, 16.056249999999743 ], [ 107.735416666665941, 16.056249999999743 ], [ 107.731249999999278, 16.060416666666406 ] ] ] } },
{ "type": "Feature", "properties": { "HYRIV_ID": 41291249, "NEXT_DOWN": 41291161, "MAIN_RIV": 41280242, "LENGTH_KM": 1.95, "DIST_DN_KM": 82.400002, "DIST_UP_KM": 3.3, "CATCH_SKM": 4.33, "UPLAND_SKM": 4.3, "ENDORHEIC": 0, "DIS_AV_CMS": 0.241, "ORD_STRA": 1, "ORD_CLAS": 3, "ORD_FLOW": 7, "HYBAS_L12": 4121578500.0, "Shape_Length": 0.01803511301974417 }, "geometry": { "type": "MultiLineString", "coordinates": [ [ [ 107.466666666665873, 16.056249999999743 ], [ 107.472916666665952, 16.056249999999743 ], [ 107.477083333332615, 16.052083333333094 ], [ 107.481249999999164, 16.056249999999743 ] ] ] } },
{ "type": "Feature", "properties": { "HYRIV_ID": 41291250, "NEXT_DOWN": 41291251, "MAIN_RIV": 41280242, "LENGTH_KM": 0.67, "DIST_DN_KM": 79.199997, "DIST_UP_KM": 2.8, "CATCH_SKM": 2.6800001, "UPLAND_SKM": 2.7, "ENDORHEIC": 0, "DIS_AV_CMS": 0.153, "ORD_STRA": 1, "ORD_CLAS": 4, "ORD_FLOW": 7, "HYBAS_L12": 4121578500.0, "Shape_Length": 0.0062499999999658939 }, "geometry": { "type": "MultiLineString", "coordinates": [ [ [ 107.512499999999221, 16.052083333333094 ], [ 107.518749999999187, 16.052083333333094 ] ] ] } },
{ "type": "Feature", "properties": { "HYRIV_ID": 41291251, "NEXT_DOWN": 41290993, "MAIN_RIV": 41280242, "LENGTH_KM": 1.39, "DIST_DN_KM": 77.800003, "DIST_UP_KM": 8.4, "CATCH_SKM": 3.3, "UPLAND_SKM": 32.599998, "ENDORHEIC": 0, "DIS_AV_CMS": 1.883, "ORD_STRA": 2, "ORD_CLAS": 3, "ORD_FLOW": 6, "HYBAS_L12": 4121578500.0, "Shape_Length": 0.012500000000017053 }, "geometry": { "type": "MultiLineString", "coordinates": [ [ [ 107.518749999999187, 16.052083333333094 ], [ 107.518749999999187, 16.064583333333111 ] ] ] } },
{ "type": "Feature", "properties": { "HYRIV_ID": 41291252, "NEXT_DOWN": 41291162, "MAIN_RIV": 41280242, "LENGTH_KM": 0.96, "DIST_DN_KM": 80.099998, "DIST_UP_KM": 2.7, "CATCH_SKM": 2.48, "UPLAND_SKM": 2.5, "ENDORHEIC": 0, "DIS_AV_CMS": 0.148, "ORD_STRA": 1, "ORD_CLAS": 4, "ORD_FLOW": 7, "HYBAS_L12": 4121099080.0, "Shape_Length": 0.0088388347647936592 }, "geometry": { "type": "MultiLineString", "coordinates": [ [ [ 107.641666666665884, 16.049999999999763 ], [ 107.64791666666585, 16.056249999999743 ] ] ] } },
{ "type": "Feature", "properties": { "HYRIV_ID": 41291253, "NEXT_DOWN": 41291068, "MAIN_RIV": 41280242, "LENGTH_KM": 0.93, "DIST_DN_KM": 78.900002, "DIST_UP_KM": 4.3, "CATCH_SKM": 1.4400001, "UPLAND_SKM": 8.0, "ENDORHEIC": 0, "DIS_AV_CMS": 0.48300001, "ORD_STRA": 2, "ORD_CLAS": 4, "ORD_FLOW": 7, "HYBAS_L12": 4121099080.0, "Shape_Length": 0.0083333333333115434 }, "geometry": { "type": "MultiLineString", "coordinates": [ [ [ 107.656249999999176, 16.052083333333094 ], [ 107.656249999999176, 16.060416666666406 ] ] ] } },
{ "type": "Feature", "properties": { "HYRIV_ID": 41291254, "NEXT_DOWN": 41290921, "MAIN_RIV": 41280242, "LENGTH_KM": 2.03, "DIST_DN_KM": 76.199997, "DIST_UP_KM": 8.5, "CATCH_SKM": 3.51, "UPLAND_SKM": 22.700001, "ENDORHEIC": 0, "DIS_AV_CMS": 1.378, "ORD_STRA": 2, "ORD_CLAS": 2, "ORD_FLOW": 6, "HYBAS_L12": 4121099080.0, "Shape_Length": 0.018392556509870456 }, "geometry": { "type": "MultiLineString", "coordinates": [ [ [ 107.68124999999921, 16.052083333333094 ], [ 107.68124999999921, 16.060416666666406 ], [ 107.67708333333249, 16.064583333333111 ], [ 107.67708333333249, 16.068749999999717 ] ] ] } },
{ "type": "Feature", "properties": { "HYRIV_ID": 41291255, "NEXT_DOWN": 41291069, "MAIN_RIV": 41280242, "LENGTH_KM": 1.34, "DIST_DN_KM": 78.400002, "DIST_UP_KM": 2.7, "CATCH_SKM": 3.9200001, "UPLAND_SKM": 3.9, "ENDORHEIC": 0, "DIS_AV_CMS": 0.23800001, "ORD_STRA": 1, "ORD_CLAS": 3, "ORD_FLOW": 7, "HYBAS_L12": 4121099080.0, "Shape_Length": 0.012142556509902836 }, "geometry": { "type": "MultiLineString", "coordinates": [ [ [ 107.727083333332558, 16.049999999999763 ], [ 107.727083333332558, 16.056249999999743 ], [ 107.731249999999278, 16.060416666666406 ] ] ] } },
{ "type": "Feature", "properties": { "HYRIV_ID": 41291331, "NEXT_DOWN": 41291161, "MAIN_RIV": 41280242, "LENGTH_KM": 2.6600001, "DIST_DN_KM": 82.199997, "DIST_UP_KM": 4.4, "CATCH_SKM": 11.55, "UPLAND_SKM": 11.6, "ENDORHEIC": 0, "DIS_AV_CMS": 0.64700001, "ORD_STRA": 1, "ORD_CLAS": 2, "ORD_FLOW": 7, "HYBAS_L12": 4121578500.0, "Shape_Length": 0.02464255650985615 }, "geometry": { "type": "MultiLineString", "coordinates": [ [ [ 107.46249999999921, 16.047916666666431 ], [ 107.477083333332615, 16.047916666666431 ], [ 107.481249999999164, 16.052083333333094 ], [ 107.481249999999164, 16.056249999999743 ] ] ] } },
{ "type": "Feature", "properties": { "HYRIV_ID": 41291332, "NEXT_DOWN": 41291251, "MAIN_RIV": 41280242, "LENGTH_KM": 0.64, "DIST_DN_KM": 79.400002, "DIST_UP_KM": 6.8, "CATCH_SKM": 0.21, "UPLAND_SKM": 26.6, "ENDORHEIC": 0, "DIS_AV_CMS": 1.54, "ORD_STRA": 2, "ORD_CLAS": 3, "ORD_FLOW": 6, "HYBAS_L12": 4121578500.0, "Shape_Length": 0.0058925565098825365 }, "geometry": { "type": "MultiLineString", "coordinates": [ [ [ 107.52291666666585, 16.047916666666431 ], [ 107.518749999999187, 16.052083333333094 ] ] ] } },
{ "type": "Feature", "properties": { "HYRIV_ID": 41291333, "NEXT_DOWN": 41291332, "MAIN_RIV": 41280242, "LENGTH_KM": 1.56, "DIST_DN_KM": 79.800003, "DIST_UP_KM": 3.9, "CATCH_SKM": 6.1900001, "UPLAND_SKM": 6.2, "ENDORHEIC": 0, "DIS_AV_CMS": 0.35800001, "ORD_STRA": 1, "ORD_CLAS": 4, "ORD_FLOW": 7, "HYBAS_L12": 4121578500.0, "Shape_Length": 0.014583333333405335 }, "geometry": { "type": "MultiLineString", "coordinates": [ [ [ 107.537499999999255, 16.047916666666431 ], [ 107.52291666666585, 16.047916666666431 ] ] ] } },
{ "type": "Feature", "properties": { "HYRIV_ID": 41291334, "NEXT_DOWN": 41291162, "MAIN_RIV": 41280242, "LENGTH_KM": 2.05, "DIST_DN_KM": 79.900002, "DIST_UP_KM": 3.3, "CATCH_SKM": 6.81, "UPLAND_SKM": 6.8, "ENDORHEIC": 0, "DIS_AV_CMS": 0.40400001, "ORD_STRA": 1, "ORD_CLAS": 3, "ORD_FLOW": 7, "HYBAS_L12": 4121099080.0, "Shape_Length": 0.018898057941339072 }, "geometry": { "type": "MultiLineString", "coordinates": [ [ [ 107.633333333332558, 16.0458333333331 ], [ 107.643749999999187, 16.056249999999743 ], [ 107.64791666666585, 16.056249999999743 ] ] ] } },
{ "type": "Feature", "properties": { "HYRIV_ID": 41291335, "NEXT_DOWN": 41291253, "MAIN_RIV": 41280242, "LENGTH_KM": 0.96, "DIST_DN_KM": 80.0, "DIST_UP_KM": 2.7, "CATCH_SKM": 2.06, "UPLAND_SKM": 2.1, "ENDORHEIC": 0, "DIS_AV_CMS": 0.123, "ORD_STRA": 1, "ORD_CLAS": 5, "ORD_FLOW": 7, "HYBAS_L12": 4121099080.0, "Shape_Length": 0.0088388347648037068 }, "geometry": { "type": "MultiLineString", "coordinates": [ [ [ 107.64999999999921, 16.0458333333331 ], [ 107.656249999999176, 16.052083333333094 ] ] ] } },
{ "type": "Feature", "properties": { "HYRIV_ID": 41291427, "NEXT_DOWN": 41291254, "MAIN_RIV": 41280242, "LENGTH_KM": 1.16, "DIST_DN_KM": 78.300003, "DIST_UP_KM": 4.0, "CATCH_SKM": 3.1, "UPLAND_SKM": 3.1, "ENDORHEIC": 0, "DIS_AV_CMS": 0.186, "ORD_STRA": 1, "ORD_CLAS": 3, "ORD_FLOW": 7, "HYBAS_L12": 4121099080.0, "Shape_Length": 0.010416666666642982 }, "geometry": { "type": "MultiLineString", "coordinates": [ [ [ 107.68124999999921, 16.041666666666451 ], [ 107.68124999999921, 16.052083333333094 ] ] ] } },
{ "type": "Feature", "properties": { "HYRIV_ID": 41291506, "NEXT_DOWN": 41291253, "MAIN_RIV": 41280242, "LENGTH_KM": 1.8, "DIST_DN_KM": 80.0, "DIST_UP_KM": 3.1, "CATCH_SKM": 4.54, "UPLAND_SKM": 4.5, "ENDORHEIC": 0, "DIS_AV_CMS": 0.273, "ORD_STRA": 1, "ORD_CLAS": 4, "ORD_FLOW": 7, "HYBAS_L12": 4121099080.0, "Shape_Length": 0.01630922317656815 }, "geometry": { "type": "MultiLineString", "coordinates": [ [ [ 107.660416666665839, 16.037499999999746 ], [ 107.660416666665839, 16.047916666666431 ], [ 107.656249999999176, 16.052083333333094 ] ] ] } },
{ "type": "Feature", "properties": { "HYRIV_ID": 41291572, "NEXT_DOWN": 41291332, "MAIN_RIV": 41280242, "LENGTH_KM": 1.5700001, "DIST_DN_KM": 79.800003, "DIST_UP_KM": 6.4, "CATCH_SKM": 6.4, "UPLAND_SKM": 20.200001, "ENDORHEIC": 0, "DIS_AV_CMS": 1.17, "ORD_STRA": 2, "ORD_CLAS": 3, "ORD_FLOW": 6, "HYBAS_L12": 4121578500.0, "Shape_Length": 0.014225889843240875 }, "geometry": { "type": "MultiLineString", "coordinates": [ [ [ 107.527083333332513, 16.035416666666414 ], [ 107.527083333332513, 16.03958333333312 ], [ 107.52291666666585, 16.043749999999768 ], [ 107.52291666666585, 16.047916666666431 ] ] ] } },
{ "type": "Feature", "properties": { "HYRIV_ID": 41291680, "NEXT_DOWN": 41291572, "MAIN_RIV": 41280242, "LENGTH_KM": 1.41, "DIST_DN_KM": 81.400002, "DIST_UP_KM": 2.7, "CATCH_SKM": 3.9200001, "UPLAND_SKM": 3.9, "ENDORHEIC": 0, "DIS_AV_CMS": 0.225, "ORD_STRA": 1, "ORD_CLAS": 4, "ORD_FLOW": 7, "HYBAS_L12": 4121578500.0, "Shape_Length": 0.013005501431466584 }, "geometry": { "type": "MultiLineString", "coordinates": [ [ [ 107.516666666665884, 16.02916666666642 ], [ 107.52291666666585, 16.035416666666414 ], [ 107.527083333332513, 16.035416666666414 ] ] ] } },
{ "type": "Feature", "properties": { "HYRIV_ID": 41291786, "NEXT_DOWN": 41291572, "MAIN_RIV": 41280242, "LENGTH_KM": 2.84, "DIST_DN_KM": 81.400002, "DIST_UP_KM": 4.8, "CATCH_SKM": 9.9, "UPLAND_SKM": 9.9, "ENDORHEIC": 0, "DIS_AV_CMS": 0.57599998, "ORD_STRA": 1, "ORD_CLAS": 3, "ORD_FLOW": 7, "HYBAS_L12": 4121578500.0, "Shape_Length": 0.026368446353217202 }, "geometry": { "type": "MultiLineString", "coordinates": [ [ [ 107.549999999999301, 16.027083333333103 ], [ 107.539583333332558, 16.027083333333103 ], [ 107.531249999999233, 16.035416666666414 ], [ 107.527083333332513, 16.035416666666414 ] ] ] } },
{ "type": "Feature", "properties": { "HYRIV_ID": 41291896, "NEXT_DOWN": 41291254, "MAIN_RIV": 41280242, "LENGTH_KM": 3.6, "DIST_DN_KM": 78.5, "DIST_UP_KM": 6.3, "CATCH_SKM": 8.46, "UPLAND_SKM": 16.1, "ENDORHEIC": 0, "DIS_AV_CMS": 0.97899997, "ORD_STRA": 2, "ORD_CLAS": 2, "ORD_FLOW": 7, "HYBAS_L12": 4121099080.0, "Shape_Length": 0.032618446353140464 }, "geometry": { "type": "MultiLineString", "coordinates": [ [ [ 107.689583333332536, 16.022916666666397 ], [ 107.689583333332536, 16.03958333333312 ], [ 107.685416666665873, 16.043749999999768 ], [ 107.685416666665873, 16.047916666666431 ], [ 107.68124999999921, 16.052083333333094 ] ] ] } },
{ "type": "Feature", "properties": { "HYRIV_ID": 41291987, "NEXT_DOWN": 41290538, "MAIN_RIV": 41280242, "LENGTH_KM": 8.9899998, "DIST_DN_KM": 73.900002, "DIST_UP_KM": 10.7, "CATCH_SKM": 23.52, "UPLAND_SKM": 23.5, "ENDORHEIC": 0, "DIS_AV_CMS": 1.431, "ORD_STRA": 1, "ORD_CLAS": 3, "ORD_FLOW": 6, "HYBAS_L12": 4121099080.0, "Shape_Length": 0.081694173824204783 }, "geometry": { "type": "MultiLineString", "coordinates": [ [ [ 107.71249999999921, 16.016666666666403 ], [ 107.706249999999244, 16.022916666666397 ], [ 107.706249999999244, 16.035416666666414 ], [ 107.702083333332524, 16.03958333333312 ], [ 107.702083333332524, 16.043749999999768 ], [ 107.706249999999244, 16.047916666666431 ], [ 107.706249999999244, 16.056249999999743 ], [ 107.697916666665861, 16.064583333333111 ], [ 107.697916666665861, 16.068749999999717 ], [ 107.693749999999199, 16.072916666666423 ], [ 107.693749999999199, 16.077083333333086 ], [ 107.689583333332536, 16.081249999999748 ], [ 107.689583333332536, 16.085416666666397 ] ] ] } },
{ "type": "Feature", "properties": { "HYRIV_ID": 41292083, "NEXT_DOWN": 41291896, "MAIN_RIV": 41280242, "LENGTH_KM": 1.16, "DIST_DN_KM": 81.900002, "DIST_UP_KM": 2.6, "CATCH_SKM": 3.1, "UPLAND_SKM": 3.1, "ENDORHEIC": 0, "DIS_AV_CMS": 0.188, "ORD_STRA": 1, "ORD_CLAS": 3, "ORD_FLOW": 7, "HYBAS_L12": 4121099080.0, "Shape_Length": 0.010416666666642982 }, "geometry": { "type": "MultiLineString", "coordinates": [ [ [ 107.689583333332536, 16.012499999999754 ], [ 107.689583333332536, 16.022916666666397 ] ] ] } },
{ "type": "Feature", "properties": { "HYRIV_ID": 41292084, "NEXT_DOWN": 41291896, "MAIN_RIV": 41280242, "LENGTH_KM": 1.34, "DIST_DN_KM": 82.099998, "DIST_UP_KM": 2.7, "CATCH_SKM": 4.54, "UPLAND_SKM": 4.5, "ENDORHEIC": 0, "DIS_AV_CMS": 0.27700001, "ORD_STRA": 1, "ORD_CLAS": 2, "ORD_FLOW": 7, "HYBAS_L12": 4121099080.0, "Shape_Length": 0.01214255650986264 }, "geometry": { "type": "MultiLineString", "coordinates": [ [ [ 107.693749999999199, 16.012499999999754 ], [ 107.693749999999199, 16.018749999999734 ], [ 107.689583333332536, 16.022916666666397 ] ] ] } }
]
}
