type_a,name_a,type_b,name_b,distance_km,hydrologic_relationship
rain,Cảng Chân Mây,wind,Cảng Chân Mây,0.0,UNKNOWN
rain,Cảng Tư Hiền,wind,Cảng Tư Hiền,0.0,UNKNOWN
rain,VPTT PCTTHUE,wind,VPTT PCTTHUE,0.0,UNKNOWN
water_level,Cảng Tư Hiền,wind,Cảng Tư Hiền,0.01457557506004704,UNKNOWN
rain,Cảng Tư Hiền,water_level,Cảng Tư Hiền,0.01457557506004704,UNKNOWN
rain,Đập Thủy điện Rào Trăng 3 (Phong Điền),reservoir,Thủy điện Rào Trăng 3,0.030079605812456105,UNKNOWN
rain,Đập Thủy điện Rào Trăng 4 (Phong Điền),reservoir,Thủy điện Rào Trăng 4,0.05470760004439761,UNKNOWN
rain,Thủy Thanh (Hương Thủy),water_level,Xã Thủy Thanh (TX Hương Thủy),0.25397483308778407,UNKNOWN
rain,Cảng Thuận An,wind,Cảng Thuận An,0.26441207699922736,UNKNOWN
rain,Quan Tượng Đài (Phú Xuân),water_level,Trạm Dã Viên (Sông Hương),0.3666513107158208,UNKNOWN
rain,Thủy điện Bình Điền (Hương Trà),reservoir,Thủy điện Bình Điền,0.3933220587762442,UNKNOWN
water_level,Cảng Cá Thuận An,wind,Cảng Thuận An,0.5033319343915204,UNKNOWN
rain,Cảng Thuận An,water_level,Cảng Cá Thuận An,0.7666967463410499,UNKNOWN
rain,"Đập, Thủy điện Thượng Nhật (Phú Lộc)",reservoir,Thủy điện Thượng Nhật,0.8358997809538536,UNKNOWN
rain,Đan Điền,water_level,"Thôn Trung Làng, xã Quảng Thái",0.926973973942274,UNKNOWN
rain,Quảng Phú (Quảng Điền),water_level,Trạm Tứ Phú (Sông Bồ),1.118366862395931,UNKNOWN
rain,Đập Thủy điện Rào Trăng 3 (Phong Điền),reservoir,Đập A Lin 3,1.1196778206883398,UNKNOWN
rain,Đồn Biên phòng Cảng Chân Mây (Phú Lộc),wind,Cảng Chân Mây,1.2404483350883715,UNKNOWN
rain,VP QLKTCTTL TP Huế (TP Huế),water_level,Khu TĐC Hương Sơ(Thành phố Huế),1.4735347643503167,UNKNOWN
rain,Lưu vực Thủy điện Thượng Nhật (Phú Lộc),reservoir,Thủy điện Thượng Nhật,1.5863691924737295,UNKNOWN
rain,Hồ Tà Rinh (Phú Lộc),reservoir,Thủy điện Thượng Nhật,1.5902735231513916,UNKNOWN
rain,VP QLKTCTTL TP Huế (TP Huế),water_level,Phú Xuân,1.611313751598332,UNKNOWN
rain,Cảng Thuận An,reservoir,Đập Thảo Long,1.9442991347303664,UNKNOWN
wind,Cảng Thuận An,reservoir,Đập Thảo Long,1.9539795995188232,UNKNOWN
rain,VPTT PCTTHUE,water_level,An Cựu,1.9602584111366603,UNKNOWN
water_level,An Cựu,wind,VPTT PCTTHUE,1.9602584111366603,UNKNOWN
rain,VPTT PCTTHUE,water_level,Trạm Dã Viên (Sông Hương),1.9770898947402988,UNKNOWN
water_level,Trạm Dã Viên (Sông Hương),wind,VPTT PCTTHUE,1.9770898947402988,UNKNOWN
rain,Quan Tượng Đài (Phú Xuân),wind,VPTT PCTTHUE,1.9771457990858612,UNKNOWN
rain,Thị trấn Phong Điền (Phong Điền),water_level,Cầu Huỳnh Liên-Văn Trạch Hòa(Sông Ô Lâu),1.9854257381915947,UNKNOWN
rain,An Tây (Thuận Hóa),water_level,"Xóm Gióng, Phường Thủy Dương",2.087109125900779,UNKNOWN
rain,Quan Tượng Đài (Phú Xuân),water_level,Phú Xuân,2.1029300937532707,UNKNOWN
water_level,Cảng Cá Thuận An,reservoir,Đập Thảo Long,2.118892810674502,UNKNOWN
rain,Hồng Vân (A Lưới),reservoir,Thủy điện A Lin Thượng,2.2010450090899134,UNKNOWN
rain,VPTT PCTTHUE,water_level,"Khu đô thị An Cựu City, TP Huế",2.3465988051503186,UNKNOWN
water_level,"Khu đô thị An Cựu City, TP Huế",wind,VPTT PCTTHUE,2.3465988051503186,UNKNOWN
rain,Vỹ Dạ,water_level,"Chung cư Xuân Phú, TP Huế",2.368832190503799,UNKNOWN
rain,VPTT PCTTHUE,water_level,"Chung cư Xuân Phú, TP Huế",2.5548769712253816,UNKNOWN
water_level,"Chung cư Xuân Phú, TP Huế",wind,VPTT PCTTHUE,2.5548769712253816,UNKNOWN
rain,Đập Thủy điện Rào Trăng 3 (Phong Điền),reservoir,Thủy điện A LIN B2,2.6715191550055515,UNKNOWN
rain,TT Sịa (Quảng Điền),water_level,"Thủ Lễ, xã Quảng Phước",2.748277310201696,UNKNOWN
rain,An Tây (Thuận Hóa),water_level,"Khu đô thị An Cựu City, TP Huế",2.7629662279201,UNKNOWN
rain,Vỹ Dạ,water_level,Xã Thủy Thanh (TX Hương Thủy),2.883115547607359,UNKNOWN
rain,Thủy Thanh (Hương Thủy),water_level,"Chung cư Xuân Phú, TP Huế",2.9140148941945503,UNKNOWN
water_level,Phú Xuân,wind,VPTT PCTTHUE,3.0726169651978537,UNKNOWN
rain,VPTT PCTTHUE,water_level,Phú Xuân,3.0726169651978537,UNKNOWN
rain,Quảng Phú (Quảng Điền),water_level,"Thôn Phò Nam A, xã Quảng Thọ",3.187674225052738,UNKNOWN
rain,An Tây (Thuận Hóa),water_level,An Cựu,3.2433482693414475,UNKNOWN
rain,Đan Điền,water_level,Cầu Hòa Xuân 1(Sông Ô Lâu),3.2540763812894635,UNKNOWN
water_level,"Xóm Gióng, Phường Thủy Dương",wind,VPTT PCTTHUE,3.309800768545356,UNKNOWN
rain,VPTT PCTTHUE,water_level,"Xóm Gióng, Phường Thủy Dương",3.309800768545356,UNKNOWN
rain,Vỹ Dạ,water_level,An Cựu,3.3129769854738242,UNKNOWN
rain,An Tây (Thuận Hóa),wind,VPTT PCTTHUE,3.409898527453496,UNKNOWN
rain,Thủy Thanh (Hương Thủy),water_level,"Khu đô thị An Cựu City, TP Huế",3.4740011730743126,UNKNOWN
rain,Thủy Thanh (Hương Thủy),water_level,An Cựu,3.5255873812881595,UNKNOWN
rain,Trạm bơm Quảng Thành (Quảng Điền),water_level,Trạm Ngã Ba Sình (Sông Hương),3.5659780214793018,UNKNOWN
rain,Vỹ Dạ,water_level,"Khu đô thị An Cựu City, TP Huế",3.7661897619938944,UNKNOWN
rain,Thủy Thanh (Hương Thủy),water_level,"Xóm Gióng, Phường Thủy Dương",3.7856133940493044,UNKNOWN
rain,VP QLKTCTTL TP Huế (TP Huế),water_level,Trạm Dã Viên (Sông Hương),3.831947259994404,UNKNOWN
rain,Tà Lương (A Lưới),reservoir,Thủy điện A Lưới,3.895295241854032,UNKNOWN
rain,Quan Tượng Đài (Phú Xuân),water_level,An Cựu,3.9212773518970288,UNKNOWN
rain,An Tây (Thuận Hóa),water_level,Trạm Dã Viên (Sông Hương),3.9630442267238135,UNKNOWN
rain,An Tây (Thuận Hóa),water_level,"Chung cư Xuân Phú, TP Huế",4.1622558540796355,UNKNOWN
rain,Quan Tượng Đài (Phú Xuân),water_level,"Khu đô thị An Cựu City, TP Huế",4.221574153611244,UNKNOWN
rain,Quan Tượng Đài (Phú Xuân),water_level,Khu TĐC Hương Sơ(Thành phố Huế),4.390119087413916,UNKNOWN
rain,Trạm bơm Quảng Thành (Quảng Điền),reservoir,Đập Thảo Long,4.392857388443644,UNKNOWN
rain,Vỹ Dạ,wind,VPTT PCTTHUE,4.485642464143513,UNKNOWN
rain,TT Khe Tre (Phú Lộc),reservoir,Thủy điện Thượng Lộ,4.491432728057802,UNKNOWN
rain,Quan Tượng Đài (Phú Xuân),water_level,"Chung cư Xuân Phú, TP Huế",4.519389125873319,UNKNOWN
rain,Hương Chữ (Hương Trà),water_level,Khu TĐC Hương Sơ(Thành phố Huế),4.575599941030806,UNKNOWN
rain,VP QLKTCTTL TP Huế (TP Huế),wind,VPTT PCTTHUE,4.6836972964328085,UNKNOWN
rain,VP QLKTCTTL TP Huế (TP Huế),water_level,Trạm Ngã Ba Sình (Sông Hương),4.725909172422605,UNKNOWN
rain,Vỹ Dạ,water_level,"Xóm Gióng, Phường Thủy Dương",4.810823520194108,UNKNOWN
rain,Quan Tượng Đài (Phú Xuân),water_level,"Xóm Gióng, Phường Thủy Dương",4.951277980401042,UNKNOWN
rain,Quảng Phú (Quảng Điền),water_level,"Thủ Lễ, xã Quảng Phước",5.05086619654377,UNKNOWN
water_level,Trạm Ngã Ba Sình (Sông Hương),reservoir,Đập Thảo Long,5.0601276566152364,UNKNOWN
rain,VPTT PCTTHUE,water_level,Khu TĐC Hương Sơ(Thành phố Huế),5.064300620182701,UNKNOWN
water_level,Khu TĐC Hương Sơ(Thành phố Huế),wind,VPTT PCTTHUE,5.064300620182701,UNKNOWN
rain,Hương Chữ (Hương Trà),water_level,Phú Xuân,5.071416719324926,UNKNOWN
rain,Phú Sơn (Hương Thủy),reservoir,Hồ Tả Trạch,5.140852709218511,UNKNOWN
rain,TT Sịa (Quảng Điền),water_level,"Thôn Phò Nam A, xã Quảng Thọ",5.142890335158032,UNKNOWN
rain,Đập Thủy điện Rào Trăng 3 (Phong Điền),reservoir,Thủy điện Rào Trăng 4,5.3139219295708084,UNKNOWN
rain,Đập Thủy điện Rào Trăng 4 (Phong Điền),reservoir,Thủy điện Rào Trăng 3,5.3320059433706835,UNKNOWN
rain,Hồ Thọ Sơn (Hương Trà),water_level,Trạm Tứ Phú (Sông Bồ),5.339411547733813,UNKNOWN
rain,Hương Chữ (Hương Trà),water_level,Trạm Tứ Phú (Sông Bồ),5.377426339629418,UNKNOWN
rain,Hương Chữ (Hương Trà),water_level,"Thôn Phò Nam A, xã Quảng Thọ",5.400921652340294,UNKNOWN
rain,Giang Hải (Phú Lộc),water_level,Cảng Tư Hiền,5.406216443682646,UNKNOWN
rain,Giang Hải (Phú Lộc),wind,Cảng Tư Hiền,5.420667512494168,UNKNOWN
rain,Thủy Thanh (Hương Thủy),wind,VPTT PCTTHUE,5.4262689278053315,UNKNOWN
rain,VPTT PCTTHUE,water_level,Xã Thủy Thanh (TX Hương Thủy),5.66791546803011,UNKNOWN
water_level,Xã Thủy Thanh (TX Hương Thủy),wind,VPTT PCTTHUE,5.66791546803011,UNKNOWN
rain,Trạm bơm Quảng Thành (Quảng Điền),water_level,"Thủ Lễ, xã Quảng Phước",5.734279100156986,UNKNOWN
rain,Hồ Thọ Sơn (Hương Trà),reservoir,Thủy điện Hương Điền,5.978509466802528,UNKNOWN
rain,Vỹ Dạ,water_level,Phú Xuân,6.068136010331646,UNKNOWN
rain,An Tây (Thuận Hóa),water_level,Xã Thủy Thanh (TX Hương Thủy),6.109456316189782,UNKNOWN
rain,Trạm bơm Quảng Thành (Quảng Điền),water_level,Cảng Cá Thuận An,6.123730307126646,UNKNOWN
rain,Hồng Vân (A Lưới),reservoir,Đập A LIN B1,6.153868497660801,UNKNOWN
rain,An Tây (Thuận Hóa),water_level,Phú Xuân,6.167352412217644,UNKNOWN
rain,Trạm bơm Quảng Thành (Quảng Điền),wind,Cảng Thuận An,6.173373349319346,UNKNOWN
rain,Hương Sơn (Phú Lộc),reservoir,Thủy điện Thượng Nhật,6.186297226416056,UNKNOWN
rain,"Đập, Thủy điện Thượng Nhật (Phú Lộc)",reservoir,Thủy điện Thượng Lộ,6.284058955303666,UNKNOWN
rain,Vỹ Dạ,water_level,Trạm Dã Viên (Sông Hương),6.367614410144971,UNKNOWN
rain,VP QLKTCTTL TP Huế (TP Huế),water_level,An Cựu,6.431589571995221,UNKNOWN
rain,Đập Thủy điện Rào Trăng 4 (Phong Điền),reservoir,Đập A Lin 3,6.433468221299011,UNKNOWN
rain,TT Khe Tre (Phú Lộc),reservoir,Thủy điện Thượng Nhật,6.477091763029483,UNKNOWN
rain,Hương Chữ (Hương Trà),water_level,Trạm Dã Viên (Sông Hương),6.489561419485701,UNKNOWN
rain,Trạm bơm Quảng Thành (Quảng Điền),water_level,"Thôn Phò Nam A, xã Quảng Thọ",6.547705696025003,UNKNOWN
rain,VP QLKTCTTL TP Huế (TP Huế),water_level,"Chung cư Xuân Phú, TP Huế",6.5992467810809305,UNKNOWN
rain,Bình Tiến (Hương Trà),reservoir,Thủy điện Bình Điền,6.696656340670454,UNKNOWN
rain,Vỹ Dạ,water_level,Khu TĐC Hương Sơ(Thành phố Huế),6.699147432299404,UNKNOWN
rain,VP QLKTCTTL TP Huế (TP Huế),water_level,"Thôn Phò Nam A, xã Quảng Thọ",6.715926687710926,UNKNOWN
rain,Điền Hương (Phong Điền),water_level,Cầu Hòa Xuân 1(Sông Ô Lâu),6.738460185034313,UNKNOWN
rain,Trạm bơm Quảng Thành (Quảng Điền),water_level,Khu TĐC Hương Sơ(Thành phố Huế),6.777954847910894,UNKNOWN
rain,Vỹ Dạ,reservoir,Đập Thảo Long,6.778699540662745,UNKNOWN
rain,Thượng Quảng (Phú Lộc),reservoir,Thủy điện Thượng Nhật,6.798526818706125,UNKNOWN
rain,Cảng Thuận An,water_level,Trạm Ngã Ba Sình (Sông Hương),6.898991864050726,UNKNOWN
rain,VP QLKTCTTL TP Huế (TP Huế),water_level,"Khu đô thị An Cựu City, TP Huế",6.95968694550077,UNKNOWN
water_level,Trạm Ngã Ba Sình (Sông Hương),wind,Cảng Thuận An,6.969169193280088,UNKNOWN
rain,Hương Chữ (Hương Trà),water_level,Trạm Ngã Ba Sình (Sông Hương),6.989485666074024,UNKNOWN
rain,Tà Lương (A Lưới),reservoir,Thủy điện Sông Bồ,7.0084491923351715,UNKNOWN
rain,A Đớt (A Lưới),reservoir,Thủy điện A Roàng,7.009546076201608,UNKNOWN
rain,Vỹ Dạ,water_level,Trạm Ngã Ba Sình (Sông Hương),7.021645732664782,UNKNOWN
rain,Hồ Mỹ Xuyên (Phong Điền),water_level,Cầu Huỳnh Liên-Văn Trạch Hòa(Sông Ô Lâu),7.056582718613876,UNKNOWN
rain,Vỹ Dạ,wind,Cảng Thuận An,7.198723198802846,UNKNOWN
rain,Lưu vực Thủy điện Thượng Nhật (Phú Lộc),reservoir,Thủy điện Thượng Lộ,7.33342228700355,UNKNOWN
rain,Quan Tượng Đài (Phú Xuân),water_level,Trạm Ngã Ba Sình (Sông Hương),7.342615796133732,UNKNOWN
rain,Thủy Thanh (Hương Thủy),water_level,Trạm Dã Viên (Sông Hương),7.382787707898922,UNKNOWN
rain,VPTT PCTTHUE,water_level,Trạm Ngã Ba Sình (Sông Hương),7.400149110569523,UNKNOWN
water_level,Trạm Ngã Ba Sình (Sông Hương),wind,VPTT PCTTHUE,7.400149110569523,UNKNOWN
rain,TT Sịa (Quảng Điền),water_level,Trạm Tứ Phú (Sông Bồ),7.4297812589839785,UNKNOWN
rain,Lộc Tiến (Phú Lộc),wind,Cảng Chân Mây,7.443278822112322,UNKNOWN
rain,Quan Tượng Đài (Phú Xuân),water_level,Xã Thủy Thanh (TX Hương Thủy),7.644346525019703,UNKNOWN
rain,Hồ chứa nước Khe Ngang,water_level,Trạm Dã Viên (Sông Hương),7.674199877888642,UNKNOWN
rain,Vỹ Dạ,water_level,Cảng Cá Thuận An,7.697626989256247,UNKNOWN
water_level,Khu TĐC Hương Sơ(Thành phố Huế),reservoir,Đập Thảo Long,7.77115176763532,UNKNOWN
rain,Thủy Thanh (Hương Thủy),water_level,Phú Xuân,7.937031864735057,UNKNOWN
rain,Hương Chữ (Hương Trà),wind,VPTT PCTTHUE,7.951706067475579,UNKNOWN
rain,Đập Thủy điện Rào Trăng 4 (Phong Điền),reservoir,Thủy điện A LIN B2,7.9844359973541295,UNKNOWN
rain,Hương Sơn (Phú Lộc),reservoir,Thủy điện Thượng Lộ,7.992517665800787,UNKNOWN
rain,VP QLKTCTTL TP Huế (TP Huế),water_level,"Xóm Gióng, Phường Thủy Dương",7.993487164476026,UNKNOWN
rain,Hương Chữ (Hương Trà),water_level,"Thủ Lễ, xã Quảng Phước",8.06959630122676,UNKNOWN
rain,Hồ Tà Rinh (Phú Lộc),reservoir,Thủy điện Thượng Lộ,8.185275862391608,UNKNOWN
rain,Quảng Phú (Quảng Điền),water_level,Khu TĐC Hương Sơ(Thành phố Huế),8.233020387129155,UNKNOWN
rain,TT Phú Đa (Phú Vang),water_level,Xã Thủy Thanh (TX Hương Thủy),8.292554908760886,UNKNOWN
rain,Hồ Thọ Sơn (Hương Trà),water_level,"Thôn Phò Nam A, xã Quảng Thọ",8.342145252464038,UNKNOWN
rain,An Tây (Thuận Hóa),water_level,Khu TĐC Hương Sơ(Thành phố Huế),8.356059278682126,UNKNOWN
rain,VP QLKTCTTL TP Huế (TP Huế),water_level,Trạm Tứ Phú (Sông Bồ),8.520395545571501,UNKNOWN
rain,Hồ chứa nước Khe Ngang,water_level,Phú Xuân,8.586791948327889,UNKNOWN
rain,Hồ chứa nước Phú Bài (Hương Thủy),reservoir,Hồ Tả Trạch,8.634815319151404,UNKNOWN
rain,Quảng Phú (Quảng Điền),water_level,Trạm Ngã Ba Sình (Sông Hương),8.752172014799518,UNKNOWN
water_level,"Chung cư Xuân Phú, TP Huế",reservoir,Đập Thảo Long,8.82193319414615,UNKNOWN
rain,VP QLKTCTTL TP Huế (TP Huế),water_level,"Thủ Lễ, xã Quảng Phước",8.879671041138263,UNKNOWN
rain,Trạm bơm Quảng Thành (Quảng Điền),water_level,Phú Xuân,8.888723059125734,UNKNOWN
rain,Cảng Thuận An,water_level,Xã Thủy Thanh (TX Hương Thủy),8.94806365091845,UNKNOWN
rain,Thủy Thanh (Hương Thủy),water_level,Khu TĐC Hương Sơ(Thành phố Huế),9.083022870753437,UNKNOWN
water_level,Phú Xuân,reservoir,Đập Thảo Long,9.119673037726763,UNKNOWN
rain,TT Sịa (Quảng Điền),water_level,Trạm Ngã Ba Sình (Sông Hương),9.190745150561092,UNKNOWN
rain,VP QLKTCTTL TP Huế (TP Huế),reservoir,Đập Thảo Long,9.197096954798091,UNKNOWN
rain,Hồ chứa nước Khe Ngang,reservoir,Thủy điện Hương Điền,9.207585896420523,UNKNOWN
water_level,Xã Thủy Thanh (TX Hương Thủy),wind,Cảng Thuận An,9.212469410221772,UNKNOWN
rain,Cảng Thuận An,water_level,"Chung cư Xuân Phú, TP Huế",9.215788529261264,UNKNOWN
water_level,Xã Thủy Thanh (TX Hương Thủy),reservoir,Đập Thảo Long,9.229352801534425,UNKNOWN
rain,Hồ Hòa Mỹ (Phong Điền),water_level,Cầu Huỳnh Liên-Văn Trạch Hòa(Sông Ô Lâu),9.252318082246575,UNKNOWN
rain,Thủy Thanh (Hương Thủy),reservoir,Đập Thảo Long,9.258438880830992,UNKNOWN
rain,Thủy Thanh (Hương Thủy),wind,Cảng Thuận An,9.29391306705739,UNKNOWN
rain,Thị trấn Phong Điền (Phong Điền),water_level,"Thôn Trung Làng, xã Quảng Thái",9.297907222609505,UNKNOWN
rain,Cảng Thuận An,water_level,Khu TĐC Hương Sơ(Thành phố Huế),9.36214495051129,UNKNOWN
rain,Hồ Thọ Sơn (Hương Trà),water_level,Khu TĐC Hương Sơ(Thành phố Huế),9.376397361760828,UNKNOWN
rain,Xuân Lộc (Phú Lộc),reservoir,Hồ Tả Trạch,9.462531204224138,UNKNOWN
water_level,"Chung cư Xuân Phú, TP Huế",wind,Cảng Thuận An,9.465483343686204,UNKNOWN
rain,Hồ Thọ Sơn (Hương Trà),water_level,Phú Xuân,9.470115281339062,UNKNOWN
water_level,Khu TĐC Hương Sơ(Thành phố Huế),wind,Cảng Thuận An,9.495974056875191,UNKNOWN
water_level,Trạm Tứ Phú (Sông Bồ),reservoir,Thủy điện Hương Điền,9.50900596943472,UNKNOWN
rain,VP QLKTCTTL TP Huế (TP Huế),water_level,Xã Thủy Thanh (TX Hương Thủy),9.602068018727662,UNKNOWN
rain,Hồ chứa nước Khe Ngang,wind,VPTT PCTTHUE,9.627299864739086,UNKNOWN
water_level,An Cựu,reservoir,Đập Thảo Long,9.633812967873913,UNKNOWN
rain,Quảng Phú (Quảng Điền),water_level,Phú Xuân,9.752253540624404,UNKNOWN
rain,Thủy Thanh (Hương Thủy),water_level,Trạm Ngã Ba Sình (Sông Hương),9.793029347816717,UNKNOWN
rain,Thủy Thanh (Hương Thủy),water_level,Cảng Cá Thuận An,9.795279859893443,UNKNOWN
wind,VPTT PCTTHUE,reservoir,Đập Thảo Long,9.799608233903,UNKNOWN
rain,VPTT PCTTHUE,reservoir,Đập Thảo Long,9.799608233903,UNKNOWN
rain,Hương Chữ (Hương Trà),water_level,An Cựu,9.848963345234342,UNKNOWN
rain,Thị trấn A Lưới (A Lưới),reservoir,Đập A LIN B1,9.849933426188963,UNKNOWN
rain,Hồ chứa nước Khe Ngang,water_level,Khu TĐC Hương Sơ(Thành phố Huế),9.87829436409858,UNKNOWN
water_level,"Thủ Lễ, xã Quảng Phước",reservoir,Đập Thảo Long,10.048684639263271,UNKNOWN
rain,Cảng Thuận An,water_level,An Cựu,10.10927820079302,UNKNOWN
rain,Hồ Thọ Sơn (Hương Trà),water_level,Trạm Dã Viên (Sông Hương),10.113784068836008,UNKNOWN
rain,Hương Chữ (Hương Trà),water_level,"Chung cư Xuân Phú, TP Huế",10.145831857425913,UNKNOWN
rain,Quan Tượng Đài (Phú Xuân),water_level,"Thôn Phò Nam A, xã Quảng Thọ",10.192686741697564,UNKNOWN
rain,Điền Hương (Phong Điền),water_level,"Thôn Trung Làng, xã Quảng Thái",10.196720802361465,UNKNOWN
water_level,"Khu đô thị An Cựu City, TP Huế",reservoir,Đập Thảo Long,10.23784961646722,UNKNOWN
rain,Hương Chữ (Hương Trà),water_level,"Khu đô thị An Cựu City, TP Huế",10.297626427642768,UNKNOWN
water_level,"Thôn Phò Nam A, xã Quảng Thọ",reservoir,Đập Thảo Long,10.349808893780123,UNKNOWN
water_level,An Cựu,wind,Cảng Thuận An,10.35597042310287,UNKNOWN
rain,Cảng Thuận An,water_level,Phú Xuân,10.438772411473112,UNKNOWN
rain,TT Sịa (Quảng Điền),water_level,"Thôn Trung Làng, xã Quảng Thái",10.579498495929423,UNKNOWN
rain,Nhâm (A Lưới),reservoir,Đập A LIN B1,10.608671888821371,UNKNOWN
water_level,Phú Xuân,wind,Cảng Thuận An,10.615581391544342,UNKNOWN
rain,Quảng Phú (Quảng Điền),reservoir,Thủy điện Hương Điền,10.615610012795148,UNKNOWN
rain,Cảng Thuận An,wind,VPTT PCTTHUE,10.627159153172435,UNKNOWN
rain,Cảng Thuận An,water_level,"Khu đô thị An Cựu City, TP Huế",10.64877976078767,UNKNOWN
rain,Hồ chứa nước Khe Ngang,water_level,Trạm Tứ Phú (Sông Bồ),10.664961070127843,UNKNOWN
rain,Quan Tượng Đài (Phú Xuân),reservoir,Đập Thảo Long,10.668175787294214,UNKNOWN
rain,TT Phú Đa (Phú Vang),water_level,"Xóm Gióng, Phường Thủy Dương",10.772896362580513,UNKNOWN
rain,Trạm bơm Quảng Thành (Quảng Điền),water_level,Trạm Tứ Phú (Sông Bồ),10.790345509352989,UNKNOWN
rain,Hương Chữ (Hương Trà),reservoir,Thủy điện Hương Điền,10.793265556480458,UNKNOWN
rain,An Tây (Thuận Hóa),water_level,Trạm Ngã Ba Sình (Sông Hương),10.808619480914361,UNKNOWN
rain,Trạm bơm Quảng Thành (Quảng Điền),wind,VPTT PCTTHUE,10.82380889088502,UNKNOWN
rain,TT Sịa (Quảng Điền),water_level,Khu TĐC Hương Sơ(Thành phố Huế),10.852331725227147,UNKNOWN
rain,VPTT PCTTHUE,wind,Cảng Thuận An,10.85270705640268,UNKNOWN
rain,Trạm bơm Quảng Thành (Quảng Điền),water_level,"Chung cư Xuân Phú, TP Huế",10.873209948570967,UNKNOWN
rain,Hồ Thọ Sơn (Hương Trà),water_level,"Thủ Lễ, xã Quảng Phước",10.874689670864749,UNKNOWN
rain,VP QLKTCTTL TP Huế (TP Huế),wind,Cảng Thuận An,10.875892257220263,UNKNOWN
water_level,"Khu đô thị An Cựu City, TP Huế",wind,Cảng Thuận An,10.898883350568592,UNKNOWN
rain,Trạm kiểm lâm Khe Mỏ Rang,reservoir,Thủy điện Thượng Lộ,10.957580507675857,UNKNOWN
water_level,Trạm Dã Viên (Sông Hương),reservoir,Đập Thảo Long,10.965946461600604,UNKNOWN
rain,Hồ Mỹ Xuyên (Phong Điền),water_level,Cầu Hòa Xuân 1(Sông Ô Lâu),10.996162831035917,UNKNOWN
rain,Hương Nguyên (A Lưới),reservoir,Thủy điện A Roàng,11.166628187413815,UNKNOWN
rain,Hương Chữ (Hương Trà),water_level,"Xóm Gióng, Phường Thủy Dương",11.17211790186571,UNKNOWN
rain,VP QLKTCTTL TP Huế (TP Huế),water_level,Cảng Cá Thuận An,11.208087698948889,UNKNOWN
rain,Trạm bơm Quảng Thành (Quảng Điền),water_level,Trạm Dã Viên (Sông Hương),11.259575870302784,UNKNOWN
water_level,"Thôn Phò Nam A, xã Quảng Thọ",wind,VPTT PCTTHUE,11.270859102510329,UNKNOWN
rain,VPTT PCTTHUE,water_level,"Thôn Phò Nam A, xã Quảng Thọ",11.270859102510329,UNKNOWN
rain,TT Phú Đa (Phú Vang),water_level,"Chung cư Xuân Phú, TP Huế",11.275565962644341,UNKNOWN
rain,TT Phú Đa (Phú Vang),water_level,"Khu đô thị An Cựu City, TP Huế",11.283093034691642,UNKNOWN
rain,VPTT PCTTHUE,water_level,Cảng Cá Thuận An,11.31161404402908,UNKNOWN
water_level,Cảng Cá Thuận An,wind,VPTT PCTTHUE,11.31161404402908,UNKNOWN
rain,Trạm bơm Vinh Hà (Phú Vang),water_level,Cảng Tư Hiền,11.347522945707786,UNKNOWN
rain,Trạm bơm Vinh Hà (Phú Vang),wind,Cảng Tư Hiền,11.361640667403933,UNKNOWN
rain,Hồ chứa nước Khe Ngang,water_level,An Cựu,11.381739273354155,UNKNOWN
rain,Hồ Mỹ Xuyên (Phong Điền),water_level,"Thôn Trung Làng, xã Quảng Thái",11.400904885176946,UNKNOWN
water_level,"Xóm Gióng, Phường Thủy Dương",reservoir,Đập Thảo Long,11.435906055275982,UNKNOWN
rain,Trạm bơm Quảng Thành (Quảng Điền),water_level,An Cựu,11.436369240734912,UNKNOWN
rain,Hồ chứa nước Khe Ngang,water_level,"Khu đô thị An Cựu City, TP Huế",11.440142358019036,UNKNOWN
rain,Tà Lương (A Lưới),reservoir,Thủy điện Rào Trăng 4,11.472224922481956,UNKNOWN
rain,Hồ Hòa Mỹ (Phong Điền),reservoir,Thủy điện Rào Trăng 4,11.481224630719145,UNKNOWN
rain,Quan Tượng Đài (Phú Xuân),water_level,Trạm Tứ Phú (Sông Bồ),11.565289214284073,UNKNOWN
rain,Hồ chứa nước Khe Ngang,water_level,"Xóm Gióng, Phường Thủy Dương",11.594860761287544,UNKNOWN
rain,Thị trấn Phong Điền (Phong Điền),water_level,Cầu Hòa Xuân 1(Sông Ô Lâu),11.614083325020397,UNKNOWN
rain,TT Phú Đa (Phú Vang),water_level,An Cựu,11.626903455659754,UNKNOWN
rain,Quảng Phú (Quảng Điền),water_level,Trạm Dã Viên (Sông Hương),11.644538862440456,UNKNOWN
rain,Hồ A Lá (A Lưới),reservoir,Đập A LIN B1,11.655279349393872,UNKNOWN
rain,Hồ Thọ Sơn (Hương Trà),water_level,Trạm Ngã Ba Sình (Sông Hương),11.697149612700326,UNKNOWN
rain,Cảng Thuận An,water_level,"Xóm Gióng, Phường Thủy Dương",11.750272101319961,UNKNOWN
rain,Đan Điền,water_level,Cầu Huỳnh Liên-Văn Trạch Hòa(Sông Ô Lâu),11.78593943331277,UNKNOWN
rain,Cảng Chân Mây,wind,Cảng Tư Hiền,11.799019264846597,UNKNOWN
rain,Cảng Tư Hiền,wind,Cảng Chân Mây,11.799019264846597,UNKNOWN
rain,Cảng Chân Mây,water_level,Cảng Tư Hiền,11.813143683745935,UNKNOWN
water_level,Cảng Tư Hiền,wind,Cảng Chân Mây,11.813143683745935,UNKNOWN
water_level,"Thủ Lễ, xã Quảng Phước",wind,Cảng Thuận An,11.89377811571354,UNKNOWN
rain,Hồng Vân (A Lưới),reservoir,Thủy điện A LIN B2,11.903274441975876,UNKNOWN
rain,Hồ Thọ Sơn (Hương Trà),wind,VPTT PCTTHUE,11.931064199822782,UNKNOWN
rain,Bạch Mã,wind,Cảng Tư Hiền,11.935818047084677,UNKNOWN
rain,Bạch Mã,water_level,Cảng Tư Hiền,11.937044665744542,UNKNOWN
rain,Cảng Thuận An,water_level,"Thủ Lễ, xã Quảng Phước",11.949856915454067,UNKNOWN
rain,Quan Tượng Đài (Phú Xuân),wind,Cảng Thuận An,11.967822623624071,UNKNOWN
rain,TT Sịa (Quảng Điền),reservoir,Đập Thảo Long,11.985902998497485,UNKNOWN
rain,Hương Chữ (Hương Trà),reservoir,Đập Thảo Long,11.996488647876836,UNKNOWN
water_level,"Xóm Gióng, Phường Thủy Dương",wind,Cảng Thuận An,12.004893879382097,UNKNOWN
rain,Cảng Thuận An,water_level,Trạm Dã Viên (Sông Hương),12.028750471586001,UNKNOWN
rain,Trạm bơm Quảng Thành (Quảng Điền),water_level,"Khu đô thị An Cựu City, TP Huế",12.104825907219604,UNKNOWN
rain,Hồ chứa nước Khe Ngang,water_level,"Chung cư Xuân Phú, TP Huế",12.151580497825242,UNKNOWN
rain,Hồ Hòa Mỹ (Phong Điền),reservoir,Thủy điện Rào Trăng 3,12.22359104326719,UNKNOWN
water_level,Trạm Dã Viên (Sông Hương),wind,Cảng Thuận An,12.235655041412734,UNKNOWN
rain,Hồ chứa nước Khe Ngang,water_level,"Thôn Phò Nam A, xã Quảng Thọ",12.244459596878592,UNKNOWN
rain,Lộc Tiến (Phú Lộc),wind,Cảng Tư Hiền,12.25048869648493,UNKNOWN
rain,Lộc Tiến (Phú Lộc),water_level,Cảng Tư Hiền,12.264033044091248,UNKNOWN
rain,Bình Tiến (Hương Trà),reservoir,Thủy điện Hương Điền,12.269228525534663,UNKNOWN
rain,Cảng Thuận An,water_level,"Thôn Phò Nam A, xã Quảng Thọ",12.29321318557363,UNKNOWN
water_level,"Thôn Phò Nam A, xã Quảng Thọ",wind,Cảng Thuận An,12.295141494466966,UNKNOWN
rain,Trạm bơm Quảng Thành (Quảng Điền),water_level,Xã Thủy Thanh (TX Hương Thủy),12.320871100784762,UNKNOWN
rain,Quan Tượng Đài (Phú Xuân),water_level,"Thủ Lễ, xã Quảng Phước",12.346040038150246,UNKNOWN
rain,Hồ chứa nước Khe Ngang,reservoir,Thủy điện Bình Điền,12.358329967083314,UNKNOWN
rain,Quan Tượng Đài (Phú Xuân),water_level,Cảng Cá Thuận An,12.392944713907415,UNKNOWN
rain,Bình Tiến (Hương Trà),reservoir,Thủy điện A Lưới,12.403773947581056,UNKNOWN
rain,Hồ Hòa Mỹ (Phong Điền),reservoir,Thủy điện Hương Điền,12.482967326693414,UNKNOWN
rain,Vỹ Dạ,water_level,"Thôn Phò Nam A, xã Quảng Thọ",12.513249420973265,UNKNOWN
rain,Hồ A Lá (A Lưới),reservoir,Thủy điện A Lưới,12.585480920624832,UNKNOWN
rain,Hồng Thái (A Lưới),reservoir,Đập A LIN B1,12.655822114805835,UNKNOWN
rain,An Tây (Thuận Hóa),reservoir,Đập Thảo Long,12.811325832242638,UNKNOWN
rain,Quảng Phú (Quảng Điền),wind,VPTT PCTTHUE,12.81777914817103,UNKNOWN
rain,Đồn Biên phòng Cảng Chân Mây (Phú Lộc),wind,Cảng Tư Hiền,12.849834285223528,UNKNOWN
rain,Đồn Biên phòng Cảng Chân Mây (Phú Lộc),water_level,Cảng Tư Hiền,12.864130908565816,UNKNOWN
rain,Hồ chứa nước Thủy Yên,wind,Cảng Tư Hiền,12.897780411192242,UNKNOWN
rain,Hồ chứa nước Thủy Yên,water_level,Cảng Tư Hiền,12.905796006825033,UNKNOWN
rain,Thượng Quảng (Phú Lộc),reservoir,Thủy điện Thượng Lộ,12.909457705651368,UNKNOWN
rain,Hồ Hòa Mỹ (Phong Điền),reservoir,Đập A Lin 3,12.952848018152622,UNKNOWN
rain,TT Sịa (Quảng Điền),water_level,Phú Xuân,13.049222838145607,UNKNOWN
rain,Hồ chứa nước Khe Ngang,water_level,Trạm Ngã Ba Sình (Sông Hương),13.052175787881527,UNKNOWN
water_level,Trạm Tứ Phú (Sông Bồ),wind,VPTT PCTTHUE,13.138502721343167,UNKNOWN
rain,VPTT PCTTHUE,water_level,Trạm Tứ Phú (Sông Bồ),13.138502721343167,UNKNOWN
rain,VPTT PCTTHUE,water_level,"Thủ Lễ, xã Quảng Phước",13.160458873948802,UNKNOWN
water_level,"Thủ Lễ, xã Quảng Phước",wind,VPTT PCTTHUE,13.160458873948802,UNKNOWN
rain,Đỉnh Bạch Mã (Phú Lộc),reservoir,Thủy điện Thượng Lộ,13.185761092856405,UNKNOWN
rain,Hương Chữ (Hương Trà),water_level,Xã Thủy Thanh (TX Hương Thủy),13.215041799816248,UNKNOWN
rain,Hồ chứa nước Truồi,reservoir,Thủy điện Thượng Lộ,13.220298324934575,UNKNOWN
rain,Phú Sơn (Hương Thủy),water_level,"Xóm Gióng, Phường Thủy Dương",13.246298035428143,UNKNOWN
rain,Hồng Vân (A Lưới),reservoir,Đập A Lin 3,13.255282298428616,UNKNOWN
rain,Thị trấn A Lưới (A Lưới),reservoir,Thủy điện A Lin Thượng,13.324633350094055,UNKNOWN
rain,Trạm bơm Quảng Thành (Quảng Điền),water_level,"Xóm Gióng, Phường Thủy Dương",13.38562281152071,UNKNOWN
rain,Đồn Biên phòng Lăng Cô (Phú Lộc),wind,Cảng Chân Mây,13.42589962012985,UNKNOWN
rain,Hồng Thái (A Lưới),reservoir,Thủy điện A Lưới,13.449836798055635,UNKNOWN
rain,Quảng Phú (Quảng Điền),reservoir,Đập Thảo Long,13.46342618211224,UNKNOWN
water_level,"Thôn Phò Nam A, xã Quảng Thọ",reservoir,Thủy điện Hương Điền,13.491162939174743,UNKNOWN
rain,Hồ A Lá (A Lưới),reservoir,Thủy điện Sông Bồ,13.563696965620355,UNKNOWN
rain,TT Sịa (Quảng Điền),water_level,Cảng Cá Thuận An,13.576685138070756,UNKNOWN
rain,TT Phú Đa (Phú Vang),wind,VPTT PCTTHUE,13.581367032465558,UNKNOWN
rain,An Tây (Thuận Hóa),wind,Cảng Thuận An,13.59608784222557,UNKNOWN
rain,Vỹ Dạ,water_level,"Thủ Lễ, xã Quảng Phước",13.626726368433228,UNKNOWN
rain,Đan Điền,water_level,"Thủ Lễ, xã Quảng Phước",13.646509162547034,UNKNOWN
rain,TT Sịa (Quảng Điền),wind,Cảng Thuận An,13.695264362936507,UNKNOWN
rain,Quảng Phú (Quảng Điền),water_level,"Thôn Trung Làng, xã Quảng Thái",13.723583635183326,UNKNOWN
rain,Thị trấn A Lưới (A Lưới),reservoir,Thủy điện A Lưới,13.798832950975829,UNKNOWN
rain,Hương Chữ (Hương Trà),wind,Cảng Thuận An,13.8404059968521,UNKNOWN
rain,Hồ Hòa Mỹ (Phong Điền),reservoir,Thủy điện A LIN B2,13.882945746203319,UNKNOWN
rain,Hồng Thái (A Lưới),reservoir,Thủy điện Sông Bồ,13.890074175722928,UNKNOWN
rain,Hồ Thọ Sơn (Hương Trà),water_level,An Cựu,13.891308803369016,UNKNOWN
rain,Thủy điện Bình Điền (Hương Trà),reservoir,Hồ Tả Trạch,13.919541886788906,UNKNOWN
rain,An Tây (Thuận Hóa),reservoir,Hồ Tả Trạch,13.990353824978298,UNKNOWN
rain,TT Sịa (Quảng Điền),water_level,Cầu Hòa Xuân 1(Sông Ô Lâu),14.038292425002918,UNKNOWN
rain,An Tây (Thuận Hóa),water_level,Cảng Cá Thuận An,14.082362848252084,UNKNOWN
rain,Bình Tiến (Hương Trà),reservoir,Thủy điện Sông Bồ,14.093834478476449,UNKNOWN
rain,Hương Chữ (Hương Trà),water_level,Cảng Cá Thuận An,14.100416145574705,UNKNOWN
rain,Hồ chứa nước Phú Bài (Hương Thủy),water_level,"Xóm Gióng, Phường Thủy Dương",14.14113819858527,UNKNOWN
rain,Trạm bơm Sơn Bổn,reservoir,Hồ Tả Trạch,14.142711216558672,UNKNOWN
rain,Thị trấn Phong Điền (Phong Điền),water_level,Trạm Tứ Phú (Sông Bồ),14.157506716853462,UNKNOWN
rain,Hồ Thọ Sơn (Hương Trà),water_level,"Khu đô thị An Cựu City, TP Huế",14.215522208084494,UNKNOWN
rain,Lộc An,reservoir,Hồ Tả Trạch,14.224735506756963,UNKNOWN
rain,VP QLKTCTTL TP Huế (TP Huế),reservoir,Thủy điện Hương Điền,14.26426881087812,UNKNOWN
rain,Xuân Lộc (Phú Lộc),reservoir,Thủy điện Thượng Lộ,14.318551513141694,UNKNOWN
rain,Hồng Vân (A Lưới),reservoir,Thủy điện Rào Trăng 3,14.332599877035735,UNKNOWN
rain,Hồ chứa nước Thủy Yên,wind,Cảng Chân Mây,14.363433210011452,UNKNOWN
rain,Hồ Thọ Sơn (Hương Trà),water_level,"Chung cư Xuân Phú, TP Huế",14.36797940392674,UNKNOWN
rain,Điền Hương (Phong Điền),water_level,Cầu Huỳnh Liên-Văn Trạch Hòa(Sông Ô Lâu),14.412128251759528,UNKNOWN
rain,An Tây (Thuận Hóa),water_level,"Thôn Phò Nam A, xã Quảng Thọ",14.413207085304535,UNKNOWN
water_level,Trạm Tứ Phú (Sông Bồ),reservoir,Đập Thảo Long,14.423887319373526,UNKNOWN
rain,Phú Sơn (Hương Thủy),water_level,"Khu đô thị An Cựu City, TP Huế",14.509714079251435,UNKNOWN
rain,Đập Thủy điện Rào Trăng 3 (Phong Điền),reservoir,Thủy điện A Lin Thượng,14.509976796053405,UNKNOWN
rain,Nhâm (A Lưới),reservoir,Thủy điện A Lin Thượng,14.51267038073076,UNKNOWN
rain,Quảng Phú (Quảng Điền),water_level,An Cựu,14.564178724129004,UNKNOWN
rain,Hồ chứa nước Phú Bài (Hương Thủy),water_level,Xã Thủy Thanh (TX Hương Thủy),14.574036443074542,UNKNOWN
rain,Quảng Phú (Quảng Điền),water_level,"Chung cư Xuân Phú, TP Huế",14.652502932003161,UNKNOWN
rain,Phú Sơn (Hương Thủy),water_level,Xã Thủy Thanh (TX Hương Thủy),14.660273945558533,UNKNOWN
rain,Vườn Quốc gia Bạch Mã (Phú Lộc),reservoir,Thủy điện Thượng Lộ,14.800286290901674,UNKNOWN
rain,Đan Điền,water_level,Trạm Tứ Phú (Sông Bồ),14.800553240462639,UNKNOWN
water_level,"Xóm Gióng, Phường Thủy Dương",reservoir,Hồ Tả Trạch,14.844670730211446,UNKNOWN
rain,Hồ Thọ Sơn (Hương Trà),water_level,"Xóm Gióng, Phường Thủy Dương",14.84485662075045,UNKNOWN
rain,TT Phú Đa (Phú Vang),wind,Cảng Thuận An,14.91966735800681,UNKNOWN
rain,Hồ chứa nước Khe Ngang,water_level,"Thủ Lễ, xã Quảng Phước",14.938993173988365,UNKNOWN
rain,Thị trấn Phong Điền (Phong Điền),reservoir,Thủy điện Hương Điền,14.973655648322321,UNKNOWN
rain,Đập Thủy điện Rào Trăng 4 (Phong Điền),reservoir,Thủy điện A Lưới,15.053767686230886,UNKNOWN
rain,Thị trấn A Lưới (A Lưới),reservoir,Thủy điện Sông Bồ,15.070043299994756,UNKNOWN
rain,Vườn Quốc gia Bạch Mã (Phú Lộc),wind,Cảng Tư Hiền,15.080985600518698,UNKNOWN
rain,Vườn Quốc gia Bạch Mã (Phú Lộc),water_level,Cảng Tư Hiền,15.081388630440413,UNKNOWN
rain,Quảng Phú (Quảng Điền),water_level,"Khu đô thị An Cựu City, TP Huế",15.103131363027321,UNKNOWN
rain,Đập Thủy điện Rào Trăng 3 (Phong Điền),reservoir,Đập A LIN B1,15.127387990254551,UNKNOWN
rain,Thủy Thanh (Hương Thủy),water_level,"Thôn Phò Nam A, xã Quảng Thọ",15.134075289461345,UNKNOWN
rain,Tà Lương (A Lưới),reservoir,Thủy điện Rào Trăng 3,15.139612340403186,UNKNOWN
rain,Hồ chứa nước Khe Ngang,water_level,Xã Thủy Thanh (TX Hương Thủy),15.14181067595072,UNKNOWN
rain,Phú Sơn (Hương Thủy),water_level,An Cựu,15.176433838397143,UNKNOWN
rain,Hồ A Lá (A Lưới),reservoir,Thủy điện A Lin Thượng,15.18964925983414,UNKNOWN
rain,Thị trấn A Lưới (A Lưới),reservoir,Đập A Lin 3,15.204366881037538,UNKNOWN
rain,Đập Thủy điện Rào Trăng 4 (Phong Điền),reservoir,Thủy điện Hương Điền,15.239351368020662,UNKNOWN
rain,Đan Điền,water_level,"Thôn Phò Nam A, xã Quảng Thọ",15.29522499272523,UNKNOWN
rain,Hồ chứa nước Phú Bài (Hương Thủy),water_level,"Khu đô thị An Cựu City, TP Huế",15.31631841105007,UNKNOWN
water_level,Phú Xuân,reservoir,Thủy điện Hương Điền,15.322215959379145,UNKNOWN
water_level,Cầu Huỳnh Liên-Văn Trạch Hòa(Sông Ô Lâu),reservoir,Thủy điện Hương Điền,15.32690106907056,UNKNOWN
rain,TT Phú Đa (Phú Vang),water_level,Cảng Cá Thuận An,15.327585280452839,UNKNOWN
rain,Thị trấn A Lưới (A Lưới),reservoir,Thủy điện A LIN B2,15.349108354700727,UNKNOWN
rain,Thị trấn A Lưới (A Lưới),reservoir,Thủy điện Rào Trăng 3,15.351829131495874,UNKNOWN
water_level,Khu TĐC Hương Sơ(Thành phố Huế),reservoir,Thủy điện Hương Điền,15.354195879335451,UNKNOWN
rain,TT Phú Đa (Phú Vang),water_level,Trạm Dã Viên (Sông Hương),15.394719598427896,UNKNOWN
rain,Quảng Phú (Quảng Điền),wind,Cảng Thuận An,15.415699458355556,UNKNOWN
rain,TT Sịa (Quảng Điền),water_level,Trạm Dã Viên (Sông Hương),15.437887215935303,UNKNOWN
rain,Vỹ Dạ,water_level,Trạm Tứ Phú (Sông Bồ),15.477372020087468,UNKNOWN
rain,Quảng Phú (Quảng Điền),water_level,Cảng Cá Thuận An,15.511379026261944,UNKNOWN
rain,Thủy điện Bình Điền (Hương Trà),reservoir,Thủy điện A Lưới,15.557393393486349,UNKNOWN
rain,Quan Tượng Đài (Phú Xuân),reservoir,Thủy điện Hương Điền,15.557427575502526,UNKNOWN
rain,Thị trấn A Lưới (A Lưới),reservoir,Thủy điện Rào Trăng 4,15.578656741431676,UNKNOWN
water_level,Trạm Dã Viên (Sông Hương),reservoir,Thủy điện Hương Điền,15.612354527917619,UNKNOWN
rain,Phú Sơn (Hương Thủy),water_level,"Chung cư Xuân Phú, TP Huế",15.642146126003443,UNKNOWN
water_level,"Thủ Lễ, xã Quảng Phước",reservoir,Thủy điện Hương Điền,15.666002021230359,UNKNOWN
rain,An Tây (Thuận Hóa),water_level,Trạm Tứ Phú (Sông Bồ),15.768348367434243,UNKNOWN
rain,Thủy điện Bình Điền (Hương Trà),reservoir,Thủy điện Sông Bồ,15.810965743137311,UNKNOWN
rain,Tà Lương (A Lưới),reservoir,Đập A Lin 3,15.819259052310102,UNKNOWN
rain,TT Phú Đa (Phú Vang),reservoir,Đập Thảo Long,15.819736770357311,UNKNOWN
rain,TT Sịa (Quảng Điền),wind,VPTT PCTTHUE,15.905944469962174,UNKNOWN
rain,Hồ chứa nước Phú Bài (Hương Thủy),water_level,An Cựu,15.949593950274823,UNKNOWN
rain,Lộc An,water_level,Cảng Tư Hiền,15.982295951190583,UNKNOWN
rain,Lộc An,wind,Cảng Tư Hiền,15.99411325552934,UNKNOWN
water_level,"Khu đô thị An Cựu City, TP Huế",reservoir,Hồ Tả Trạch,16.107623409280553,UNKNOWN
rain,Quảng Phú (Quảng Điền),water_level,"Xóm Gióng, Phường Thủy Dương",16.123546206501903,UNKNOWN
rain,Quảng Phú (Quảng Điền),water_level,Cầu Huỳnh Liên-Văn Trạch Hòa(Sông Ô Lâu),16.174158642902174,UNKNOWN
rain,Hồ chứa nước Phú Bài (Hương Thủy),water_level,"Chung cư Xuân Phú, TP Huế",16.221192876311118,UNKNOWN
rain,Trạm bơm Sơn Bổn,water_level,Cảng Tư Hiền,16.237274701628785,UNKNOWN
rain,Trạm bơm Sơn Bổn,wind,Cảng Tư Hiền,16.250271957853485,UNKNOWN
rain,Hồ A Lá (A Lưới),reservoir,Thủy điện Rào Trăng 4,16.26973718226936,UNKNOWN
rain,Xuân Lộc (Phú Lộc),reservoir,Thủy điện Thượng Nhật,16.334298659376795,UNKNOWN
rain,Phú Sơn (Hương Thủy),wind,VPTT PCTTHUE,16.338877582090205,UNKNOWN
rain,TT Phú Đa (Phú Vang),water_level,Phú Xuân,16.35262547919419,UNKNOWN
rain,Cảng Thuận An,water_level,Trạm Tứ Phú (Sông Bồ),16.35326054634146,UNKNOWN
rain,An Tây (Thuận Hóa),reservoir,Thủy điện Bình Điền,16.367013837972014,UNKNOWN
rain,Thủy Thanh (Hương Thủy),water_level,"Thủ Lễ, xã Quảng Phước",16.377352751007436,UNKNOWN
water_level,Trạm Tứ Phú (Sông Bồ),wind,Cảng Thuận An,16.3778557255371,UNKNOWN
rain,Hồng Thái (A Lưới),reservoir,Thủy điện A Lin Thượng,16.41446330686346,UNKNOWN
rain,An Tây (Thuận Hóa),water_level,"Thủ Lễ, xã Quảng Phước",16.45225839047277,UNKNOWN
rain,Hồ A Lá (A Lưới),reservoir,Đập A Lin 3,16.52935186505272,UNKNOWN
rain,Hồ A Lá (A Lưới),reservoir,Thủy điện Rào Trăng 3,16.577622342937868,UNKNOWN
rain,TT Phú Đa (Phú Vang),reservoir,Hồ Tả Trạch,16.709685271389592,UNKNOWN
rain,Hương Sơn (Phú Lộc),reservoir,Hồ Tả Trạch,16.711730074668015,UNKNOWN
rain,Bình Tiến (Hương Trà),reservoir,Thủy điện Rào Trăng 4,16.739258727391924,UNKNOWN
rain,TT Sịa (Quảng Điền),reservoir,Thủy điện Hương Điền,16.741640092861864,UNKNOWN
rain,Hồ Thọ Sơn (Hương Trà),reservoir,Đập Thảo Long,16.74663108485899,UNKNOWN
water_level,An Cựu,reservoir,Hồ Tả Trạch,16.763579411658853,UNKNOWN
rain,Hồ A Lá (A Lưới),reservoir,Thủy điện A LIN B2,16.797270977726594,UNKNOWN
rain,TT Sịa (Quảng Điền),water_level,"Chung cư Xuân Phú, TP Huế",16.918831306695047,UNKNOWN
rain,Tà Lương (A Lưới),reservoir,Thủy điện A LIN B2,16.972156845105705,UNKNOWN
rain,Thị trấn Phong Điền (Phong Điền),water_level,"Thủ Lễ, xã Quảng Phước",17.05184859729061,UNKNOWN
rain,Phú Sơn (Hương Thủy),water_level,Trạm Dã Viên (Sông Hương),17.05929575722285,UNKNOWN
rain,Thị trấn Phong Điền (Phong Điền),water_level,"Thôn Phò Nam A, xã Quảng Thọ",17.145920382280448,UNKNOWN
rain,TT Sịa (Quảng Điền),water_level,An Cựu,17.187299790860365,UNKNOWN
rain,Giang Hải (Phú Lộc),wind,Cảng Chân Mây,17.193406323529974,UNKNOWN
rain,Trạm kiểm lâm Khe Mỏ Rang,reservoir,Thủy điện Thượng Nhật,17.1967998387348,UNKNOWN
water_level,Trạm Dã Viên (Sông Hương),reservoir,Thủy điện Bình Điền,17.23520105431168,UNKNOWN
rain,Thủy Thanh (Hương Thủy),reservoir,Hồ Tả Trạch,17.240237147924017,UNKNOWN
rain,Hồ chứa nước Truồi,water_level,Cảng Tư Hiền,17.335771909699087,UNKNOWN
rain,Hồ chứa nước Truồi,wind,Cảng Tư Hiền,17.342408406350827,UNKNOWN
water_level,Xã Thủy Thanh (TX Hương Thủy),reservoir,Hồ Tả Trạch,17.351779534630744,UNKNOWN
rain,Hồ chứa nước Truồi,reservoir,Hồ Tả Trạch,17.392552887773835,UNKNOWN
wind,VPTT PCTTHUE,reservoir,Hồ Tả Trạch,17.40019505155392,UNKNOWN
rain,VPTT PCTTHUE,reservoir,Hồ Tả Trạch,17.40019505155392,UNKNOWN
rain,Hồ chứa nước Phú Bài (Hương Thủy),wind,VPTT PCTTHUE,17.419317926023204,UNKNOWN
water_level,"Chung cư Xuân Phú, TP Huế",reservoir,Hồ Tả Trạch,17.452650490097042,UNKNOWN
rain,Quảng Phú (Quảng Điền),water_level,Xã Thủy Thanh (TX Hương Thủy),17.49018784783961,UNKNOWN
rain,Hồ Thọ Sơn (Hương Trà),water_level,Xã Thủy Thanh (TX Hương Thủy),17.50916568711681,UNKNOWN
rain,TT Sịa (Quảng Điền),water_level,Cầu Huỳnh Liên-Văn Trạch Hòa(Sông Ô Lâu),17.51216454870256,UNKNOWN
rain,Thủy điện Bình Điền (Hương Trà),water_level,Trạm Dã Viên (Sông Hương),17.520999009671566,UNKNOWN
wind,VPTT PCTTHUE,reservoir,Thủy điện Hương Điền,17.532739894481015,UNKNOWN
rain,VPTT PCTTHUE,reservoir,Thủy điện Hương Điền,17.532739894481015,UNKNOWN
rain,Quan Tượng Đài (Phú Xuân),reservoir,Thủy điện Bình Điền,17.53728833410924,UNKNOWN
water_level,Trạm Dã Viên (Sông Hương),reservoir,Hồ Tả Trạch,17.547018149032603,UNKNOWN
rain,TT Phú Đa (Phú Vang),water_level,Khu TĐC Hương Sơ(Thành phố Huế),17.54879887315799,UNKNOWN
rain,Hồ chứa nước Khe Ngang,reservoir,Đập Thảo Long,17.576749977369214,UNKNOWN
water_level,Trạm Ngã Ba Sình (Sông Hương),reservoir,Thủy điện Hương Điền,17.5961088723361,UNKNOWN
rain,Hồ Thọ Sơn (Hương Trà),reservoir,Thủy điện Bình Điền,17.60368170023663,UNKNOWN
rain,Tà Lương (A Lưới),reservoir,Thủy điện Bình Điền,17.670307024272745,UNKNOWN
rain,Quảng Phú (Quảng Điền),water_level,Cầu Hòa Xuân 1(Sông Ô Lâu),17.760860902838566,UNKNOWN
rain,Hồ Thọ Sơn (Hương Trà),water_level,Cầu Huỳnh Liên-Văn Trạch Hòa(Sông Ô Lâu),17.796971454762065,UNKNOWN
rain,Bình Tiến (Hương Trà),water_level,Trạm Dã Viên (Sông Hương),17.801710340572342,UNKNOWN
rain,TT Sịa (Quảng Điền),water_level,"Khu đô thị An Cựu City, TP Huế",17.833299028497073,UNKNOWN
rain,Thủy Thanh (Hương Thủy),water_level,Trạm Tứ Phú (Sông Bồ),17.834022027547775,UNKNOWN
rain,Đỉnh Bạch Mã (Phú Lộc),wind,Cảng Tư Hiền,17.881668322777216,UNKNOWN
rain,Đỉnh Bạch Mã (Phú Lộc),water_level,Cảng Tư Hiền,17.883189353321995,UNKNOWN
rain,TT Phú Đa (Phú Vang),water_level,Trạm Ngã Ba Sình (Sông Hương),17.898527609431458,UNKNOWN
rain,Quan Tượng Đài (Phú Xuân),reservoir,Hồ Tả Trạch,17.90474516001333,UNKNOWN
rain,Thủy điện Bình Điền (Hương Trà),reservoir,Thủy điện Hương Điền,17.949322553746953,UNKNOWN
rain,Bạch Mã,reservoir,Thủy điện Thượng Lộ,17.95084339538992,UNKNOWN
rain,Trạm bơm Quảng Thành (Quảng Điền),water_level,"Thôn Trung Làng, xã Quảng Thái",18.077572891206273,UNKNOWN
rain,Bạch Mã,wind,Cảng Chân Mây,18.11659166764224,UNKNOWN
rain,Hồ Hòa Mỹ (Phong Điền),water_level,Trạm Tứ Phú (Sông Bồ),18.188275394219563,UNKNOWN
rain,Hồ chứa nước Truồi,reservoir,Thủy điện Thượng Nhật,18.319819292601924,UNKNOWN
rain,Đập Thủy điện Rào Trăng 4 (Phong Điền),reservoir,Thủy điện Sông Bồ,18.33241737877564,UNKNOWN
rain,Phú Sơn (Hương Thủy),reservoir,Thủy điện Bình Điền,18.344623933149585,UNKNOWN
rain,Đập Thủy điện Rào Trăng 4 (Phong Điền),reservoir,Đập A LIN B1,18.386995462364254,UNKNOWN
rain,Trạm bơm Sơn Bổn,water_level,Xã Thủy Thanh (TX Hương Thủy),18.38902018339677,UNKNOWN
water_level,"Xóm Gióng, Phường Thủy Dương",reservoir,Thủy điện Bình Điền,18.389308523178535,UNKNOWN
rain,Hồ chứa nước Phú Bài (Hương Thủy),water_level,Trạm Dã Viên (Sông Hương),18.479841302474096,UNKNOWN
rain,TT Khe Tre (Phú Lộc),reservoir,Hồ Tả Trạch,18.501779920242953,UNKNOWN
rain,Hồng Thái (A Lưới),reservoir,Thủy điện Rào Trăng 4,18.535931297605575,UNKNOWN
rain,VPTT PCTTHUE,reservoir,Thủy điện Bình Điền,18.572269887799656,UNKNOWN
wind,VPTT PCTTHUE,reservoir,Thủy điện Bình Điền,18.572269887799656,UNKNOWN
rain,Thủy điện Bình Điền (Hương Trà),water_level,"Xóm Gióng, Phường Thủy Dương",18.596289801099232,UNKNOWN
rain,Hồ Thọ Sơn (Hương Trà),wind,Cảng Thuận An,18.618628556904238,UNKNOWN
rain,An Tây (Thuận Hóa),reservoir,Thủy điện Hương Điền,18.636327730301275,UNKNOWN
rain,Đập Thủy điện Rào Trăng 4 (Phong Điền),reservoir,Thủy điện A Lin Thượng,18.686940944243112,UNKNOWN
rain,Hồ Thọ Sơn (Hương Trà),water_level,"Thôn Trung Làng, xã Quảng Thái",18.767638533259145,UNKNOWN
rain,Hồng Thái (A Lưới),reservoir,Đập A Lin 3,18.794868971146176,UNKNOWN
rain,Thủy điện Bình Điền (Hương Trà),wind,VPTT PCTTHUE,18.83515398982162,UNKNOWN
rain,Hồ chứa nước Khe Ngang,reservoir,Hồ Tả Trạch,18.838881286927904,UNKNOWN
rain,Hồ Thọ Sơn (Hương Trà),water_level,Cảng Cá Thuận An,18.860550466886064,UNKNOWN
rain,Hồng Thái (A Lưới),reservoir,Thủy điện Rào Trăng 3,18.865705321593573,UNKNOWN
rain,Hồng Vân (A Lưới),reservoir,Thủy điện Rào Trăng 4,18.874257782308565,UNKNOWN
rain,Trạm bơm Sơn Bổn,water_level,"Xóm Gióng, Phường Thủy Dương",19.001699010122667,UNKNOWN
rain,Hồng Thái (A Lưới),reservoir,Thủy điện A LIN B2,19.017666716125582,UNKNOWN
rain,Đập Thủy điện Rào Trăng 3 (Phong Điền),reservoir,Thủy điện A Lưới,19.035058020805188,UNKNOWN
rain,A Đớt (A Lưới),reservoir,Thủy điện Sông Bồ,19.037583518258685,UNKNOWN
rain,Hương Chữ (Hương Trà),water_level,"Thôn Trung Làng, xã Quảng Thái",19.0546157468876,UNKNOWN
rain,TT Sịa (Quảng Điền),water_level,"Xóm Gióng, Phường Thủy Dương",19.05488942298958,UNKNOWN
rain,TT Sịa (Quảng Điền),water_level,Xã Thủy Thanh (TX Hương Thủy),19.085591474480566,UNKNOWN
water_level,"Khu đô thị An Cựu City, TP Huế",reservoir,Thủy điện Bình Điền,19.086481275396448,UNKNOWN
rain,Hồ chứa nước Khe Ngang,wind,Cảng Thuận An,19.171267067082276,UNKNOWN
rain,Bình Tiến (Hương Trà),water_level,Phú Xuân,19.196813348071498,UNKNOWN
rain,Hương Chữ (Hương Trà),reservoir,Thủy điện Bình Điền,19.214469306232857,UNKNOWN
water_level,Phú Xuân,reservoir,Thủy điện Bình Điền,19.267992100679557,UNKNOWN
rain,Phú Sơn (Hương Thủy),water_level,Phú Xuân,19.277749319190992,UNKNOWN
rain,Thủy điện Bình Điền (Hương Trà),water_level,"Khu đô thị An Cựu City, TP Huế",19.31209207444422,UNKNOWN
rain,Vỹ Dạ,reservoir,Hồ Tả Trạch,19.42161656411814,UNKNOWN
water_level,An Cựu,reservoir,Thủy điện Bình Điền,19.4470224481142,UNKNOWN
water_level,An Cựu,reservoir,Thủy điện Hương Điền,19.475614470261906,UNKNOWN
rain,Hồ chứa nước Khe Ngang,water_level,Cảng Cá Thuận An,19.535650663421116,UNKNOWN
rain,Đập Thủy điện Rào Trăng 3 (Phong Điền),reservoir,Thủy điện Hương Điền,19.55155351497125,UNKNOWN
rain,Bình Tiến (Hương Trà),water_level,Trạm Tứ Phú (Sông Bồ),19.56972868652212,UNKNOWN
rain,Bình Tiến (Hương Trà),wind,VPTT PCTTHUE,19.571431697893136,UNKNOWN
rain,Thủy điện Bình Điền (Hương Trà),water_level,Phú Xuân,19.57337041539557,UNKNOWN
rain,Tà Lương (A Lưới),reservoir,Thủy điện A Roàng,19.626698064070222,UNKNOWN
rain,Thủy điện Bình Điền (Hương Trà),water_level,An Cựu,19.681884901660194,UNKNOWN
water_level,"Khu đô thị An Cựu City, TP Huế",reservoir,Thủy điện Hương Điền,19.717956642518686,UNKNOWN
rain,Hồ Hòa Mỹ (Phong Điền),water_level,"Thôn Trung Làng, xã Quảng Thái",19.7280259515937,UNKNOWN
rain,Trạm bơm Quảng Thành (Quảng Điền),reservoir,Thủy điện Hương Điền,19.736857274082418,UNKNOWN
rain,Trạm bơm Vinh Hà (Phú Vang),reservoir,Hồ Tả Trạch,19.768909034282338,UNKNOWN
rain,VP QLKTCTTL TP Huế (TP Huế),reservoir,Thủy điện Bình Điền,19.78283454949555,UNKNOWN
rain,Đỉnh Bạch Mã (Phú Lộc),reservoir,Thủy điện Thượng Nhật,19.83626394748808,UNKNOWN
rain,Tà Lương (A Lưới),reservoir,Đập A LIN B1,19.85086012273407,UNKNOWN
water_level,"Thôn Trung Làng, xã Quảng Thái",reservoir,Thủy điện Hương Điền,19.876068091225452,UNKNOWN
water_level,Phú Xuân,reservoir,Hồ Tả Trạch,19.977915985924653,UNKNOWN
rain,Trạm bơm Sơn Bổn,water_level,"Khu đô thị An Cựu City, TP Huế",20.03474137367184,UNKNOWN
water_level,"Chung cư Xuân Phú, TP Huế",reservoir,Thủy điện Hương Điền,20.046952012659883,UNKNOWN
rain,Tà Lương (A Lưới),reservoir,Thủy điện Hương Điền,20.08318335107277,UNKNOWN
water_level,"Xóm Gióng, Phường Thủy Dương",reservoir,Thủy điện Hương Điền,20.17536258652274,UNKNOWN
rain,Bình Tiến (Hương Trà),reservoir,Hồ Tả Trạch,20.181226846058543,UNKNOWN
rain,Đan Điền,water_level,Trạm Ngã Ba Sình (Sông Hương),20.237624709652184,UNKNOWN
rain,Hồng Thái (A Lưới),reservoir,Thủy điện A Roàng,20.286541500489413,UNKNOWN
water_level,"Chung cư Xuân Phú, TP Huế",reservoir,Thủy điện Bình Điền,20.39541782870954,UNKNOWN
rain,Nhâm (A Lưới),reservoir,Thủy điện A Lưới,20.404919085698918,UNKNOWN
rain,Lộc An,reservoir,Thủy điện Thượng Lộ,20.4233801422908,UNKNOWN
rain,Hồ chứa nước Phú Bài (Hương Thủy),water_level,Phú Xuân,20.47292976245685,UNKNOWN
rain,Bình Tiến (Hương Trà),water_level,"Xóm Gióng, Phường Thủy Dương",20.50126283274159,UNKNOWN
rain,Lộc An,water_level,Xã Thủy Thanh (TX Hương Thủy),20.602273688470596,UNKNOWN
rain,Trạm bơm Sơn Bổn,water_level,An Cựu,20.60488150942587,UNKNOWN
water_level,Cầu Huỳnh Liên-Văn Trạch Hòa(Sông Ô Lâu),reservoir,Thủy điện Rào Trăng 4,20.608521061523078,UNKNOWN
rain,Thủy điện Bình Điền (Hương Trà),water_level,"Chung cư Xuân Phú, TP Huế",20.630270496362982,UNKNOWN
rain,Bình Tiến (Hương Trà),water_level,Khu TĐC Hương Sơ(Thành phố Huế),20.630543123320077,UNKNOWN
rain,Trạm bơm Vinh Hà (Phú Vang),water_level,Xã Thủy Thanh (TX Hương Thủy),20.63150008956466,UNKNOWN
rain,Đập Thủy điện Rào Trăng 4 (Phong Điền),water_level,Cầu Huỳnh Liên-Văn Trạch Hòa(Sông Ô Lâu),20.63680081738861,UNKNOWN
rain,Trạm bơm Sơn Bổn,water_level,"Chung cư Xuân Phú, TP Huế",20.668554785580437,UNKNOWN
rain,Nhâm (A Lưới),reservoir,Thủy điện Sông Bồ,20.71599017567319,UNKNOWN
rain,Hương Chữ (Hương Trà),water_level,Cầu Huỳnh Liên-Văn Trạch Hòa(Sông Ô Lâu),20.720327796111402,UNKNOWN
rain,Đan Điền,reservoir,Thủy điện Hương Điền,20.802095548876693,UNKNOWN
rain,Bình Tiến (Hương Trà),water_level,"Khu đô thị An Cựu City, TP Huế",20.815568041542775,UNKNOWN
rain,Lộc An,water_level,"Xóm Gióng, Phường Thủy Dương",20.926332443842202,UNKNOWN
rain,Bình Tiến (Hương Trà),water_level,An Cựu,20.976634258159013,UNKNOWN
rain,Thượng Quảng (Phú Lộc),reservoir,Hồ Tả Trạch,21.03989287627786,UNKNOWN
rain,Vườn Quốc gia Bạch Mã (Phú Lộc),wind,Cảng Chân Mây,21.098872883223446,UNKNOWN
rain,Hồ Mỹ Xuyên (Phong Điền),water_level,Trạm Tứ Phú (Sông Bồ),21.13864377278997,UNKNOWN
rain,Hồ Thọ Sơn (Hương Trà),reservoir,Thủy điện Rào Trăng 4,21.17703105157455,UNKNOWN
water_level,Khu TĐC Hương Sơ(Thành phố Huế),reservoir,Thủy điện Bình Điền,21.208030273593625,UNKNOWN
rain,Trạm bơm Quảng Thành (Quảng Điền),water_level,Cầu Hòa Xuân 1(Sông Ô Lâu),21.25852310297669,UNKNOWN
rain,VP QLKTCTTL TP Huế (TP Huế),water_level,"Thôn Trung Làng, xã Quảng Thái",21.305066286411684,UNKNOWN
rain,Vườn Quốc gia Bạch Mã (Phú Lộc),reservoir,Thủy điện Thượng Nhật,21.31131718797127,UNKNOWN
rain,Đập Thủy điện Rào Trăng 3 (Phong Điền),water_level,Cầu Huỳnh Liên-Văn Trạch Hòa(Sông Ô Lâu),21.341554366143015,UNKNOWN
water_level,Cầu Huỳnh Liên-Văn Trạch Hòa(Sông Ô Lâu),reservoir,Thủy điện Rào Trăng 3,21.343493172329136,UNKNOWN
rain,VP QLKTCTTL TP Huế (TP Huế),reservoir,Hồ Tả Trạch,21.365693035116468,UNKNOWN
rain,Vỹ Dạ,reservoir,Thủy điện Hương Điền,21.386656329888435,UNKNOWN
rain,Phú Sơn (Hương Thủy),water_level,Khu TĐC Hương Sơ(Thành phố Huế),21.4006267984855,UNKNOWN
rain,Hồ A Lá (A Lưới),reservoir,Thủy điện A Roàng,21.402817558217624,UNKNOWN
rain,Đan Điền,water_level,Khu TĐC Hương Sơ(Thành phố Huế),21.52458796810384,UNKNOWN
rain,Thủy điện Bình Điền (Hương Trà),water_level,Khu TĐC Hương Sơ(Thành phố Huế),21.52747828935166,UNKNOWN
rain,Nhâm (A Lưới),reservoir,Thủy điện A LIN B2,21.54906969596926,UNKNOWN
rain,Thị trấn Phong Điền (Phong Điền),reservoir,Thủy điện Rào Trăng 4,21.769076205044843,UNKNOWN
rain,Nhâm (A Lưới),reservoir,Đập A Lin 3,21.81719706813459,UNKNOWN
rain,Hồ chứa nước Phú Bài (Hương Thủy),reservoir,Thủy điện Bình Điền,21.82414618554966,UNKNOWN
rain,Bình Tiến (Hương Trà),water_level,"Chung cư Xuân Phú, TP Huế",21.875563635619958,UNKNOWN
rain,Hồ chứa nước Thủy Yên,reservoir,Thủy điện Thượng Lộ,21.929611102852423,UNKNOWN
water_level,Cầu Huỳnh Liên-Văn Trạch Hòa(Sông Ô Lâu),reservoir,Đập A Lin 3,21.971680642045058,UNKNOWN
rain,Lộc An,water_level,"Khu đô thị An Cựu City, TP Huế",22.01513254639766,UNKNOWN
rain,Bình Tiến (Hương Trà),reservoir,Thủy điện Rào Trăng 3,22.0178635629268,UNKNOWN
rain,"Đập, Thủy điện Thượng Nhật (Phú Lộc)",reservoir,Hồ Tả Trạch,22.09665804487437,UNKNOWN
rain,Thủy Thanh (Hương Thủy),reservoir,Thủy điện Bình Điền,22.14747777174785,UNKNOWN
rain,Đập Thủy điện Rào Trăng 3 (Phong Điền),reservoir,Thủy điện Sông Bồ,22.161139987345003,UNKNOWN
rain,A Đớt (A Lưới),reservoir,Thủy điện A Lưới,22.197485841714204,UNKNOWN
rain,Hương Nguyên (A Lưới),reservoir,Thủy điện Sông Bồ,22.1996583442606,UNKNOWN
rain,Trạm bơm Vinh Hà (Phú Vang),water_level,"Xóm Gióng, Phường Thủy Dương",22.214904443824278,UNKNOWN
rain,Nhâm (A Lưới),reservoir,Thủy điện Rào Trăng 3,22.227201385667115,UNKNOWN
water_level,Khu TĐC Hương Sơ(Thành phố Huế),reservoir,Hồ Tả Trạch,22.244360174430692,UNKNOWN
rain,Tà Lương (A Lưới),reservoir,Thủy điện A Lin Thượng,22.244759538597044,UNKNOWN
rain,Hồ Hòa Mỹ (Phong Điền),water_level,Cầu Hòa Xuân 1(Sông Ô Lâu),22.263024603956765,UNKNOWN
rain,Trạm bơm Sơn Bổn,wind,VPTT PCTTHUE,22.304269789134768,UNKNOWN
rain,Hồ Mỹ Xuyên (Phong Điền),reservoir,Thủy điện Hương Điền,22.30775859113779,UNKNOWN
rain,Hồ chứa nước Phú Bài (Hương Thủy),water_level,Cảng Tư Hiền,22.312562904754746,UNKNOWN
rain,Hồ Hòa Mỹ (Phong Điền),water_level,"Thôn Phò Nam A, xã Quảng Thọ",22.314491279640407,UNKNOWN
rain,Bình Tiến (Hương Trà),water_level,"Thôn Phò Nam A, xã Quảng Thọ",22.31517870984033,UNKNOWN
rain,Hồ chứa nước Phú Bài (Hương Thủy),wind,Cảng Tư Hiền,22.32574248436551,UNKNOWN
water_level,Xã Thủy Thanh (TX Hương Thủy),reservoir,Thủy điện Bình Điền,22.378041658002115,UNKNOWN
water_level,"Thôn Trung Làng, xã Quảng Thái",reservoir,Đập Thảo Long,22.413601198056213,UNKNOWN
rain,Hồ chứa nước Phú Bài (Hương Thủy),water_level,Khu TĐC Hương Sơ(Thành phố Huế),22.429987653469624,UNKNOWN
rain,Xuân Lộc (Phú Lộc),water_level,"Xóm Gióng, Phường Thủy Dương",22.453639744586923,UNKNOWN
rain,Hồ chứa nước Khe Ngang,reservoir,Thủy điện Rào Trăng 4,22.487505270544272,UNKNOWN
rain,Thủy điện Bình Điền (Hương Trà),water_level,Xã Thủy Thanh (TX Hương Thủy),22.57530168258019,UNKNOWN
rain,Xuân Lộc (Phú Lộc),reservoir,Thủy điện Bình Điền,22.60380878206364,UNKNOWN
rain,Hương Nguyên (A Lưới),reservoir,Thủy điện Thượng Nhật,22.60395211605304,UNKNOWN
rain,Lộc An,water_level,An Cựu,22.609305553423862,UNKNOWN
rain,Hồ Tà Rinh (Phú Lộc),reservoir,Hồ Tả Trạch,22.66380794388628,UNKNOWN
water_level,Cầu Huỳnh Liên-Văn Trạch Hòa(Sông Ô Lâu),reservoir,Thủy điện A LIN B2,22.719276069265447,UNKNOWN
rain,Lộc An,water_level,"Chung cư Xuân Phú, TP Huế",22.73761618371183,UNKNOWN
rain,Vỹ Dạ,reservoir,Thủy điện Bình Điền,22.749125731500246,UNKNOWN
rain,Đan Điền,reservoir,Đập Thảo Long,22.790165988131598,UNKNOWN
rain,Đỉnh Bạch Mã (Phú Lộc),wind,Cảng Chân Mây,22.806526097720557,UNKNOWN
water_level,Trạm Tứ Phú (Sông Bồ),reservoir,Thủy điện Bình Điền,22.820915137353836,UNKNOWN
rain,Trạm bơm Sơn Bổn,reservoir,Thủy điện Thượng Lộ,22.847514458652988,UNKNOWN
rain,Thị trấn Phong Điền (Phong Điền),reservoir,Thủy điện Rào Trăng 3,22.85537216694848,UNKNOWN
rain,Hồ Thọ Sơn (Hương Trà),water_level,Cầu Hòa Xuân 1(Sông Ô Lâu),22.859146795230593,UNKNOWN
rain,Thị trấn Phong Điền (Phong Điền),water_level,Khu TĐC Hương Sơ(Thành phố Huế),22.865320158114415,UNKNOWN
rain,Hồ Mỹ Xuyên (Phong Điền),water_level,"Thủ Lễ, xã Quảng Phước",22.904395161857316,UNKNOWN
rain,Thủy Thanh (Hương Thủy),reservoir,Thủy điện Hương Điền,22.952111069616105,UNKNOWN
rain,Thị trấn Phong Điền (Phong Điền),water_level,Trạm Ngã Ba Sình (Sông Hương),23.015827418598683,UNKNOWN
rain,Hồ chứa nước Khe Ngang,reservoir,Thủy điện A Lưới,23.03512693992051,UNKNOWN
rain,Trạm bơm Vinh Hà (Phú Vang),water_level,"Khu đô thị An Cựu City, TP Huế",23.049401917846485,UNKNOWN
rain,Hương Chữ (Hương Trà),water_level,Cầu Hòa Xuân 1(Sông Ô Lâu),23.067241464911575,UNKNOWN
rain,Thủy điện Bình Điền (Hương Trà),reservoir,Thủy điện A Roàng,23.092893905331128,UNKNOWN
rain,Bình Tiến (Hương Trà),reservoir,Đập A Lin 3,23.099496733810565,UNKNOWN
rain,Đồn Biên phòng Lăng Cô (Phú Lộc),wind,Cảng Tư Hiền,23.115705713338205,UNKNOWN
rain,Đồn Biên phòng Lăng Cô (Phú Lộc),water_level,Cảng Tư Hiền,23.13001532851854,UNKNOWN
rain,Trạm bơm Vinh Hà (Phú Vang),wind,Cảng Chân Mây,23.16065304696637,UNKNOWN
rain,Hương Chữ (Hương Trà),reservoir,Hồ Tả Trạch,23.182508034468338,UNKNOWN
rain,TT Phú Đa (Phú Vang),water_level,Cảng Tư Hiền,23.186416604772255,UNKNOWN
water_level,Xã Thủy Thanh (TX Hương Thủy),reservoir,Thủy điện Hương Điền,23.189617525247932,UNKNOWN
rain,TT Phú Đa (Phú Vang),wind,Cảng Tư Hiền,23.200992126826915,UNKNOWN
rain,Thủy điện Bình Điền (Hương Trà),water_level,Trạm Tứ Phú (Sông Bồ),23.203772358525388,UNKNOWN
rain,Đập Thủy điện Rào Trăng 4 (Phong Điền),reservoir,Thủy điện Bình Điền,23.230435103525544,UNKNOWN
rain,Điền Hương (Phong Điền),water_level,"Thủ Lễ, xã Quảng Phước",23.243958066000623,UNKNOWN
rain,Thị trấn A Lưới (A Lưới),reservoir,Thủy điện A Roàng,23.280949463897873,UNKNOWN
rain,Nhâm (A Lưới),reservoir,Thủy điện Rào Trăng 4,23.330254918977918,UNKNOWN
rain,Hồ chứa nước Khe Ngang,water_level,Cầu Huỳnh Liên-Văn Trạch Hòa(Sông Ô Lâu),23.360543235646954,UNKNOWN
rain,Trạm bơm Vinh Hà (Phú Vang),water_level,"Chung cư Xuân Phú, TP Huế",23.375920183760336,UNKNOWN
rain,Hồ chứa nước Phú Bài (Hương Thủy),wind,Cảng Thuận An,23.397038739715416,UNKNOWN
rain,Hồ Hòa Mỹ (Phong Điền),water_level,"Thủ Lễ, xã Quảng Phước",23.417638635885933,UNKNOWN
rain,Phú Sơn (Hương Thủy),water_level,Trạm Ngã Ba Sình (Sông Hương),23.44629555979787,UNKNOWN
rain,Quảng Phú (Quảng Điền),reservoir,Thủy điện Bình Điền,23.487287561871714,UNKNOWN
rain,TT Phú Đa (Phú Vang),water_level,"Thôn Phò Nam A, xã Quảng Thọ",23.497698631062303,UNKNOWN
rain,Trạm bơm Vinh Hà (Phú Vang),water_level,An Cựu,23.52645282275212,UNKNOWN
rain,Thủy điện Bình Điền (Hương Trà),reservoir,Thủy điện Rào Trăng 4,23.532917187548332,UNKNOWN
rain,Thị trấn Phong Điền (Phong Điền),reservoir,Đập A Lin 3,23.536090015511157,UNKNOWN
rain,Phú Sơn (Hương Thủy),reservoir,Thủy điện Thượng Lộ,23.550960326604446,UNKNOWN
rain,Đan Điền,water_level,Phú Xuân,23.554153496250613,UNKNOWN
rain,Hồ Mỹ Xuyên (Phong Điền),water_level,"Thôn Phò Nam A, xã Quảng Thọ",23.56316217157706,UNKNOWN
rain,Trạm bơm Sơn Bổn,water_level,Trạm Dã Viên (Sông Hương),23.63285062558067,UNKNOWN
rain,Xuân Lộc (Phú Lộc),water_level,"Khu đô thị An Cựu City, TP Huế",23.723996730044036,UNKNOWN
rain,Hồ chứa nước Phú Bài (Hương Thủy),reservoir,Đập Thảo Long,23.7312808184705,UNKNOWN
water_level,Cầu Hòa Xuân 1(Sông Ô Lâu),reservoir,Thủy điện Hương Điền,23.773656574338656,UNKNOWN
rain,Hồ chứa nước Phú Bài (Hương Thủy),reservoir,Thủy điện Thượng Lộ,23.78446050057916,UNKNOWN
rain,Bình Tiến (Hương Trà),water_level,Trạm Ngã Ba Sình (Sông Hương),23.807133858202437,UNKNOWN
rain,Xuân Lộc (Phú Lộc),water_level,Xã Thủy Thanh (TX Hương Thủy),23.8109373763187,UNKNOWN
rain,Phú Sơn (Hương Thủy),wind,Cảng Thuận An,23.8266874318056,UNKNOWN
rain,Điền Hương (Phong Điền),water_level,Trạm Tứ Phú (Sông Bồ),23.845600702281384,UNKNOWN
rain,Phú Sơn (Hương Thủy),reservoir,Đập Thảo Long,23.86932685645577,UNKNOWN
rain,Hồ chứa nước Phú Bài (Hương Thủy),water_level,Cảng Cá Thuận An,23.871284782286086,UNKNOWN
water_level,"Thôn Trung Làng, xã Quảng Thái",wind,Cảng Thuận An,23.99503178770177,UNKNOWN
rain,Hồ chứa nước Phú Bài (Hương Thủy),water_level,Trạm Ngã Ba Sình (Sông Hương),24.065285113985063,UNKNOWN
rain,VP QLKTCTTL TP Huế (TP Huế),water_level,Cầu Huỳnh Liên-Văn Trạch Hòa(Sông Ô Lâu),24.112265422990017,UNKNOWN
rain,Cảng Thuận An,water_level,"Thôn Trung Làng, xã Quảng Thái",24.12270074646394,UNKNOWN
rain,Đan Điền,water_level,Cảng Cá Thuận An,24.12534253225621,UNKNOWN
rain,Lộc An,wind,VPTT PCTTHUE,24.235993128643788,UNKNOWN
rain,Thị trấn Phong Điền (Phong Điền),water_level,Phú Xuân,24.261165910686646,UNKNOWN
rain,Trạm kiểm lâm Khe Mỏ Rang,wind,Cảng Tư Hiền,24.30670543004941,UNKNOWN
rain,Trạm kiểm lâm Khe Mỏ Rang,water_level,Cảng Tư Hiền,24.309191488046586,UNKNOWN
rain,Phú Sơn (Hương Thủy),water_level,Cảng Cá Thuận An,24.320661664278198,UNKNOWN
rain,Đan Điền,wind,Cảng Thuận An,24.328489642329693,UNKNOWN
rain,Đập Thủy điện Rào Trăng 4 (Phong Điền),water_level,Trạm Tứ Phú (Sông Bồ),24.34449035885463,UNKNOWN
rain,Thị trấn Phong Điền (Phong Điền),reservoir,Thủy điện A LIN B2,24.352289866445773,UNKNOWN
water_level,Trạm Tứ Phú (Sông Bồ),reservoir,Thủy điện Rào Trăng 4,24.352504189452,UNKNOWN
rain,Xuân Lộc (Phú Lộc),water_level,Cảng Tư Hiền,24.3653330639696,UNKNOWN
rain,Xuân Lộc (Phú Lộc),wind,Cảng Tư Hiền,24.374890419358618,UNKNOWN
rain,Xuân Lộc (Phú Lộc),water_level,An Cựu,24.392610604250358,UNKNOWN
rain,Bạch Mã,reservoir,Thủy điện Thượng Nhật,24.392684796090016,UNKNOWN
rain,Lưu vực Thủy điện Thượng Nhật (Phú Lộc),reservoir,Hồ Tả Trạch,24.436560778020446,UNKNOWN
rain,Lộc An,reservoir,Thủy điện Thượng Nhật,24.440256247379754,UNKNOWN
rain,Cảng Thuận An,reservoir,Thủy điện Hương Điền,24.46129664340336,UNKNOWN
water_level,Trạm Ngã Ba Sình (Sông Hương),reservoir,Thủy điện Bình Điền,24.472133042409876,UNKNOWN
rain,Bình Tiến (Hương Trà),water_level,Xã Thủy Thanh (TX Hương Thủy),24.47609684601459,UNKNOWN
rain,TT Phú Đa (Phú Vang),water_level,"Thủ Lễ, xã Quảng Phước",24.502485223803436,UNKNOWN
rain,Hồ chứa nước Khe Ngang,water_level,"Thôn Trung Làng, xã Quảng Thái",24.516098802894888,UNKNOWN
rain,Hồ Thọ Sơn (Hương Trà),reservoir,Hồ Tả Trạch,24.544614242316808,UNKNOWN
wind,Cảng Thuận An,reservoir,Thủy điện Hương Điền,24.549283933716314,UNKNOWN
water_level,"Thôn Phò Nam A, xã Quảng Thọ",reservoir,Thủy điện Bình Điền,24.582673598837623,UNKNOWN
rain,Trạm bơm Quảng Thành (Quảng Điền),water_level,Cầu Huỳnh Liên-Văn Trạch Hòa(Sông Ô Lâu),24.599793448813667,UNKNOWN
rain,Bình Tiến (Hương Trà),reservoir,Thủy điện A LIN B2,24.63251929956282,UNKNOWN
rain,Quan Tượng Đài (Phú Xuân),water_level,"Thôn Trung Làng, xã Quảng Thái",24.74327478403519,UNKNOWN
rain,Bình Tiến (Hương Trà),reservoir,Thủy điện A Roàng,24.759727981377118,UNKNOWN
water_level,Cảng Cá Thuận An,reservoir,Thủy điện Hương Điền,24.774272505589828,UNKNOWN
rain,Thủy điện Bình Điền (Hương Trà),water_level,Trạm Ngã Ba Sình (Sông Hương),24.78948750708522,UNKNOWN
water_level,Trạm Ngã Ba Sình (Sông Hương),reservoir,Hồ Tả Trạch,24.7961534002771,UNKNOWN
rain,Điền Hương (Phong Điền),water_level,"Thôn Phò Nam A, xã Quảng Thọ",24.821844772457172,UNKNOWN
rain,Hồ chứa nước Khe Ngang,reservoir,Thủy điện Sông Bồ,24.850696911157918,UNKNOWN
rain,Xuân Lộc (Phú Lộc),water_level,"Chung cư Xuân Phú, TP Huế",24.874502328474414,UNKNOWN
rain,Thủy điện Bình Điền (Hương Trà),water_level,"Thôn Phò Nam A, xã Quảng Thọ",24.945925569663533,UNKNOWN
rain,Bình Tiến (Hương Trà),water_level,"Thủ Lễ, xã Quảng Phước",24.966597575054685,UNKNOWN
rain,Phú Sơn (Hương Thủy),reservoir,Thủy điện Thượng Nhật,24.989929310830938,UNKNOWN
rain,Thượng Quảng (Phú Lộc),reservoir,Thủy điện A Roàng,25.01780906783404,UNKNOWN
rain,Nhâm (A Lưới),reservoir,Thủy điện A Roàng,25.127333205843346,UNKNOWN
rain,VP QLKTCTTL TP Huế (TP Huế),water_level,Cầu Hòa Xuân 1(Sông Ô Lâu),25.173504025334555,UNKNOWN
rain,Hồ Hòa Mỹ (Phong Điền),reservoir,Thủy điện A Lưới,25.290964146931532,UNKNOWN
rain,Trạm bơm Sơn Bổn,water_level,Phú Xuân,25.371202735383317,UNKNOWN
rain,Trạm bơm Vinh Hà (Phú Vang),wind,VPTT PCTTHUE,25.393839460522372,UNKNOWN
rain,Giang Hải (Phú Lộc),reservoir,Hồ Tả Trạch,25.407512574791152,UNKNOWN
rain,Hương Nguyên (A Lưới),reservoir,Thủy điện A Lưới,25.41077143511472,UNKNOWN
rain,Lộc An,water_level,Trạm Dã Viên (Sông Hương),25.45852862463358,UNKNOWN
rain,Quảng Phú (Quảng Điền),reservoir,Thủy điện Rào Trăng 4,25.46759043189013,UNKNOWN
water_level,Cầu Hòa Xuân 1(Sông Ô Lâu),reservoir,Đập Thảo Long,25.476142116461176,UNKNOWN
rain,Xuân Lộc (Phú Lộc),wind,VPTT PCTTHUE,25.47796569442204,UNKNOWN
rain,Hồ Thọ Sơn (Hương Trà),reservoir,Thủy điện A Lưới,25.509033803154914,UNKNOWN
rain,Hồ Thọ Sơn (Hương Trà),reservoir,Thủy điện Rào Trăng 3,25.50997053452028,UNKNOWN
rain,Hương Sơn (Phú Lộc),reservoir,Thủy điện Bình Điền,25.540536223699405,UNKNOWN
rain,Phú Sơn (Hương Thủy),water_level,Cảng Tư Hiền,25.694136418731954,UNKNOWN
rain,Phú Sơn (Hương Thủy),wind,Cảng Tư Hiền,25.707007323461756,UNKNOWN
rain,Vườn Quốc gia Bạch Mã (Phú Lộc),reservoir,Hồ Tả Trạch,25.71122186446759,UNKNOWN
rain,Đan Điền,water_level,Trạm Dã Viên (Sông Hương),25.77063312889875,UNKNOWN
rain,Thị trấn Phong Điền (Phong Điền),water_level,Trạm Dã Viên (Sông Hương),25.870065057718914,UNKNOWN
rain,VPTT PCTTHUE,water_level,"Thôn Trung Làng, xã Quảng Thái",25.9007162388246,UNKNOWN
water_level,"Thôn Trung Làng, xã Quảng Thái",wind,VPTT PCTTHUE,25.9007162388246,UNKNOWN
rain,Thượng Quảng (Phú Lộc),reservoir,Thủy điện Bình Điền,25.94007752606345,UNKNOWN
rain,Hương Chữ (Hương Trà),reservoir,Thủy điện Rào Trăng 4,25.98106751186264,UNKNOWN
rain,Xuân Lộc (Phú Lộc),water_level,Trạm Dã Viên (Sông Hương),26.042114394651588,UNKNOWN
rain,Giang Hải (Phú Lộc),water_level,Xã Thủy Thanh (TX Hương Thủy),26.11285517464783,UNKNOWN
rain,Hồ Hòa Mỹ (Phong Điền),reservoir,Thủy điện A Lin Thượng,26.125402280829515,UNKNOWN
rain,Hồ chứa nước Phú Bài (Hương Thủy),reservoir,Thủy điện Thượng Nhật,26.131448301314062,UNKNOWN
rain,Trạm bơm Vinh Hà (Phú Vang),reservoir,Thủy điện Thượng Lộ,26.187182683451827,UNKNOWN
rain,Cảng Thuận An,reservoir,Hồ Tả Trạch,26.235168399152855,UNKNOWN
rain,Trạm bơm Sơn Bổn,wind,Cảng Thuận An,26.265710684141226,UNKNOWN
rain,Hồ Mỹ Xuyên (Phong Điền),reservoir,Thủy điện Rào Trăng 3,26.30859443321642,UNKNOWN
rain,TT Phú Đa (Phú Vang),water_level,Trạm Tứ Phú (Sông Bồ),26.308704687100906,UNKNOWN
rain,Hồ Hòa Mỹ (Phong Điền),water_level,Khu TĐC Hương Sơ(Thành phố Huế),26.36575289390506,UNKNOWN
rain,TT Phú Đa (Phú Vang),reservoir,Thủy điện Bình Điền,26.454807262837583,UNKNOWN
wind,Cảng Thuận An,reservoir,Hồ Tả Trạch,26.4985041400294,UNKNOWN
rain,Đan Điền,wind,VPTT PCTTHUE,26.56205566293532,UNKNOWN
rain,Hồ Mỹ Xuyên (Phong Điền),reservoir,Thủy điện Rào Trăng 4,26.566095162388965,UNKNOWN
rain,Hương Nguyên (A Lưới),reservoir,Thủy điện Bình Điền,26.584576286092467,UNKNOWN
rain,Hồ Thọ Sơn (Hương Trà),reservoir,Đập A Lin 3,26.619300297972988,UNKNOWN
rain,Trạm bơm Sơn Bổn,reservoir,Thủy điện Thượng Nhật,26.643996779509852,UNKNOWN
rain,Hồ chứa nước Truồi,wind,Cảng Chân Mây,26.658195478442533,UNKNOWN
rain,Bạch Mã,reservoir,Hồ Tả Trạch,26.66245200408379,UNKNOWN
rain,Trạm bơm Sơn Bổn,water_level,Cảng Cá Thuận An,26.69276996433587,UNKNOWN
rain,Vỹ Dạ,water_level,"Thôn Trung Làng, xã Quảng Thái",26.714598325378052,UNKNOWN
rain,Hồ Mỹ Xuyên (Phong Điền),reservoir,Đập A Lin 3,26.719392962416922,UNKNOWN
water_level,Cầu Hòa Xuân 1(Sông Ô Lâu),wind,Cảng Thuận An,26.917593514727315,UNKNOWN
rain,Hồ Hòa Mỹ (Phong Điền),water_level,Phú Xuân,26.924030359621394,UNKNOWN
rain,Quan Tượng Đài (Phú Xuân),water_level,Cầu Huỳnh Liên-Văn Trạch Hòa(Sông Ô Lâu),26.95515047357204,UNKNOWN
rain,Trạm bơm Vinh Hà (Phú Vang),water_level,Trạm Dã Viên (Sông Hương),26.978529534567095,UNKNOWN
rain,Trạm bơm Sơn Bổn,reservoir,Đập Thảo Long,26.99544255813606,UNKNOWN
water_level,Cảng Cá Thuận An,reservoir,Hồ Tả Trạch,27.0017359956395,UNKNOWN
rain,Hồng Vân (A Lưới),reservoir,Thủy điện A Lưới,27.01910292900051,UNKNOWN
rain,Cảng Thuận An,water_level,Cầu Hòa Xuân 1(Sông Ô Lâu),27.070348717019602,UNKNOWN
rain,Thị trấn Phong Điền (Phong Điền),reservoir,Đập Thảo Long,27.08723540059487,UNKNOWN
rain,Trạm bơm Sơn Bổn,water_level,Khu TĐC Hương Sơ(Thành phố Huế),27.115766259638114,UNKNOWN
rain,Bình Tiến (Hương Trà),water_level,Cầu Huỳnh Liên-Văn Trạch Hòa(Sông Ô Lâu),27.129094862534444,UNKNOWN
rain,Trạm bơm Vinh Hà (Phú Vang),wind,Cảng Thuận An,27.13656128122506,UNKNOWN
rain,Đỉnh Bạch Mã (Phú Lộc),reservoir,Hồ Tả Trạch,27.14921082066854,UNKNOWN
rain,Hồ Mỹ Xuyên (Phong Điền),reservoir,Thủy điện A LIN B2,27.152115830663075,UNKNOWN
rain,Hồ Hòa Mỹ (Phong Điền),reservoir,Đập A LIN B1,27.2610151965975,UNKNOWN
water_level,"Thủ Lễ, xã Quảng Phước",reservoir,Thủy điện Bình Điền,27.271458038564855,UNKNOWN
rain,Thị trấn Phong Điền (Phong Điền),wind,VPTT PCTTHUE,27.27851278549788,UNKNOWN
rain,Lộc An,water_level,Phú Xuân,27.308580327027375,UNKNOWN
rain,Lộc An,wind,Cảng Chân Mây,27.31601109857045,UNKNOWN
rain,Hồ chứa nước Khe Ngang,reservoir,Thủy điện Rào Trăng 3,27.407836425245133,UNKNOWN
rain,Trạm bơm Vinh Hà (Phú Vang),water_level,Cảng Cá Thuận An,27.498497558733842,UNKNOWN
rain,Phú Sơn (Hương Thủy),water_level,"Thôn Phò Nam A, xã Quảng Thọ",27.535446638248242,UNKNOWN
rain,Thủy điện Bình Điền (Hương Trà),water_level,"Thủ Lễ, xã Quảng Phước",27.633512838959792,UNKNOWN
rain,Hồ Hòa Mỹ (Phong Điền),water_level,Trạm Dã Viên (Sông Hương),27.67436081390592,UNKNOWN
rain,Hồ Hòa Mỹ (Phong Điền),water_level,Trạm Ngã Ba Sình (Sông Hương),27.766243461946402,UNKNOWN
rain,Hồ chứa nước Truồi,water_level,"Xóm Gióng, Phường Thủy Dương",27.76688495531041,UNKNOWN
rain,Giang Hải (Phú Lộc),reservoir,Thủy điện Thượng Lộ,27.79255966005078,UNKNOWN
rain,Trạm bơm Sơn Bổn,reservoir,Thủy điện Bình Điền,27.806911770064037,UNKNOWN
rain,Đan Điền,water_level,"Chung cư Xuân Phú, TP Huế",27.837107950290143,UNKNOWN
rain,Trạm kiểm lâm Khe Mỏ Rang,wind,Cảng Chân Mây,27.839066779084852,UNKNOWN
rain,Hồ Thọ Sơn (Hương Trà),reservoir,Thủy điện Sông Bồ,27.852445694103675,UNKNOWN
rain,Trạm bơm Sơn Bổn,wind,Cảng Chân Mây,27.88424696536413,UNKNOWN
rain,Trạm bơm Quảng Thành (Quảng Điền),reservoir,Thủy điện Bình Điền,27.972342434485462,UNKNOWN
water_level,"Thôn Phò Nam A, xã Quảng Thọ",reservoir,Hồ Tả Trạch,27.98566591124151,UNKNOWN
rain,Giang Hải (Phú Lộc),water_level,"Xóm Gióng, Phường Thủy Dương",28.006871040412058,UNKNOWN
rain,Hồ chứa nước Truồi,water_level,Xã Thủy Thanh (TX Hương Thủy),28.0106732099148,UNKNOWN
rain,Đan Điền,water_level,An Cựu,28.018310685483172,UNKNOWN
rain,Điền Hương (Phong Điền),reservoir,Thủy điện Hương Điền,28.023319983951765,UNKNOWN
rain,Hồ A Lá (A Lưới),reservoir,Thủy điện Bình Điền,28.036057072018828,UNKNOWN
water_level,Trạm Tứ Phú (Sông Bồ),reservoir,Thủy điện Rào Trăng 3,28.062732556477055,UNKNOWN
rain,Hồ Thọ Sơn (Hương Trà),reservoir,Thủy điện A LIN B2,28.075695236011967,UNKNOWN
rain,Đập Thủy điện Rào Trăng 3 (Phong Điền),water_level,Trạm Tứ Phú (Sông Bồ),28.07766307457533,UNKNOWN
rain,Hồ Hòa Mỹ (Phong Điền),reservoir,Thủy điện Bình Điền,28.08119864742565,UNKNOWN
rain,Trạm bơm Quảng Thành (Quảng Điền),reservoir,Hồ Tả Trạch,28.147286534463987,UNKNOWN
rain,Lộc An,reservoir,Thủy điện Bình Điền,28.19512544136045,UNKNOWN
rain,Trạm bơm Vinh Hà (Phú Vang),reservoir,Đập Thảo Long,28.223771999241155,UNKNOWN
rain,Trạm bơm Sơn Bổn,water_level,Trạm Ngã Ba Sình (Sông Hương),28.264850449016915,UNKNOWN
rain,Bình Tiến (Hương Trà),reservoir,Đập Thảo Long,28.28292591961275,UNKNOWN
rain,Xuân Lộc (Phú Lộc),water_level,Phú Xuân,28.346790340639576,UNKNOWN
rain,Trạm bơm Vinh Hà (Phú Vang),water_level,Phú Xuân,28.368974531013468,UNKNOWN
water_level,Trạm Tứ Phú (Sông Bồ),reservoir,Hồ Tả Trạch,28.383509999336393,UNKNOWN
rain,Thủy điện Bình Điền (Hương Trà),reservoir,Đập Thảo Long,28.48556973977344,UNKNOWN
rain,Đập Thủy điện Rào Trăng 4 (Phong Điền),water_level,"Thôn Phò Nam A, xã Quảng Thọ",28.52309383137474,UNKNOWN
rain,Quảng Phú (Quảng Điền),reservoir,Hồ Tả Trạch,28.523464152597803,UNKNOWN
water_level,"Thôn Phò Nam A, xã Quảng Thọ",reservoir,Thủy điện Rào Trăng 4,28.532684736057224,UNKNOWN
rain,Hồ chứa nước Khe Ngang,reservoir,Đập A Lin 3,28.550844410686004,UNKNOWN
rain,Đập Thủy điện Rào Trăng 3 (Phong Điền),reservoir,Thủy điện Bình Điền,28.558088396711568,UNKNOWN
rain,Hồ Hòa Mỹ (Phong Điền),reservoir,Thủy điện Sông Bồ,28.577679581868203,UNKNOWN
rain,Hồ chứa nước Thủy Yên,reservoir,Thủy điện Thượng Nhật,28.580911858197844,UNKNOWN
rain,Hồ chứa nước Khe Ngang,water_level,Cầu Hòa Xuân 1(Sông Ô Lâu),28.60890994672821,UNKNOWN
rain,Quan Tượng Đài (Phú Xuân),water_level,Cầu Hòa Xuân 1(Sông Ô Lâu),28.63688436599815,UNKNOWN
rain,Đan Điền,water_level,"Khu đô thị An Cựu City, TP Huế",28.641821536638403,UNKNOWN
rain,VPTT PCTTHUE,water_level,Cầu Huỳnh Liên-Văn Trạch Hòa(Sông Ô Lâu),28.657896654313202,UNKNOWN
water_level,Cầu Huỳnh Liên-Văn Trạch Hòa(Sông Ô Lâu),wind,VPTT PCTTHUE,28.657896654313202,UNKNOWN
rain,Lộc An,wind,Cảng Thuận An,28.673742947195702,UNKNOWN
rain,Hồ chứa nước Phú Bài (Hương Thủy),water_level,"Thôn Phò Nam A, xã Quảng Thọ",28.68075710316555,UNKNOWN
rain,Phú Sơn (Hương Thủy),water_level,Trạm Tứ Phú (Sông Bồ),28.69611732631025,UNKNOWN
rain,Giang Hải (Phú Lộc),water_level,"Khu đô thị An Cựu City, TP Huế",28.772730955526793,UNKNOWN
rain,Thủy điện Bình Điền (Hương Trà),reservoir,Thủy điện Rào Trăng 3,28.773677727318187,UNKNOWN
rain,TT Khe Tre (Phú Lộc),reservoir,Thủy điện Bình Điền,28.779057724443867,UNKNOWN
water_level,Cầu Huỳnh Liên-Văn Trạch Hòa(Sông Ô Lâu),reservoir,Đập Thảo Long,28.87461823234902,UNKNOWN
rain,Thị trấn Phong Điền (Phong Điền),water_level,Cảng Cá Thuận An,28.904921712270443,UNKNOWN
rain,Thị trấn Phong Điền (Phong Điền),wind,Cảng Thuận An,28.94549975816316,UNKNOWN
rain,Hồ chứa nước Truồi,water_level,"Khu đô thị An Cựu City, TP Huế",28.948442032397928,UNKNOWN
rain,TT Khe Tre (Phú Lộc),water_level,Cảng Tư Hiền,28.96974565545339,UNKNOWN
rain,TT Khe Tre (Phú Lộc),wind,Cảng Tư Hiền,28.974832362831613,UNKNOWN
rain,Giang Hải (Phú Lộc),water_level,"Chung cư Xuân Phú, TP Huế",28.99008326668292,UNKNOWN
rain,An Tây (Thuận Hóa),water_level,"Thôn Trung Làng, xã Quảng Thái",28.997856479824474,UNKNOWN
rain,Hồng Thái (A Lưới),reservoir,Thủy điện Bình Điền,29.00399383868466,UNKNOWN
rain,Thị trấn A Lưới (A Lưới),reservoir,Thủy điện Bình Điền,29.062745344703124,UNKNOWN
rain,Hương Nguyên (A Lưới),reservoir,Thủy điện Thượng Lộ,29.06446013879058,UNKNOWN
water_level,Cảng Tư Hiền,reservoir,Thủy điện Thượng Lộ,29.08275283380459,UNKNOWN
rain,Cảng Tư Hiền,reservoir,Thủy điện Thượng Lộ,29.085672231611884,UNKNOWN
wind,Cảng Tư Hiền,reservoir,Thủy điện Thượng Lộ,29.085672231611884,UNKNOWN
rain,Thị trấn Phong Điền (Phong Điền),water_level,An Cựu,29.104353573988707,UNKNOWN
water_level,Trạm Tứ Phú (Sông Bồ),reservoir,Đập A Lin 3,29.10757065906445,UNKNOWN
rain,Lộc An,water_level,Cảng Cá Thuận An,29.10767077734713,UNKNOWN
rain,Lộc An,water_level,Khu TĐC Hương Sơ(Thành phố Huế),29.13502036237289,UNKNOWN
rain,Quảng Phú (Quảng Điền),reservoir,Thủy điện Rào Trăng 3,29.15458139813382,UNKNOWN
rain,Cảng Thuận An,reservoir,Thủy điện Bình Điền,29.187938523457785,UNKNOWN
rain,Hồng Vân (A Lưới),reservoir,Thủy điện Sông Bồ,29.212082104397403,UNKNOWN
rain,Giang Hải (Phú Lộc),water_level,An Cựu,29.213956429960916,UNKNOWN
rain,Thị trấn Phong Điền (Phong Điền),water_level,"Chung cư Xuân Phú, TP Huế",29.252512082863767,UNKNOWN
rain,Thị trấn A Lưới (A Lưới),reservoir,Thủy điện Hương Điền,29.30058126123806,UNKNOWN
rain,Hồ Mỹ Xuyên (Phong Điền),water_level,Trạm Ngã Ba Sình (Sông Hương),29.302624064728974,UNKNOWN
rain,VP QLKTCTTL TP Huế (TP Huế),reservoir,Thủy điện Rào Trăng 4,29.30490902707546,UNKNOWN
rain,Hương Chữ (Hương Trà),reservoir,Thủy điện A Lưới,29.3218859439438,UNKNOWN
rain,Lộc An,reservoir,Đập Thảo Long,29.349783165660813,UNKNOWN
rain,Hồ A Lá (A Lưới),reservoir,Thủy điện Hương Điền,29.374160081701294,UNKNOWN
wind,Cảng Thuận An,reservoir,Thủy điện Bình Điền,29.407635852781656,UNKNOWN
rain,Tà Lương (A Lưới),water_level,Trạm Tứ Phú (Sông Bồ),29.42439746544326,UNKNOWN
rain,Thủy Thanh (Hương Thủy),water_level,"Thôn Trung Làng, xã Quảng Thái",29.46278674119996,UNKNOWN
rain,Hồ Hòa Mỹ (Phong Điền),wind,VPTT PCTTHUE,29.498492747638583,UNKNOWN
rain,Phú Sơn (Hương Thủy),water_level,"Thủ Lễ, xã Quảng Phước",29.499056393674678,UNKNOWN
rain,Phú Sơn (Hương Thủy),reservoir,Thủy điện Hương Điền,29.50648735150706,UNKNOWN
rain,Lộc Tiến (Phú Lộc),reservoir,Thủy điện Thượng Lộ,29.508598874115798,UNKNOWN
rain,TT Sịa (Quảng Điền),reservoir,Thủy điện Bình Điền,29.581668018490046,UNKNOWN
rain,Hồ chứa nước Truồi,water_level,An Cựu,29.581936514995284,UNKNOWN
rain,Hồ Mỹ Xuyên (Phong Điền),water_level,Khu TĐC Hương Sơ(Thành phố Huế),29.6053580614407,UNKNOWN
rain,Thị trấn Phong Điền (Phong Điền),water_level,"Khu đô thị An Cựu City, TP Huế",29.607111954937604,UNKNOWN
rain,Thủy điện Bình Điền (Hương Trà),wind,Cảng Thuận An,29.6772507990326,UNKNOWN
rain,VPTT PCTTHUE,water_level,Cầu Hòa Xuân 1(Sông Ô Lâu),29.711439575616293,UNKNOWN
water_level,Cầu Hòa Xuân 1(Sông Ô Lâu),wind,VPTT PCTTHUE,29.711439575616293,UNKNOWN
rain,Bình Tiến (Hương Trà),wind,Cảng Thuận An,29.810484699478874,UNKNOWN
rain,Đan Điền,water_level,"Xóm Gióng, Phường Thủy Dương",29.8146951404474,UNKNOWN
rain,Trạm bơm Vinh Hà (Phú Vang),water_level,Khu TĐC Hương Sơ(Thành phố Huế),29.821326979966937,UNKNOWN
rain,Thủy điện Bình Điền (Hương Trà),reservoir,Đập A Lin 3,29.824892038123707,UNKNOWN
rain,Điền Hương (Phong Điền),water_level,Trạm Ngã Ba Sình (Sông Hương),29.833085210775053,UNKNOWN
rain,Hồ chứa nước Truồi,water_level,"Chung cư Xuân Phú, TP Huế",29.83967212559828,UNKNOWN
rain,Hồ Tà Rinh (Phú Lộc),reservoir,Thủy điện Bình Điền,29.843973255537826,UNKNOWN
water_level,Cảng Cá Thuận An,reservoir,Thủy điện Bình Điền,29.855531335266,UNKNOWN
rain,Đập Thủy điện Rào Trăng 4 (Phong Điền),water_level,Trạm Dã Viên (Sông Hương),29.946565807324326,UNKNOWN
water_level,Trạm Dã Viên (Sông Hương),reservoir,Thủy điện Rào Trăng 4,29.974458055349988,UNKNOWN
rain,Quan Tượng Đài (Phú Xuân),reservoir,Thủy điện Rào Trăng 4,30.00462939319088,UNKNOWN
rain,Hương Nguyên (A Lưới),reservoir,Hồ Tả Trạch,30.077706819637097,UNKNOWN
rain,Hồ chứa nước Khe Ngang,reservoir,Thủy điện A LIN B2,30.087728226899923,UNKNOWN
rain,Thủy điện Bình Điền (Hương Trà),water_level,Cảng Cá Thuận An,30.127327026742442,UNKNOWN
rain,Đan Điền,water_level,Xã Thủy Thanh (TX Hương Thủy),30.130651093363905,UNKNOWN
rain,Đập Thủy điện Rào Trăng 4 (Phong Điền),water_level,Phú Xuân,30.15404306532632,UNKNOWN
rain,"Đập, Thủy điện Thượng Nhật (Phú Lộc)",reservoir,Thủy điện Bình Điền,30.15908275172873,UNKNOWN
water_level,Cảng Tư Hiền,reservoir,Hồ Tả Trạch,30.170826636639656,UNKNOWN
water_level,Phú Xuân,reservoir,Thủy điện Rào Trăng 4,30.177992822909307,UNKNOWN
rain,Cảng Tư Hiền,reservoir,Hồ Tả Trạch,30.183024244344132,UNKNOWN
wind,Cảng Tư Hiền,reservoir,Hồ Tả Trạch,30.183024244344132,UNKNOWN
rain,Quảng Phú (Quảng Điền),reservoir,Đập A Lin 3,30.19536776638307,UNKNOWN
rain,Bình Tiến (Hương Trà),water_level,Cảng Cá Thuận An,30.195946014796213,UNKNOWN
water_level,Trạm Dã Viên (Sông Hương),reservoir,Thủy điện A Lưới,30.205003930737966,UNKNOWN
rain,Vỹ Dạ,water_level,Cầu Hòa Xuân 1(Sông Ô Lâu),30.242355470194962,UNKNOWN
rain,Hồ Tà Rinh (Phú Lộc),reservoir,Thủy điện A Roàng,30.243569031443144,UNKNOWN
water_level,"Thủ Lễ, xã Quảng Phước",reservoir,Hồ Tả Trạch,30.244685507541146,UNKNOWN
water_level,"Thôn Trung Làng, xã Quảng Thái",reservoir,Thủy điện Rào Trăng 4,30.299872159716664,UNKNOWN
rain,Hồ chứa nước Phú Bài (Hương Thủy),water_level,Trạm Tứ Phú (Sông Bồ),30.300130362876253,UNKNOWN
rain,Đập Thủy điện Rào Trăng 4 (Phong Điền),water_level,"Thôn Trung Làng, xã Quảng Thái",30.317225732967607,UNKNOWN
rain,Hương Chữ (Hương Trà),reservoir,Thủy điện Rào Trăng 3,30.321375132415135,UNKNOWN
rain,Trạm kiểm lâm Khe Mỏ Rang,reservoir,Hồ Tả Trạch,30.324461822325315,UNKNOWN
rain,A Đớt (A Lưới),reservoir,Thủy điện Bình Điền,30.358582683759042,UNKNOWN
rain,Thủy điện Bình Điền (Hương Trà),reservoir,Thủy điện Thượng Nhật,30.369654075353285,UNKNOWN
rain,Trạm bơm Vinh Hà (Phú Vang),water_level,Trạm Ngã Ba Sình (Sông Hương),30.405561618586187,UNKNOWN
rain,Quan Tượng Đài (Phú Xuân),reservoir,Thủy điện A Lưới,30.408608640756917,UNKNOWN
rain,Hồ chứa nước Phú Bài (Hương Thủy),water_level,"Thủ Lễ, xã Quảng Phước",30.41380462944303,UNKNOWN
rain,Lộc An,water_level,Trạm Ngã Ba Sình (Sông Hương),30.43169936902888,UNKNOWN
rain,Đập Thủy điện Rào Trăng 4 (Phong Điền),water_level,"Thủ Lễ, xã Quảng Phước",30.43188515934622,UNKNOWN
water_level,"Thủ Lễ, xã Quảng Phước",reservoir,Thủy điện Rào Trăng 4,30.437974452954172,UNKNOWN
water_level,Trạm Tứ Phú (Sông Bồ),reservoir,Thủy điện A LIN B2,30.45132816203814,UNKNOWN
rain,Đập Thủy điện Rào Trăng 4 (Phong Điền),water_level,Khu TĐC Hương Sơ(Thành phố Huế),30.472833557964986,UNKNOWN
water_level,Khu TĐC Hương Sơ(Thành phố Huế),reservoir,Thủy điện Rào Trăng 4,30.493044680171668,UNKNOWN
water_level,Trạm Tứ Phú (Sông Bồ),reservoir,Thủy điện A Lưới,30.50023182129494,UNKNOWN
rain,Xuân Lộc (Phú Lộc),water_level,Khu TĐC Hương Sơ(Thành phố Huế),30.52065898421649,UNKNOWN
rain,Thị trấn Phong Điền (Phong Điền),water_level,"Xóm Gióng, Phường Thủy Dương",30.543128055580155,UNKNOWN
rain,Hương Sơn (Phú Lộc),reservoir,Thủy điện A Roàng,30.6336544444906,UNKNOWN
rain,An Tây (Thuận Hóa),reservoir,Thủy điện A Lưới,30.635596140317503,UNKNOWN
rain,Tà Lương (A Lưới),water_level,Trạm Dã Viên (Sông Hương),30.64891407985872,UNKNOWN
rain,Tà Lương (A Lưới),water_level,Cầu Huỳnh Liên-Văn Trạch Hòa(Sông Ô Lâu),30.65510521030023,UNKNOWN
water_level,Cầu Huỳnh Liên-Văn Trạch Hòa(Sông Ô Lâu),wind,Cảng Thuận An,30.74978529981366,UNKNOWN
rain,Cảng Thuận An,water_level,Cầu Huỳnh Liên-Văn Trạch Hòa(Sông Ô Lâu),30.796023217115685,UNKNOWN
rain,Trạm bơm Vinh Hà (Phú Vang),reservoir,Thủy điện Thượng Nhật,30.81805463055754,UNKNOWN
rain,TT Phú Đa (Phú Vang),reservoir,Thủy điện Hương Điền,30.9428457982153,UNKNOWN
rain,TT Sịa (Quảng Điền),reservoir,Thủy điện Rào Trăng 4,30.962925763181776,UNKNOWN
rain,Thượng Quảng (Phú Lộc),reservoir,Thủy điện Sông Bồ,30.990522921033065,UNKNOWN
rain,An Tây (Thuận Hóa),water_level,Cầu Huỳnh Liên-Văn Trạch Hòa(Sông Ô Lâu),30.997311585401555,UNKNOWN
rain,Hồ chứa nước Truồi,wind,VPTT PCTTHUE,31.031392808800643,UNKNOWN
rain,Vỹ Dạ,water_level,Cầu Huỳnh Liên-Văn Trạch Hòa(Sông Ô Lâu),31.046620111716773,UNKNOWN
rain,Đập Thủy điện Rào Trăng 4 (Phong Điền),reservoir,Thủy điện A Roàng,31.046834117298367,UNKNOWN
rain,Điền Hương (Phong Điền),water_level,Khu TĐC Hương Sơ(Thành phố Huế),31.075622639831323,UNKNOWN
rain,Hồ chứa nước Truồi,reservoir,Thủy điện Bình Điền,31.079225590268578,UNKNOWN
rain,Giang Hải (Phú Lộc),wind,VPTT PCTTHUE,31.11854470925531,UNKNOWN
rain,Đan Điền,reservoir,Thủy điện Rào Trăng 4,31.1516267903533,UNKNOWN
rain,Hồ Mỹ Xuyên (Phong Điền),water_level,Phú Xuân,31.193259092472108,UNKNOWN
rain,Thủy điện Bình Điền (Hương Trà),reservoir,Thủy điện A LIN B2,31.332766081535816,UNKNOWN
rain,Hồng Thái (A Lưới),reservoir,Thủy điện Hương Điền,31.357137066224812,UNKNOWN
rain,Hương Chữ (Hương Trà),reservoir,Thủy điện Sông Bồ,31.396688267381652,UNKNOWN
rain,Hương Sơn (Phú Lộc),water_level,"Xóm Gióng, Phường Thủy Dương",31.414124899126346,UNKNOWN
rain,Hương Chữ (Hương Trà),reservoir,Đập A Lin 3,31.42823281898616,UNKNOWN
rain,VP QLKTCTTL TP Huế (TP Huế),reservoir,Thủy điện A Lưới,31.43920450014886,UNKNOWN
rain,Hồ Hòa Mỹ (Phong Điền),water_level,An Cựu,31.45851543946839,UNKNOWN
rain,Cảng Tư Hiền,water_level,Xã Thủy Thanh (TX Hương Thủy),31.486174331094194,UNKNOWN
water_level,Xã Thủy Thanh (TX Hương Thủy),wind,Cảng Tư Hiền,31.486174331094194,UNKNOWN
rain,Quảng Phú (Quảng Điền),reservoir,Thủy điện A Lưới,31.51864254666061,UNKNOWN
rain,Quảng Phú (Quảng Điền),reservoir,Thủy điện A LIN B2,31.53192286397413,UNKNOWN
water_level,Phú Xuân,reservoir,Thủy điện A Lưới,31.56381335821142,UNKNOWN
rain,Tà Lương (A Lưới),reservoir,Hồ Tả Trạch,31.60449033880259,UNKNOWN
rain,Thủy Thanh (Hương Thủy),water_level,Cảng Tư Hiền,31.645803273182462,UNKNOWN
rain,Thủy Thanh (Hương Thủy),wind,Cảng Tư Hiền,31.66037696008942,UNKNOWN
water_level,Trạm Dã Viên (Sông Hương),reservoir,Thủy điện Sông Bồ,31.6930916920716,UNKNOWN
rain,An Tây (Thuận Hóa),reservoir,Thủy điện Sông Bồ,31.73601416379392,UNKNOWN
rain,Tà Lương (A Lưới),water_level,Phú Xuân,31.73960683920501,UNKNOWN
rain,Giang Hải (Phú Lộc),wind,Cảng Thuận An,31.77619471974592,UNKNOWN
rain,Hồ Hòa Mỹ (Phong Điền),water_level,"Khu đô thị An Cựu City, TP Huế",31.782635004867316,UNKNOWN
rain,"Đập, Thủy điện Thượng Nhật (Phú Lộc)",reservoir,Thủy điện A Roàng,31.8199030136371,UNKNOWN
rain,Hương Sơn (Phú Lộc),water_level,Cảng Tư Hiền,31.85204320985647,UNKNOWN
rain,Hương Sơn (Phú Lộc),wind,Cảng Tư Hiền,31.858364456058702,UNKNOWN
rain,Hồ Hòa Mỹ (Phong Điền),water_level,"Chung cư Xuân Phú, TP Huế",31.912362921176975,UNKNOWN
rain,Đập Thủy điện Rào Trăng 4 (Phong Điền),wind,VPTT PCTTHUE,31.923451316493253,UNKNOWN
rain,Quan Tượng Đài (Phú Xuân),reservoir,Thủy điện Sông Bồ,31.924697420504305,UNKNOWN
water_level,"Thôn Trung Làng, xã Quảng Thái",reservoir,Thủy điện Rào Trăng 3,31.939445213355576,UNKNOWN
rain,Đập Thủy điện Rào Trăng 3 (Phong Điền),water_level,"Thôn Trung Làng, xã Quảng Thái",31.94145717246518,UNKNOWN
wind,VPTT PCTTHUE,reservoir,Thủy điện Rào Trăng 4,31.951298011269717,UNKNOWN
rain,VPTT PCTTHUE,reservoir,Thủy điện Rào Trăng 4,31.951298011269717,UNKNOWN
rain,Bình Tiến (Hương Trà),water_level,"Thôn Trung Làng, xã Quảng Thái",31.961379710989615,UNKNOWN
wind,VPTT PCTTHUE,reservoir,Thủy điện A Lưới,31.9621301815107,UNKNOWN
rain,VPTT PCTTHUE,reservoir,Thủy điện A Lưới,31.9621301815107,UNKNOWN
rain,Bình Tiến (Hương Trà),reservoir,Đập A LIN B1,32.00064803862245,UNKNOWN
rain,Hồ chứa nước Truồi,water_level,Trạm Dã Viên (Sông Hương),32.00424820103478,UNKNOWN
rain,Hồ chứa nước Phú Bài (Hương Thủy),reservoir,Thủy điện Hương Điền,32.01654197847076,UNKNOWN
rain,Lưu vực Thủy điện Thượng Nhật (Phú Lộc),reservoir,Thủy điện Bình Điền,32.02968415819914,UNKNOWN
rain,Giang Hải (Phú Lộc),water_level,Cảng Cá Thuận An,32.08944536813309,UNKNOWN
rain,Thị trấn Phong Điền (Phong Điền),water_level,Xã Thủy Thanh (TX Hương Thủy),32.12267522206973,UNKNOWN
rain,Lưu vực Thủy điện Thượng Nhật (Phú Lộc),reservoir,Thủy điện A Roàng,32.12977293246891,UNKNOWN
rain,Điền Hương (Phong Điền),reservoir,Đập Thảo Long,32.210272806142484,UNKNOWN
rain,An Tây (Thuận Hóa),reservoir,Thủy điện Rào Trăng 4,32.22741141853983,UNKNOWN
water_level,"Thôn Phò Nam A, xã Quảng Thọ",reservoir,Thủy điện Rào Trăng 3,32.307420234666886,UNKNOWN
rain,Đập Thủy điện Rào Trăng 3 (Phong Điền),water_level,"Thôn Phò Nam A, xã Quảng Thọ",32.32252762929675,UNKNOWN
rain,Hồ Hòa Mỹ (Phong Điền),water_level,"Xóm Gióng, Phường Thủy Dương",32.37513579946286,UNKNOWN
rain,Tà Lương (A Lưới),wind,VPTT PCTTHUE,32.504277916471395,UNKNOWN
rain,Thị trấn Phong Điền (Phong Điền),reservoir,Thủy điện Bình Điền,32.52882454490044,UNKNOWN
rain,Hồ Hòa Mỹ (Phong Điền),reservoir,Đập Thảo Long,32.60962954370575,UNKNOWN
rain,Xuân Lộc (Phú Lộc),water_level,Trạm Ngã Ba Sình (Sông Hương),32.66226201880703,UNKNOWN
water_level,"Thôn Trung Làng, xã Quảng Thái",reservoir,Đập A Lin 3,32.68018626193045,UNKNOWN
rain,Hương Sơn (Phú Lộc),water_level,"Khu đô thị An Cựu City, TP Huế",32.69180899329889,UNKNOWN
rain,TT Khe Tre (Phú Lộc),water_level,"Xóm Gióng, Phường Thủy Dương",32.70554918939667,UNKNOWN
rain,Đan Điền,reservoir,Thủy điện Rào Trăng 3,32.72206446649613,UNKNOWN
water_level,"Xóm Gióng, Phường Thủy Dương",reservoir,Thủy điện A Lưới,32.72255835528168,UNKNOWN
rain,Giang Hải (Phú Lộc),water_level,Trạm Dã Viên (Sông Hương),32.77132382751921,UNKNOWN
rain,Đập Thủy điện Rào Trăng 4 (Phong Điền),water_level,Trạm Ngã Ba Sình (Sông Hương),32.8310677791122,UNKNOWN
rain,Tà Lương (A Lưới),water_level,Khu TĐC Hương Sơ(Thành phố Huế),32.83900838661312,UNKNOWN
water_level,Trạm Ngã Ba Sình (Sông Hương),reservoir,Thủy điện Rào Trăng 4,32.84758705648891,UNKNOWN
rain,Hồ Mỹ Xuyên (Phong Điền),reservoir,Đập Thảo Long,32.852985751863045,UNKNOWN
rain,Hồ chứa nước Thủy Yên,reservoir,Hồ Tả Trạch,32.85475561216509,UNKNOWN
water_level,Cầu Huỳnh Liên-Văn Trạch Hòa(Sông Ô Lâu),reservoir,Thủy điện Bình Điền,32.85477658734647,UNKNOWN
rain,An Tây (Thuận Hóa),water_level,Cầu Hòa Xuân 1(Sông Ô Lâu),32.87356385805391,UNKNOWN
rain,Hương Chữ (Hương Trà),reservoir,Thủy điện A LIN B2,32.878598983665505,UNKNOWN
water_level,Khu TĐC Hương Sơ(Thành phố Huế),reservoir,Thủy điện A Lưới,32.896969339282464,UNKNOWN
rain,Xuân Lộc (Phú Lộc),wind,Cảng Thuận An,32.898559875527965,UNKNOWN
rain,Thủy điện Bình Điền (Hương Trà),reservoir,Thủy điện Thượng Lộ,32.92787586120738,UNKNOWN
rain,Hồ Mỹ Xuyên (Phong Điền),water_level,Trạm Dã Viên (Sông Hương),32.96232945141332,UNKNOWN
rain,TT Sịa (Quảng Điền),reservoir,Hồ Tả Trạch,32.97600322118129,UNKNOWN
water_level,Trạm Tứ Phú (Sông Bồ),reservoir,Thủy điện Sông Bồ,32.97619692924985,UNKNOWN
rain,Thủy Thanh (Hương Thủy),water_level,Cầu Hòa Xuân 1(Sông Ô Lâu),33.02181815484611,UNKNOWN
rain,Xuân Lộc (Phú Lộc),reservoir,Đập Thảo Long,33.039177067393936,UNKNOWN
rain,Tà Lương (A Lưới),water_level,"Thôn Phò Nam A, xã Quảng Thọ",33.05492898587909,UNKNOWN
rain,Giang Hải (Phú Lộc),reservoir,Đập Thảo Long,33.05568475421653,UNKNOWN
rain,Điền Hương (Phong Điền),water_level,Phú Xuân,33.058639127377255,UNKNOWN
water_level,"Khu đô thị An Cựu City, TP Huế",reservoir,Thủy điện A Lưới,33.123235247807976,UNKNOWN
rain,Trạm bơm Vinh Hà (Phú Vang),reservoir,Thủy điện Bình Điền,33.18953354667247,UNKNOWN
water_level,Phú Xuân,reservoir,Thủy điện Sông Bồ,33.23529002479688,UNKNOWN
rain,Thủy điện Bình Điền (Hương Trà),water_level,Cầu Huỳnh Liên-Văn Trạch Hòa(Sông Ô Lâu),33.239778642823936,UNKNOWN
rain,VP QLKTCTTL TP Huế (TP Huế),reservoir,Thủy điện Sông Bồ,33.25065987690986,UNKNOWN
rain,Giang Hải (Phú Lộc),reservoir,Thủy điện Thượng Nhật,33.2558737907587,UNKNOWN
water_level,Cầu Hòa Xuân 1(Sông Ô Lâu),reservoir,Thủy điện Rào Trăng 4,33.28531020646764,UNKNOWN
rain,Đập Thủy điện Rào Trăng 4 (Phong Điền),water_level,Cầu Hòa Xuân 1(Sông Ô Lâu),33.30716248630354,UNKNOWN
water_level,An Cựu,reservoir,Thủy điện A Lưới,33.31840177153368,UNKNOWN
water_level,"Thôn Phò Nam A, xã Quảng Thọ",reservoir,Đập A Lin 3,33.35488980514807,UNKNOWN
rain,Hương Sơn (Phú Lộc),water_level,An Cựu,33.35732539881207,UNKNOWN
rain,VPTT PCTTHUE,reservoir,Thủy điện Sông Bồ,33.35769076501681,UNKNOWN
wind,VPTT PCTTHUE,reservoir,Thủy điện Sông Bồ,33.35769076501681,UNKNOWN
rain,Trạm bơm Sơn Bổn,water_level,"Thôn Phò Nam A, xã Quảng Thọ",33.3633330547296,UNKNOWN
rain,Xuân Lộc (Phú Lộc),water_level,Cảng Cá Thuận An,33.38563823685678,UNKNOWN
water_level,Cầu Huỳnh Liên-Văn Trạch Hòa(Sông Ô Lâu),reservoir,Thủy điện A Lưới,33.408311890988465,UNKNOWN
rain,Thượng Quảng (Phú Lộc),reservoir,Thủy điện A Lưới,33.410092957796955,UNKNOWN
rain,Điền Hương (Phong Điền),water_level,Cảng Cá Thuận An,33.41561147794748,UNKNOWN
rain,TT Phú Đa (Phú Vang),reservoir,Thủy điện Thượng Lộ,33.42419408064358,UNKNOWN
water_level,"Xóm Gióng, Phường Thủy Dương",wind,Cảng Tư Hiền,33.42710558810522,UNKNOWN
rain,Cảng Tư Hiền,water_level,"Xóm Gióng, Phường Thủy Dương",33.42710558810522,UNKNOWN
rain,Hương Sơn (Phú Lộc),water_level,Xã Thủy Thanh (TX Hương Thủy),33.42800679781764,UNKNOWN
rain,Thủy Thanh (Hương Thủy),water_level,Cầu Huỳnh Liên-Văn Trạch Hòa(Sông Ô Lâu),33.44655275112032,UNKNOWN
rain,Đan Điền,reservoir,Đập A Lin 3,33.44919187654263,UNKNOWN
rain,Phú Sơn (Hương Thủy),reservoir,Thủy điện Sông Bồ,33.53015416437567,UNKNOWN
water_level,"Thôn Trung Làng, xã Quảng Thái",reservoir,Thủy điện A LIN B2,33.56467440711157,UNKNOWN
rain,Tà Lương (A Lưới),water_level,"Xóm Gióng, Phường Thủy Dương",33.63579960362688,UNKNOWN
rain,Bình Tiến (Hương Trà),reservoir,Thủy điện A Lin Thượng,33.636177380550436,UNKNOWN
rain,Điền Hương (Phong Điền),wind,Cảng Thuận An,33.655780457013975,UNKNOWN
rain,Hồng Vân (A Lưới),water_level,Cầu Huỳnh Liên-Văn Trạch Hòa(Sông Ô Lâu),33.70126566425511,UNKNOWN
rain,Phú Sơn (Hương Thủy),reservoir,Thủy điện A Lưới,33.734530586353095,UNKNOWN
rain,Đập Thủy điện Rào Trăng 4 (Phong Điền),water_level,An Cựu,33.769726138948215,UNKNOWN
rain,VP QLKTCTTL TP Huế (TP Huế),reservoir,Thủy điện Rào Trăng 3,33.78103465043922,UNKNOWN
water_level,An Cựu,reservoir,Thủy điện Rào Trăng 4,33.79850962858453,UNKNOWN
water_level,"Xóm Gióng, Phường Thủy Dương",reservoir,Thủy điện Sông Bồ,33.81557092176281,UNKNOWN
rain,Hồng Vân (A Lưới),reservoir,Thủy điện Hương Điền,33.837381397102185,UNKNOWN
water_level,"Thôn Phò Nam A, xã Quảng Thọ",reservoir,Thủy điện A Lưới,33.84138471633914,UNKNOWN
rain,Đập Thủy điện Rào Trăng 4 (Phong Điền),water_level,"Khu đô thị An Cựu City, TP Huế",33.874709475991615,UNKNOWN
rain,Tà Lương (A Lưới),water_level,"Khu đô thị An Cựu City, TP Huế",33.89529304864206,UNKNOWN
water_level,"Khu đô thị An Cựu City, TP Huế",reservoir,Thủy điện Rào Trăng 4,33.90439780247363,UNKNOWN
rain,Quảng Phú (Quảng Điền),reservoir,Thủy điện Sông Bồ,33.960461618652374,UNKNOWN
water_level,"Thủ Lễ, xã Quảng Phước",reservoir,Thủy điện Rào Trăng 3,33.965719844162344,UNKNOWN
rain,Đập Thủy điện Rào Trăng 3 (Phong Điền),water_level,"Thủ Lễ, xã Quảng Phước",33.979127752508106,UNKNOWN
rain,Hương Sơn (Phú Lộc),water_level,"Chung cư Xuân Phú, TP Huế",33.98328135960038,UNKNOWN
rain,Hồ chứa nước Phú Bài (Hương Thủy),wind,Cảng Chân Mây,33.983370112662975,UNKNOWN
rain,TT Khe Tre (Phú Lộc),water_level,"Khu đô thị An Cựu City, TP Huế",33.98551834159768,UNKNOWN
rain,Thị trấn Phong Điền (Phong Điền),reservoir,Thủy điện A Lưới,34.0083258453694,UNKNOWN
rain,Tà Lương (A Lưới),water_level,An Cựu,34.016254818174254,UNKNOWN
rain,Giang Hải (Phú Lộc),water_level,Phú Xuân,34.037162167923476,UNKNOWN
rain,Đập Thủy điện Rào Trăng 4 (Phong Điền),water_level,"Xóm Gióng, Phường Thủy Dương",34.04702502601447,UNKNOWN
rain,Hồ chứa nước Truồi,water_level,Phú Xuân,34.071457527951765,UNKNOWN
water_level,"Xóm Gióng, Phường Thủy Dương",reservoir,Thủy điện Rào Trăng 4,34.078409143819904,UNKNOWN
rain,Hương Sơn (Phú Lộc),wind,VPTT PCTTHUE,34.09690887790253,UNKNOWN
rain,TT Sịa (Quảng Điền),reservoir,Thủy điện Rào Trăng 3,34.1466831089498,UNKNOWN
rain,Vỹ Dạ,water_level,Cảng Tư Hiền,34.157851583065536,UNKNOWN
rain,Vỹ Dạ,wind,Cảng Tư Hiền,34.172423729938465,UNKNOWN
rain,Cảng Tư Hiền,water_level,"Khu đô thị An Cựu City, TP Huế",34.18769986685324,UNKNOWN
water_level,"Khu đô thị An Cựu City, TP Huế",wind,Cảng Tư Hiền,34.18769986685324,UNKNOWN
rain,Hương Sơn (Phú Lộc),reservoir,Thủy điện Sông Bồ,34.22023036191713,UNKNOWN
water_level,"Chung cư Xuân Phú, TP Huế",reservoir,Thủy điện A Lưới,34.229668004870724,UNKNOWN
rain,Hương Sơn (Phú Lộc),water_level,Trạm Dã Viên (Sông Hương),34.246481557424886,UNKNOWN
rain,Hồ Mỹ Xuyên (Phong Điền),wind,VPTT PCTTHUE,34.25139678398571,UNKNOWN
rain,TT Khe Tre (Phú Lộc),water_level,Xã Thủy Thanh (TX Hương Thủy),34.29679001922732,UNKNOWN
rain,Đan Điền,reservoir,Thủy điện A LIN B2,34.31316407309635,UNKNOWN
water_level,"Khu đô thị An Cựu City, TP Huế",reservoir,Thủy điện Sông Bồ,34.327144587162294,UNKNOWN
rain,Đập Thủy điện Rào Trăng 3 (Phong Điền),reservoir,Thủy điện A Roàng,34.37204584553653,UNKNOWN
rain,Cảng Tư Hiền,water_level,"Chung cư Xuân Phú, TP Huế",34.38834955578929,UNKNOWN
water_level,"Chung cư Xuân Phú, TP Huế",wind,Cảng Tư Hiền,34.38834955578929,UNKNOWN
rain,"Đập, Thủy điện Thượng Nhật (Phú Lộc)",water_level,Cảng Tư Hiền,34.43739611725354,UNKNOWN
rain,"Đập, Thủy điện Thượng Nhật (Phú Lộc)",wind,Cảng Tư Hiền,34.44178122906007,UNKNOWN
rain,Đập Thủy điện Rào Trăng 3 (Phong Điền),water_level,Cầu Hòa Xuân 1(Sông Ô Lâu),34.448788353019786,UNKNOWN
water_level,Cầu Hòa Xuân 1(Sông Ô Lâu),reservoir,Thủy điện Rào Trăng 3,34.449709201651025,UNKNOWN
rain,Hồ Mỹ Xuyên (Phong Điền),water_level,Cảng Cá Thuận An,34.476818826790435,UNKNOWN
rain,Đập Thủy điện Rào Trăng 4 (Phong Điền),water_level,"Chung cư Xuân Phú, TP Huế",34.47779740836071,UNKNOWN
rain,Bạch Mã,water_level,Xã Thủy Thanh (TX Hương Thủy),34.481410278740846,UNKNOWN
water_level,"Chung cư Xuân Phú, TP Huế",reservoir,Thủy điện Rào Trăng 4,34.505715393806476,UNKNOWN
rain,Hồ Hòa Mỹ (Phong Điền),wind,Cảng Thuận An,34.56332351974137,UNKNOWN
water_level,An Cựu,reservoir,Thủy điện Sông Bồ,34.57966185392532,UNKNOWN
rain,Hồ Mỹ Xuyên (Phong Điền),wind,Cảng Thuận An,34.59460156013895,UNKNOWN
rain,TT Khe Tre (Phú Lộc),reservoir,Thủy điện A Roàng,34.603879271301174,UNKNOWN
water_level,An Cựu,wind,Cảng Tư Hiền,34.62424019538838,UNKNOWN
rain,Cảng Tư Hiền,water_level,An Cựu,34.62424019538838,UNKNOWN
rain,TT Khe Tre (Phú Lộc),water_level,An Cựu,34.65596523343953,UNKNOWN
water_level,Cầu Huỳnh Liên-Văn Trạch Hòa(Sông Ô Lâu),reservoir,Thủy điện A Lin Thượng,34.659752149145824,UNKNOWN
rain,Hồ Hòa Mỹ (Phong Điền),water_level,Cảng Cá Thuận An,34.66569920001092,UNKNOWN
rain,An Tây (Thuận Hóa),water_level,Cảng Tư Hiền,34.698688444992655,UNKNOWN
water_level,"Thôn Phò Nam A, xã Quảng Thọ",reservoir,Thủy điện A LIN B2,34.70086418156022,UNKNOWN
rain,An Tây (Thuận Hóa),wind,Cảng Tư Hiền,34.71306038477828,UNKNOWN
water_level,Khu TĐC Hương Sơ(Thành phố Huế),reservoir,Thủy điện Sông Bồ,34.72129166495259,UNKNOWN
rain,Xuân Lộc (Phú Lộc),wind,Cảng Chân Mây,34.73009950196821,UNKNOWN
water_level,Trạm Dã Viên (Sông Hương),reservoir,Thủy điện Rào Trăng 3,34.74930928072643,UNKNOWN
rain,TT Phú Đa (Phú Vang),wind,Cảng Chân Mây,34.75150289678399,UNKNOWN
rain,Quan Tượng Đài (Phú Xuân),reservoir,Thủy điện Rào Trăng 3,34.75346090607515,UNKNOWN
water_level,Phú Xuân,reservoir,Thủy điện Rào Trăng 3,34.766148573814405,UNKNOWN
rain,Đập Thủy điện Rào Trăng 3 (Phong Điền),water_level,Trạm Dã Viên (Sông Hương),34.77156708137221,UNKNOWN
rain,Đập Thủy điện Rào Trăng 3 (Phong Điền),water_level,Phú Xuân,34.78691418820949,UNKNOWN
rain,Trạm bơm Sơn Bổn,water_level,"Thủ Lễ, xã Quảng Phước",34.81799176703488,UNKNOWN
rain,A Đớt (A Lưới),reservoir,Thủy điện Thượng Nhật,34.83054217394399,UNKNOWN
water_level,Khu TĐC Hương Sơ(Thành phố Huế),reservoir,Thủy điện Rào Trăng 3,34.88624290541929,UNKNOWN
rain,Tà Lương (A Lưới),water_level,"Chung cư Xuân Phú, TP Huế",34.89224954268666,UNKNOWN
rain,VP QLKTCTTL TP Huế (TP Huế),reservoir,Đập A Lin 3,34.8978070824551,UNKNOWN
rain,Đập Thủy điện Rào Trăng 3 (Phong Điền),water_level,Khu TĐC Hương Sơ(Thành phố Huế),34.90553771316471,UNKNOWN
rain,Hồ chứa nước Khe Ngang,reservoir,Thủy điện A Roàng,34.92314438344953,UNKNOWN
rain,Trạm bơm Quảng Thành (Quảng Điền),reservoir,Thủy điện Rào Trăng 4,34.92591595533712,UNKNOWN
rain,Điền Hương (Phong Điền),reservoir,Thủy điện Rào Trăng 4,34.93059258553383,UNKNOWN
water_level,"Thủ Lễ, xã Quảng Phước",reservoir,Đập A Lin 3,34.98186782539024,UNKNOWN
rain,Hồ Hòa Mỹ (Phong Điền),water_level,Xã Thủy Thanh (TX Hương Thủy),35.04280202572891,UNKNOWN
rain,Điền Hương (Phong Điền),reservoir,Thủy điện Rào Trăng 3,35.08358556197823,UNKNOWN
rain,Bạch Mã,water_level,"Xóm Gióng, Phường Thủy Dương",35.09395004876621,UNKNOWN
water_level,Cảng Tư Hiền,reservoir,Thủy điện Thượng Nhật,35.101102813439375,UNKNOWN
water_level,Cầu Hòa Xuân 1(Sông Ô Lâu),reservoir,Đập A Lin 3,35.10205770779412,UNKNOWN
wind,Cảng Tư Hiền,reservoir,Thủy điện Thượng Nhật,35.10528425729625,UNKNOWN
rain,Cảng Tư Hiền,reservoir,Thủy điện Thượng Nhật,35.10528425729625,UNKNOWN
rain,TT Sịa (Quảng Điền),reservoir,Đập A Lin 3,35.117934780818764,UNKNOWN
rain,Vườn Quốc gia Bạch Mã (Phú Lộc),water_level,Xã Thủy Thanh (TX Hương Thủy),35.14104801795963,UNKNOWN
rain,A Đớt (A Lưới),reservoir,Đập A LIN B1,35.17315088336539,UNKNOWN
rain,TT Khe Tre (Phú Lộc),water_level,"Chung cư Xuân Phú, TP Huế",35.19890875609682,UNKNOWN
rain,Điền Hương (Phong Điền),water_level,Trạm Dã Viên (Sông Hương),35.21497540996031,UNKNOWN
rain,Giang Hải (Phú Lộc),water_level,Khu TĐC Hương Sơ(Thành phố Huế),35.36512212928082,UNKNOWN
rain,Vườn Quốc gia Bạch Mã (Phú Lộc),water_level,"Xóm Gióng, Phường Thủy Dương",35.38779400993378,UNKNOWN
rain,Lộc An,water_level,"Thôn Phò Nam A, xã Quảng Thọ",35.397756217565906,UNKNOWN
rain,Trạm bơm Sơn Bổn,water_level,Trạm Tứ Phú (Sông Bồ),35.41829422314175,UNKNOWN
rain,Xuân Lộc (Phú Lộc),reservoir,Thủy điện Sông Bồ,35.459050652813396,UNKNOWN
rain,Tà Lương (A Lưới),water_level,"Thủ Lễ, xã Quảng Phước",35.47524081457541,UNKNOWN
water_level,"Chung cư Xuân Phú, TP Huế",reservoir,Thủy điện Sông Bồ,35.510653448685126,UNKNOWN
rain,Điền Hương (Phong Điền),reservoir,Đập A Lin 3,35.54465745324227,UNKNOWN
rain,TT Khe Tre (Phú Lộc),wind,VPTT PCTTHUE,35.589482825433244,UNKNOWN
rain,Xuân Lộc (Phú Lộc),reservoir,Thủy điện A Roàng,35.656316821216684,UNKNOWN
rain,Giang Hải (Phú Lộc),water_level,Trạm Ngã Ba Sình (Sông Hương),35.69126867502172,UNKNOWN
rain,Thượng Quảng (Phú Lộc),water_level,"Xóm Gióng, Phường Thủy Dương",35.802678015955,UNKNOWN
rain,Tà Lương (A Lưới),water_level,Trạm Ngã Ba Sình (Sông Hương),35.81589723793264,UNKNOWN
wind,Cảng Chân Mây,reservoir,Thủy điện Thượng Lộ,35.84230464441889,UNKNOWN
rain,Cảng Chân Mây,reservoir,Thủy điện Thượng Lộ,35.84230464441889,UNKNOWN
water_level,Cầu Hòa Xuân 1(Sông Ô Lâu),reservoir,Thủy điện A LIN B2,35.857125345617966,UNKNOWN
water_level,Trạm Dã Viên (Sông Hương),reservoir,Đập A Lin 3,35.8860946206953,UNKNOWN
rain,Quan Tượng Đài (Phú Xuân),reservoir,Đập A Lin 3,35.8888582914567,UNKNOWN
water_level,Phú Xuân,reservoir,Đập A Lin 3,35.89122654230617,UNKNOWN
rain,Trạm bơm Vinh Hà (Phú Vang),water_level,"Thôn Phò Nam A, xã Quảng Thọ",35.91205385902103,UNKNOWN
rain,Bình Tiến (Hương Trà),water_level,Cầu Hòa Xuân 1(Sông Ô Lâu),35.93579610595892,UNKNOWN
rain,TT Khe Tre (Phú Lộc),water_level,Trạm Dã Viên (Sông Hương),35.945767143464444,UNKNOWN
rain,Nhâm (A Lưới),reservoir,Thủy điện Bình Điền,35.9589033764449,UNKNOWN
water_level,Khu TĐC Hương Sơ(Thành phố Huế),reservoir,Đập A Lin 3,35.99562174759085,UNKNOWN
water_level,Trạm Ngã Ba Sình (Sông Hương),reservoir,Thủy điện A Lưới,36.00776345908215,UNKNOWN
rain,Hồ Mỹ Xuyên (Phong Điền),water_level,An Cựu,36.00861948609904,UNKNOWN
rain,Thị trấn A Lưới (A Lưới),water_level,Cầu Huỳnh Liên-Văn Trạch Hòa(Sông Ô Lâu),36.00889162343984,UNKNOWN
rain,Điền Hương (Phong Điền),reservoir,Thủy điện A LIN B2,36.029697358657984,UNKNOWN
rain,Hồ chứa nước Truồi,water_level,Khu TĐC Hương Sơ(Thành phố Huế),36.056991623056206,UNKNOWN
rain,Đồn Biên phòng Cảng Chân Mây (Phú Lộc),reservoir,Thủy điện Thượng Lộ,36.06637365610572,UNKNOWN
rain,Hồ Mỹ Xuyên (Phong Điền),water_level,"Chung cư Xuân Phú, TP Huế",36.07211081826673,UNKNOWN
rain,Điền Hương (Phong Điền),wind,VPTT PCTTHUE,36.090364435743254,UNKNOWN
rain,Hồ Tà Rinh (Phú Lộc),reservoir,Thủy điện Sông Bồ,36.10605066318852,UNKNOWN
water_level,"Thôn Phò Nam A, xã Quảng Thọ",reservoir,Thủy điện Sông Bồ,36.128569593215154,UNKNOWN
rain,Hương Sơn (Phú Lộc),reservoir,Thủy điện A Lưới,36.13053173788729,UNKNOWN
rain,Vỹ Dạ,reservoir,Thủy điện Rào Trăng 4,36.14259585753704,UNKNOWN
rain,TT Phú Đa (Phú Vang),reservoir,Thủy điện Thượng Nhật,36.155848153764595,UNKNOWN
rain,Bạch Mã,water_level,"Khu đô thị An Cựu City, TP Huế",36.15596192760937,UNKNOWN
rain,Lộc Tiến (Phú Lộc),reservoir,Thủy điện Thượng Nhật,36.15679654774136,UNKNOWN
water_level,Cầu Huỳnh Liên-Văn Trạch Hòa(Sông Ô Lâu),reservoir,Đập A LIN B1,36.16621541739328,UNKNOWN
rain,Lưu vực Thủy điện Thượng Nhật (Phú Lộc),water_level,Cảng Tư Hiền,36.1813669736836,UNKNOWN
rain,Lưu vực Thủy điện Thượng Nhật (Phú Lộc),wind,Cảng Tư Hiền,36.18509102373141,UNKNOWN
water_level,"Thôn Trung Làng, xã Quảng Thái",reservoir,Thủy điện Bình Điền,36.27424758203901,UNKNOWN
water_level,"Thủ Lễ, xã Quảng Phước",reservoir,Thủy điện A LIN B2,36.27622433334745,UNKNOWN
rain,Hồ Tà Rinh (Phú Lộc),water_level,Cảng Tư Hiền,36.31068500502067,UNKNOWN
rain,Hồ Tà Rinh (Phú Lộc),wind,Cảng Tư Hiền,36.31526833187002,UNKNOWN
rain,TT Sịa (Quảng Điền),reservoir,Thủy điện A LIN B2,36.3415842328151,UNKNOWN
rain,An Tây (Thuận Hóa),reservoir,Thủy điện Thượng Lộ,36.362319510677246,UNKNOWN
rain,VP QLKTCTTL TP Huế (TP Huế),reservoir,Thủy điện A LIN B2,36.36693284257444,UNKNOWN
water_level,"Thủ Lễ, xã Quảng Phước",reservoir,Thủy điện A Lưới,36.37722934430082,UNKNOWN
rain,Thị trấn Phong Điền (Phong Điền),reservoir,Thủy điện A Lin Thượng,36.39491530418213,UNKNOWN
rain,Hồ chứa nước Truồi,wind,Cảng Thuận An,36.41122659714785,UNKNOWN
rain,Vỹ Dạ,reservoir,Thủy điện A Lưới,36.432304763297566,UNKNOWN
rain,A Đớt (A Lưới),reservoir,Thủy điện Rào Trăng 4,36.485014277211775,UNKNOWN
rain,Thủy Thanh (Hương Thủy),reservoir,Thủy điện A Lưới,36.485899284959146,UNKNOWN
rain,Xuân Lộc (Phú Lộc),reservoir,Thủy điện A Lưới,36.49751948325026,UNKNOWN
rain,Vườn Quốc gia Bạch Mã (Phú Lộc),water_level,"Khu đô thị An Cựu City, TP Huế",36.50990398611046,UNKNOWN
water_level,Cảng Tư Hiền,wind,VPTT PCTTHUE,36.51844596533814,UNKNOWN
rain,VPTT PCTTHUE,water_level,Cảng Tư Hiền,36.51844596533814,UNKNOWN
rain,VPTT PCTTHUE,wind,Cảng Tư Hiền,36.532967248625255,UNKNOWN
rain,Cảng Tư Hiền,wind,VPTT PCTTHUE,36.532967248625255,UNKNOWN
rain,Hồ Mỹ Xuyên (Phong Điền),water_level,"Khu đô thị An Cựu City, TP Huế",36.54716682274187,UNKNOWN
rain,Xuân Lộc (Phú Lộc),water_level,"Thôn Phò Nam A, xã Quảng Thọ",36.56993704057377,UNKNOWN
water_level,Cầu Huỳnh Liên-Văn Trạch Hòa(Sông Ô Lâu),reservoir,Thủy điện Sông Bồ,36.60343887513458,UNKNOWN
rain,Cảng Thuận An,water_level,Cảng Tư Hiền,36.6449460391758,UNKNOWN
rain,Cảng Thuận An,wind,Cảng Tư Hiền,36.65921605613875,UNKNOWN
rain,Thủy điện Bình Điền (Hương Trà),water_level,"Thôn Trung Làng, xã Quảng Thái",36.66558543119006,UNKNOWN
rain,Hương Sơn (Phú Lộc),water_level,Phú Xuân,36.685451787047334,UNKNOWN
rain,VPTT PCTTHUE,reservoir,Thủy điện Rào Trăng 3,36.71937909465915,UNKNOWN
wind,VPTT PCTTHUE,reservoir,Thủy điện Rào Trăng 3,36.71937909465915,UNKNOWN
water_level,Xã Thủy Thanh (TX Hương Thủy),reservoir,Thủy điện A Lưới,36.73364819062387,UNKNOWN
rain,Bạch Mã,water_level,An Cựu,36.73509013087589,UNKNOWN
water_level,"Xóm Gióng, Phường Thủy Dương",reservoir,Thủy điện Thượng Lộ,36.740944161194996,UNKNOWN
rain,Đập Thủy điện Rào Trăng 3 (Phong Điền),wind,VPTT PCTTHUE,36.741542077486656,UNKNOWN
rain,"Đập, Thủy điện Thượng Nhật (Phú Lộc)",water_level,"Xóm Gióng, Phường Thủy Dương",36.803857627546854,UNKNOWN
rain,Bạch Mã,water_level,"Chung cư Xuân Phú, TP Huế",36.81005417333084,UNKNOWN
water_level,Cảng Tư Hiền,wind,Cảng Thuận An,36.81845270840436,UNKNOWN
rain,Cảng Tư Hiền,wind,Cảng Thuận An,36.83270639099765,UNKNOWN
rain,Đập Thủy điện Rào Trăng 4 (Phong Điền),reservoir,Hồ Tả Trạch,36.838461020538965,UNKNOWN
rain,Hồ A Lá (A Lưới),water_level,Cầu Huỳnh Liên-Văn Trạch Hòa(Sông Ô Lâu),36.84102124020905,UNKNOWN
rain,Hồ chứa nước Truồi,water_level,Cảng Cá Thuận An,36.85740288514632,UNKNOWN
rain,An Tây (Thuận Hóa),reservoir,Thủy điện Thượng Nhật,36.860194920975225,UNKNOWN
rain,Lộc An,water_level,"Thủ Lễ, xã Quảng Phước",36.94301956587401,UNKNOWN
rain,Hồ chứa nước Truồi,reservoir,Đập Thảo Long,36.98052147217195,UNKNOWN
rain,Xuân Lộc (Phú Lộc),reservoir,Thủy điện Hương Điền,36.98660784288325,UNKNOWN
rain,TT Khe Tre (Phú Lộc),wind,Cảng Chân Mây,36.99186359421078,UNKNOWN
rain,Trạm bơm Vinh Hà (Phú Vang),water_level,"Thủ Lễ, xã Quảng Phước",37.017082786339934,UNKNOWN
water_level,Trạm Ngã Ba Sình (Sông Hương),reservoir,Thủy điện Rào Trăng 3,37.02314538378862,UNKNOWN
rain,Đập Thủy điện Rào Trăng 3 (Phong Điền),water_level,Trạm Ngã Ba Sình (Sông Hương),37.04080628673774,UNKNOWN
rain,Thượng Quảng (Phú Lộc),water_level,"Khu đô thị An Cựu City, TP Huế",37.04340183006875,UNKNOWN
rain,Phú Sơn (Hương Thủy),reservoir,Thủy điện A Roàng,37.05763930637484,UNKNOWN
rain,Hồ chứa nước Phú Bài (Hương Thủy),reservoir,Thủy điện Sông Bồ,37.09153812492216,UNKNOWN
rain,Vườn Quốc gia Bạch Mã (Phú Lộc),water_level,An Cựu,37.11642125796075,UNKNOWN
rain,Cảng Tư Hiền,water_level,Cảng Cá Thuận An,37.12271038882204,UNKNOWN
water_level,Cảng Cá Thuận An,wind,Cảng Tư Hiền,37.12271038882204,UNKNOWN
rain,Thị trấn Phong Điền (Phong Điền),reservoir,Thủy điện Sông Bồ,37.152525359207274,UNKNOWN
rain,Đan Điền,reservoir,Thủy điện Bình Điền,37.16579647243052,UNKNOWN
rain,An Tây (Thuận Hóa),reservoir,Thủy điện Rào Trăng 3,37.19657458443955,UNKNOWN
rain,"Đập, Thủy điện Thượng Nhật (Phú Lộc)",reservoir,Thủy điện Sông Bồ,37.204482804087164,UNKNOWN
rain,Bình Tiến (Hương Trà),reservoir,Thủy điện Thượng Nhật,37.22600693030558,UNKNOWN
rain,Hồ chứa nước Phú Bài (Hương Thủy),reservoir,Thủy điện A Lưới,37.26404732645386,UNKNOWN
rain,Vườn Quốc gia Bạch Mã (Phú Lộc),water_level,"Chung cư Xuân Phú, TP Huế",37.27302390825791,UNKNOWN
rain,Phú Sơn (Hương Thủy),wind,Cảng Chân Mây,37.27593813759798,UNKNOWN
rain,Lộc An,water_level,Trạm Tứ Phú (Sông Bồ),37.28310099107618,UNKNOWN
rain,Thủy Thanh (Hương Thủy),reservoir,Thủy điện Rào Trăng 4,37.323214958665375,UNKNOWN
rain,Nhâm (A Lưới),reservoir,Thủy điện Hương Điền,37.3241300342029,UNKNOWN
rain,Đồn Biên phòng Lăng Cô (Phú Lộc),reservoir,Thủy điện Thượng Lộ,37.34235282911278,UNKNOWN
water_level,Phú Xuân,reservoir,Thủy điện A LIN B2,37.37769127711028,UNKNOWN
rain,Quan Tượng Đài (Phú Xuân),reservoir,Thủy điện A LIN B2,37.399871788478876,UNKNOWN
water_level,Trạm Dã Viên (Sông Hương),reservoir,Thủy điện A LIN B2,37.40087958984625,UNKNOWN
rain,Xuân Lộc (Phú Lộc),water_level,Trạm Tứ Phú (Sông Bồ),37.41230890089691,UNKNOWN
rain,Điền Hương (Phong Điền),water_level,"Chung cư Xuân Phú, TP Huế",37.422370890042366,UNKNOWN
water_level,Khu TĐC Hương Sơ(Thành phố Huế),reservoir,Thủy điện A LIN B2,37.449888834679854,UNKNOWN
rain,Hồ Tà Rinh (Phú Lộc),water_level,"Xóm Gióng, Phường Thủy Dương",37.469626951805715,UNKNOWN
rain,Thủy điện Bình Điền (Hương Trà),reservoir,Đập A LIN B1,37.48166266950104,UNKNOWN
rain,Đập Thủy điện Rào Trăng 4 (Phong Điền),water_level,Xã Thủy Thanh (TX Hương Thủy),37.543867227155374,UNKNOWN
rain,Hồ Mỹ Xuyên (Phong Điền),water_level,"Xóm Gióng, Phường Thủy Dương",37.5493060464667,UNKNOWN
rain,TT Phú Đa (Phú Vang),water_level,"Thôn Trung Làng, xã Quảng Thái",37.553635181883045,UNKNOWN
water_level,Xã Thủy Thanh (TX Hương Thủy),reservoir,Thủy điện Rào Trăng 4,37.57269815548326,UNKNOWN
rain,Tà Lương (A Lưới),water_level,Xã Thủy Thanh (TX Hương Thủy),37.58478488126475,UNKNOWN
rain,Điền Hương (Phong Điền),water_level,An Cựu,37.58557304119743,UNKNOWN
water_level,"Xóm Gióng, Phường Thủy Dương",reservoir,Thủy điện Thượng Nhật,37.59990421372564,UNKNOWN
rain,Thủy Thanh (Hương Thủy),reservoir,Thủy điện Sông Bồ,37.60045420719321,UNKNOWN
rain,Đỉnh Bạch Mã (Phú Lộc),water_level,Xã Thủy Thanh (TX Hương Thủy),37.63923985522229,UNKNOWN
rain,Hồ chứa nước Truồi,water_level,Trạm Ngã Ba Sình (Sông Hương),37.665412067639245,UNKNOWN
rain,Đỉnh Bạch Mã (Phú Lộc),water_level,"Xóm Gióng, Phường Thủy Dương",37.67349393870359,UNKNOWN
rain,Thượng Quảng (Phú Lộc),water_level,An Cựu,37.68477175163411,UNKNOWN
rain,Vỹ Dạ,reservoir,Thủy điện Sông Bồ,37.77896718794498,UNKNOWN
rain,Thị trấn Phong Điền (Phong Điền),reservoir,Đập A LIN B1,37.79420214488101,UNKNOWN
water_level,Xã Thủy Thanh (TX Hương Thủy),reservoir,Thủy điện Sông Bồ,37.84264944393453,UNKNOWN
rain,Trạm bơm Sơn Bổn,reservoir,Thủy điện Hương Điền,37.844619187128515,UNKNOWN
rain,VPTT PCTTHUE,reservoir,Đập A Lin 3,37.855553230197756,UNKNOWN
wind,VPTT PCTTHUE,reservoir,Đập A Lin 3,37.855553230197756,UNKNOWN
rain,Đập Thủy điện Rào Trăng 4 (Phong Điền),reservoir,Đập Thảo Long,37.889813973440916,UNKNOWN
rain,Thượng Quảng (Phú Lộc),water_level,Trạm Dã Viên (Sông Hương),37.89440171991916,UNKNOWN
water_level,Trạm Ngã Ba Sình (Sông Hương),reservoir,Thủy điện Sông Bồ,37.90069807253903,UNKNOWN
rain,TT Sịa (Quảng Điền),reservoir,Thủy điện A Lưới,37.92772133833693,UNKNOWN
water_level,"Khu đô thị An Cựu City, TP Huế",reservoir,Thủy điện Thượng Lộ,38.015831057714344,UNKNOWN
rain,Thủy Thanh (Hương Thủy),reservoir,Thủy điện Thượng Lộ,38.07929506795541,UNKNOWN
rain,"Đập, Thủy điện Thượng Nhật (Phú Lộc)",water_level,"Khu đô thị An Cựu City, TP Huế",38.081929163959956,UNKNOWN
rain,Thượng Quảng (Phú Lộc),wind,VPTT PCTTHUE,38.09816470347898,UNKNOWN
water_level,Xã Thủy Thanh (TX Hương Thủy),reservoir,Thủy điện Thượng Lộ,38.10116105764805,UNKNOWN
water_level,Trạm Ngã Ba Sình (Sông Hương),reservoir,Đập A Lin 3,38.11096186575399,UNKNOWN
rain,TT Khe Tre (Phú Lộc),reservoir,Thủy điện Sông Bồ,38.1468817214239,UNKNOWN
water_level,Cảng Tư Hiền,reservoir,Đập Thảo Long,38.17430393014081,UNKNOWN
rain,Cảng Tư Hiền,reservoir,Đập Thảo Long,38.18866186184833,UNKNOWN
wind,Cảng Tư Hiền,reservoir,Đập Thảo Long,38.18866186184833,UNKNOWN
water_level,Trạm Dã Viên (Sông Hương),wind,Cảng Tư Hiền,38.19123444885786,UNKNOWN
rain,Cảng Tư Hiền,water_level,Trạm Dã Viên (Sông Hương),38.19123444885786,UNKNOWN
rain,Điền Hương (Phong Điền),water_level,"Khu đô thị An Cựu City, TP Huế",38.20288208706289,UNKNOWN
rain,A Đớt (A Lưới),reservoir,Hồ Tả Trạch,38.2573543055838,UNKNOWN
rain,Lưu vực Thủy điện Thượng Nhật (Phú Lộc),reservoir,Thủy điện Sông Bồ,38.28170716272794,UNKNOWN
rain,Hồ Mỹ Xuyên (Phong Điền),reservoir,Thủy điện A Lin Thượng,38.29131773921768,UNKNOWN
rain,TT Khe Tre (Phú Lộc),water_level,Phú Xuân,38.33357966631051,UNKNOWN
rain,An Tây (Thuận Hóa),reservoir,Đập A Lin 3,38.34011441790221,UNKNOWN
rain,Quan Tượng Đài (Phú Xuân),water_level,Cảng Tư Hiền,38.3438186646808,UNKNOWN
rain,Quan Tượng Đài (Phú Xuân),wind,Cảng Tư Hiền,38.35831144489776,UNKNOWN
rain,Thượng Quảng (Phú Lộc),water_level,Xã Thủy Thanh (TX Hương Thủy),38.3748537667609,UNKNOWN
rain,Bạch Mã,wind,VPTT PCTTHUE,38.40296502653582,UNKNOWN
rain,Thượng Quảng (Phú Lộc),water_level,"Chung cư Xuân Phú, TP Huế",38.422202277521876,UNKNOWN
rain,Hồ Tà Rinh (Phú Lộc),reservoir,Thủy điện A Lưới,38.42886211582429,UNKNOWN
rain,Trạm bơm Vinh Hà (Phú Vang),water_level,Trạm Tứ Phú (Sông Bồ),38.46426484552031,UNKNOWN
rain,Hồng Vân (A Lưới),reservoir,Thủy điện A Roàng,38.50662650848939,UNKNOWN
rain,Lộc Tiến (Phú Lộc),reservoir,Hồ Tả Trạch,38.555791300617145,UNKNOWN
water_level,An Cựu,reservoir,Thủy điện Rào Trăng 3,38.60460532821232,UNKNOWN
rain,Xuân Lộc (Phú Lộc),water_level,"Thủ Lễ, xã Quảng Phước",38.624785670250425,UNKNOWN
rain,Đập Thủy điện Rào Trăng 3 (Phong Điền),water_level,An Cựu,38.627055841214485,UNKNOWN
water_level,An Cựu,reservoir,Thủy điện Thượng Lộ,38.685594068277176,UNKNOWN
rain,Vườn Quốc gia Bạch Mã (Phú Lộc),wind,VPTT PCTTHUE,38.69046290719829,UNKNOWN
water_level,"Thủ Lễ, xã Quảng Phước",reservoir,Thủy điện Sông Bồ,38.71872494217924,UNKNOWN
rain,Hồ Tà Rinh (Phú Lộc),water_level,"Khu đô thị An Cựu City, TP Huế",38.7419263860396,UNKNOWN
rain,"Đập, Thủy điện Thượng Nhật (Phú Lộc)",water_level,An Cựu,38.74774615694525,UNKNOWN
water_level,"Khu đô thị An Cựu City, TP Huế",reservoir,Thủy điện Rào Trăng 3,38.74972884504494,UNKNOWN
rain,Đập Thủy điện Rào Trăng 3 (Phong Điền),water_level,"Khu đô thị An Cựu City, TP Huế",38.772514820287306,UNKNOWN
rain,"Đập, Thủy điện Thượng Nhật (Phú Lộc)",water_level,Xã Thủy Thanh (TX Hương Thủy),38.775405477088626,UNKNOWN
rain,Thị trấn A Lưới (A Lưới),water_level,Trạm Tứ Phú (Sông Bồ),38.798591296982394,UNKNOWN
rain,Hồ Mỹ Xuyên (Phong Điền),water_level,Xã Thủy Thanh (TX Hương Thủy),38.80995313268033,UNKNOWN
rain,Trạm bơm Quảng Thành (Quảng Điền),reservoir,Thủy điện Rào Trăng 3,38.81644390952774,UNKNOWN
rain,Đỉnh Bạch Mã (Phú Lộc),water_level,"Khu đô thị An Cựu City, TP Huế",38.827835185142035,UNKNOWN
rain,Tà Lương (A Lưới),water_level,"Thôn Trung Làng, xã Quảng Thái",38.87067852932626,UNKNOWN
water_level,"Khu đô thị An Cựu City, TP Huế",reservoir,Thủy điện Thượng Nhật,38.87734622502677,UNKNOWN
rain,Hồ A Lá (A Lưới),water_level,Trạm Tứ Phú (Sông Bồ),38.88288895818642,UNKNOWN
rain,Hương Sơn (Phú Lộc),water_level,Khu TĐC Hương Sơ(Thành phố Huế),38.954909792030115,UNKNOWN
water_level,"Xóm Gióng, Phường Thủy Dương",reservoir,Thủy điện Rào Trăng 3,38.99422217205789,UNKNOWN
rain,Đập Thủy điện Rào Trăng 3 (Phong Điền),water_level,"Xóm Gióng, Phường Thủy Dương",39.017631214286716,UNKNOWN
rain,Hồ Thọ Sơn (Hương Trà),reservoir,Thủy điện A Roàng,39.01869617495384,UNKNOWN
rain,A Đớt (A Lưới),reservoir,Thủy điện A Lin Thượng,39.05098422719522,UNKNOWN
rain,Giang Hải (Phú Lộc),reservoir,Thủy điện Bình Điền,39.05622774295419,UNKNOWN
rain,Trạm bơm Quảng Thành (Quảng Điền),reservoir,Thủy điện A Lưới,39.07647812383086,UNKNOWN
rain,Hồng Thái (A Lưới),water_level,Cầu Huỳnh Liên-Văn Trạch Hòa(Sông Ô Lâu),39.12293686106177,UNKNOWN
rain,A Đớt (A Lưới),reservoir,Thủy điện Rào Trăng 3,39.13433371625089,UNKNOWN
rain,Lưu vực Thủy điện Thượng Nhật (Phú Lộc),water_level,"Xóm Gióng, Phường Thủy Dương",39.176279906892866,UNKNOWN
water_level,"Chung cư Xuân Phú, TP Huế",reservoir,Thủy điện Thượng Lộ,39.18499116132432,UNKNOWN
rain,Lộc An,reservoir,Thủy điện Hương Điền,39.23681490324685,UNKNOWN
water_level,"Chung cư Xuân Phú, TP Huế",reservoir,Thủy điện Rào Trăng 3,39.27163115282991,UNKNOWN
rain,Đập Thủy điện Rào Trăng 3 (Phong Điền),water_level,"Chung cư Xuân Phú, TP Huế",39.29373167580375,UNKNOWN
rain,Vườn Quốc gia Bạch Mã (Phú Lộc),reservoir,Thủy điện Bình Điền,39.31842671112709,UNKNOWN
rain,Thượng Quảng (Phú Lộc),water_level,Cảng Tư Hiền,39.32635604915651,UNKNOWN
rain,Thượng Quảng (Phú Lộc),wind,Cảng Tư Hiền,39.33249060574045,UNKNOWN
rain,Điền Hương (Phong Điền),water_level,"Xóm Gióng, Phường Thủy Dương",39.361358777796234,UNKNOWN
wind,VPTT PCTTHUE,reservoir,Thủy điện A LIN B2,39.36852027567509,UNKNOWN
rain,VPTT PCTTHUE,reservoir,Thủy điện A LIN B2,39.36852027567509,UNKNOWN
rain,"Đập, Thủy điện Thượng Nhật (Phú Lộc)",water_level,"Chung cư Xuân Phú, TP Huế",39.37014533022301,UNKNOWN
rain,Hồ Tà Rinh (Phú Lộc),water_level,An Cựu,39.40328881237876,UNKNOWN
rain,"Đập, Thủy điện Thượng Nhật (Phú Lộc)",reservoir,Thủy điện A Lưới,39.42323390943646,UNKNOWN
rain,Cảng Tư Hiền,water_level,Phú Xuân,39.442292924473676,UNKNOWN
water_level,Phú Xuân,wind,Cảng Tư Hiền,39.442292924473676,UNKNOWN
rain,Đỉnh Bạch Mã (Phú Lộc),water_level,An Cựu,39.448621163076176,UNKNOWN
rain,A Đớt (A Lưới),reservoir,Đập A Lin 3,39.47553045084944,UNKNOWN
rain,"Đập, Thủy điện Thượng Nhật (Phú Lộc)",wind,VPTT PCTTHUE,39.486969753884544,UNKNOWN
rain,Hồ Thọ Sơn (Hương Trà),reservoir,Đập A LIN B1,39.488727979504205,UNKNOWN
rain,Thủy điện Bình Điền (Hương Trà),reservoir,Thủy điện A Lin Thượng,39.52093250163359,UNKNOWN
water_level,Trạm Ngã Ba Sình (Sông Hương),reservoir,Thủy điện A LIN B2,39.52464932787995,UNKNOWN
rain,Thủy Thanh (Hương Thủy),reservoir,Thủy điện Thượng Nhật,39.52773020514978,UNKNOWN
water_level,An Cựu,reservoir,Thủy điện Thượng Nhật,39.54262457656631,UNKNOWN
rain,An Tây (Thuận Hóa),reservoir,Thủy điện A Roàng,39.551390843806466,UNKNOWN
water_level,Xã Thủy Thanh (TX Hương Thủy),reservoir,Thủy điện Thượng Nhật,39.59148987048625,UNKNOWN
rain,Hồ Tà Rinh (Phú Lộc),water_level,Xã Thủy Thanh (TX Hương Thủy),39.60377067007199,UNKNOWN
rain,"Đập, Thủy điện Thượng Nhật (Phú Lộc)",water_level,Trạm Dã Viên (Sông Hương),39.62117689566395,UNKNOWN
rain,Bạch Mã,water_level,Trạm Dã Viên (Sông Hương),39.65250893765243,UNKNOWN
rain,Đỉnh Bạch Mã (Phú Lộc),water_level,"Chung cư Xuân Phú, TP Huế",39.65309262373433,UNKNOWN
rain,Hồ Hòa Mỹ (Phong Điền),reservoir,Hồ Tả Trạch,39.66393764772514,UNKNOWN
rain,Cảng Thuận An,reservoir,Thủy điện Rào Trăng 4,39.698099712993255,UNKNOWN
rain,VPTT PCTTHUE,reservoir,Thủy điện Thượng Lộ,39.70572362807042,UNKNOWN
wind,VPTT PCTTHUE,reservoir,Thủy điện Thượng Lộ,39.70572362807042,UNKNOWN
rain,Điền Hương (Phong Điền),water_level,Xã Thủy Thanh (TX Hương Thủy),39.72737425644517,UNKNOWN
water_level,An Cựu,reservoir,Đập A Lin 3,39.742528809319786,UNKNOWN
rain,Đập Thủy điện Rào Trăng 4 (Phong Điền),wind,Cảng Thuận An,39.77415348363671,UNKNOWN
rain,Hồ Thọ Sơn (Hương Trà),reservoir,Thủy điện A Lin Thượng,39.79027408558653,UNKNOWN
wind,Cảng Thuận An,reservoir,Thủy điện Rào Trăng 4,39.7915324791688,UNKNOWN
rain,Vườn Quốc gia Bạch Mã (Phú Lộc),water_level,Trạm Dã Viên (Sông Hương),39.80950325732636,UNKNOWN
rain,Hồ Mỹ Xuyên (Phong Điền),reservoir,Thủy điện Bình Điền,39.86313684074351,UNKNOWN
rain,Trạm bơm Quảng Thành (Quảng Điền),reservoir,Đập A Lin 3,39.87230249610037,UNKNOWN
rain,An Tây (Thuận Hóa),reservoir,Thủy điện A LIN B2,39.88005034077967,UNKNOWN
water_level,"Khu đô thị An Cựu City, TP Huế",reservoir,Đập A Lin 3,39.88944879511487,UNKNOWN
rain,Bình Tiến (Hương Trà),reservoir,Thủy điện Thượng Lộ,39.92763334919745,UNKNOWN
rain,Hồ chứa nước Thủy Yên,water_level,Xã Thủy Thanh (TX Hương Thủy),39.96370263012775,UNKNOWN
rain,TT Khe Tre (Phú Lộc),reservoir,Thủy điện A Lưới,39.984429958456495,UNKNOWN
rain,Đập Thủy điện Rào Trăng 4 (Phong Điền),water_level,Cảng Cá Thuận An,40.00707941722679,UNKNOWN
water_level,Cảng Cá Thuận An,reservoir,Thủy điện Rào Trăng 4,40.02387702478054,UNKNOWN
rain,Hồ Tà Rinh (Phú Lộc),wind,VPTT PCTTHUE,40.056940531422676,UNKNOWN
rain,Hồ Tà Rinh (Phú Lộc),water_level,"Chung cư Xuân Phú, TP Huế",40.05808507940589,UNKNOWN
rain,Hồ Tà Rinh (Phú Lộc),water_level,Trạm Dã Viên (Sông Hương),40.09846288945143,UNKNOWN
rain,Hồ Mỹ Xuyên (Phong Điền),reservoir,Thủy điện A Lưới,40.12071239840608,UNKNOWN
water_level,"Xóm Gióng, Phường Thủy Dương",reservoir,Đập A Lin 3,40.136494320551584,UNKNOWN
rain,Hồ chứa nước Khe Ngang,reservoir,Đập A LIN B1,40.147717223305534,UNKNOWN
water_level,Trạm Dã Viên (Sông Hương),reservoir,Thủy điện Thượng Lộ,40.14865411422682,UNKNOWN
water_level,"Chung cư Xuân Phú, TP Huế",reservoir,Thủy điện Thượng Nhật,40.16957184429932,UNKNOWN
rain,A Đớt (A Lưới),reservoir,Thủy điện A LIN B2,40.1793309256494,UNKNOWN
wind,VPTT PCTTHUE,reservoir,Thủy điện Thượng Nhật,40.26910704847844,UNKNOWN
rain,VPTT PCTTHUE,reservoir,Thủy điện Thượng Nhật,40.26910704847844,UNKNOWN
rain,Hồng Vân (A Lưới),reservoir,Thủy điện Bình Điền,40.34537995385698,UNKNOWN
water_level,Cầu Hòa Xuân 1(Sông Ô Lâu),reservoir,Thủy điện Bình Điền,40.3471325669254,UNKNOWN
rain,Hồ Mỹ Xuyên (Phong Điền),reservoir,Đập A LIN B1,40.35492184691384,UNKNOWN
rain,Phú Sơn (Hương Thủy),reservoir,Thủy điện Rào Trăng 4,40.35776783587465,UNKNOWN
rain,Thượng Quảng (Phú Lộc),water_level,Phú Xuân,40.36328742455438,UNKNOWN
water_level,Trạm Dã Viên (Sông Hương),reservoir,Thủy điện Thượng Nhật,40.38779380962225,UNKNOWN
rain,TT Sịa (Quảng Điền),reservoir,Thủy điện Sông Bồ,40.40075325788205,UNKNOWN
rain,Đỉnh Bạch Mã (Phú Lộc),reservoir,Thủy điện Bình Điền,40.40161181878213,UNKNOWN
water_level,"Chung cư Xuân Phú, TP Huế",reservoir,Đập A Lin 3,40.40738440091095,UNKNOWN
rain,Hồ chứa nước Khe Ngang,reservoir,Thủy điện Thượng Nhật,40.42487092887993,UNKNOWN
rain,Lưu vực Thủy điện Thượng Nhật (Phú Lộc),water_level,"Khu đô thị An Cựu City, TP Huế",40.45325964667771,UNKNOWN
rain,Hương Sơn (Phú Lộc),wind,Cảng Chân Mây,40.466869742526875,UNKNOWN
rain,Hồ chứa nước Phú Bài (Hương Thủy),reservoir,Thủy điện A Roàng,40.47522654395911,UNKNOWN
rain,Hương Nguyên (A Lưới),reservoir,Thủy điện Rào Trăng 4,40.48845293208395,UNKNOWN
rain,Quan Tượng Đài (Phú Xuân),reservoir,Thủy điện Thượng Lộ,40.49417002341989,UNKNOWN
rain,Bạch Mã,reservoir,Thủy điện Bình Điền,40.54120442017366,UNKNOWN
rain,TT Khe Tre (Phú Lộc),water_level,Khu TĐC Hương Sơ(Thành phố Huế),40.5656675595431,UNKNOWN
water_level,Trạm Dã Viên (Sông Hương),reservoir,Thủy điện A Roàng,40.59286344499468,UNKNOWN
rain,Tà Lương (A Lưới),reservoir,Đập Thảo Long,40.60935203660728,UNKNOWN
rain,Lưu vực Thủy điện Thượng Nhật (Phú Lộc),reservoir,Thủy điện A Lưới,40.63123687621511,UNKNOWN
rain,Vỹ Dạ,reservoir,Thủy điện Thượng Lộ,40.71130300883194,UNKNOWN
rain,Thủy điện Bình Điền (Hương Trà),water_level,Cầu Hòa Xuân 1(Sông Ô Lâu),40.738868438328986,UNKNOWN
rain,Cảng Tư Hiền,water_level,Khu TĐC Hương Sơ(Thành phố Huế),40.74286248447973,UNKNOWN
water_level,Khu TĐC Hương Sơ(Thành phố Huế),wind,Cảng Tư Hiền,40.74286248447973,UNKNOWN
rain,Quan Tượng Đài (Phú Xuân),reservoir,Thủy điện Thượng Nhật,40.748753444414994,UNKNOWN
rain,Vỹ Dạ,reservoir,Thủy điện Rào Trăng 3,40.79610454377246,UNKNOWN
rain,Hồ chứa nước Thủy Yên,water_level,"Xóm Gióng, Phường Thủy Dương",40.84917880428057,UNKNOWN
rain,Hồng Thái (A Lưới),water_level,Trạm Tứ Phú (Sông Bồ),40.857921432657776,UNKNOWN
rain,Quan Tượng Đài (Phú Xuân),reservoir,Thủy điện A Roàng,40.88971517687996,UNKNOWN
rain,TT Phú Đa (Phú Vang),water_level,Cầu Hòa Xuân 1(Sông Ô Lâu),40.94139364106413,UNKNOWN
water_level,"Thôn Trung Làng, xã Quảng Thái",reservoir,Thủy điện A Lưới,40.95440124484448,UNKNOWN
rain,Đỉnh Bạch Mã (Phú Lộc),wind,VPTT PCTTHUE,40.95958615112712,UNKNOWN
rain,VP QLKTCTTL TP Huế (TP Huế),water_level,Cảng Tư Hiền,40.972707630961956,UNKNOWN
rain,VP QLKTCTTL TP Huế (TP Huế),wind,Cảng Tư Hiền,40.98726577447482,UNKNOWN
water_level,Trạm Ngã Ba Sình (Sông Hương),wind,Cảng Tư Hiền,40.99121727686004,UNKNOWN
rain,Cảng Tư Hiền,water_level,Trạm Ngã Ba Sình (Sông Hương),40.99121727686004,UNKNOWN
rain,Hồ chứa nước Khe Ngang,reservoir,Thủy điện A Lin Thượng,41.01668114892425,UNKNOWN
rain,Trạm bơm Quảng Thành (Quảng Điền),reservoir,Thủy điện Sông Bồ,41.088035299973534,UNKNOWN
rain,Lưu vực Thủy điện Thượng Nhật (Phú Lộc),water_level,An Cựu,41.11814876793622,UNKNOWN
rain,Lưu vực Thủy điện Thượng Nhật (Phú Lộc),water_level,Xã Thủy Thanh (TX Hương Thủy),41.177423608063684,UNKNOWN
rain,A Đớt (A Lưới),reservoir,Thủy điện Thượng Lộ,41.195887845520616,UNKNOWN
rain,Trạm bơm Quảng Thành (Quảng Điền),reservoir,Thủy điện A LIN B2,41.23000822531979,UNKNOWN
rain,Hồ A Lá (A Lưới),water_level,Trạm Dã Viên (Sông Hương),41.23665016108869,UNKNOWN
water_level,An Cựu,reservoir,Thủy điện A LIN B2,41.26033863105468,UNKNOWN
rain,Thị trấn Phong Điền (Phong Điền),reservoir,Hồ Tả Trạch,41.32381168294509,UNKNOWN
rain,Giang Hải (Phú Lộc),water_level,"Thôn Phò Nam A, xã Quảng Thọ",41.338821796609906,UNKNOWN
water_level,"Khu đô thị An Cựu City, TP Huế",reservoir,Thủy điện A LIN B2,41.41280673775674,UNKNOWN
rain,Hồ chứa nước Khe Ngang,reservoir,Thủy điện Thượng Lộ,41.43794338843348,UNKNOWN
rain,Bạch Mã,water_level,Phú Xuân,41.474713644450446,UNKNOWN
rain,Hương Sơn (Phú Lộc),water_level,Trạm Ngã Ba Sình (Sông Hương),41.482477692620215,UNKNOWN
rain,Hồ Hòa Mỹ (Phong Điền),reservoir,Thủy điện A Roàng,41.49158519566859,UNKNOWN
water_level,"Xóm Gióng, Phường Thủy Dương",reservoir,Thủy điện A Roàng,41.49753691103295,UNKNOWN
wind,Cảng Chân Mây,reservoir,Hồ Tả Trạch,41.52305541906835,UNKNOWN
rain,Cảng Chân Mây,reservoir,Hồ Tả Trạch,41.52305541906835,UNKNOWN
water_level,"Xóm Gióng, Phường Thủy Dương",reservoir,Thủy điện A LIN B2,41.66936158645548,UNKNOWN
rain,Hồ A Lá (A Lưới),reservoir,Hồ Tả Trạch,41.67995265525976,UNKNOWN
rain,Thị trấn A Lưới (A Lưới),water_level,Trạm Dã Viên (Sông Hương),41.69080940746469,UNKNOWN
rain,Lưu vực Thủy điện Thượng Nhật (Phú Lộc),water_level,"Chung cư Xuân Phú, TP Huế",41.748092164171986,UNKNOWN
rain,Vườn Quốc gia Bạch Mã (Phú Lộc),water_level,Phú Xuân,41.75814113014045,UNKNOWN
rain,TT Phú Đa (Phú Vang),reservoir,Thủy điện A Lưới,41.783487373629264,UNKNOWN
rain,Hương Chữ (Hương Trà),reservoir,Thủy điện A Roàng,41.82623187828181,UNKNOWN
rain,Lưu vực Thủy điện Thượng Nhật (Phú Lộc),wind,VPTT PCTTHUE,41.8347557272144,UNKNOWN
rain,Hồ chứa nước Thủy Yên,water_level,"Khu đô thị An Cựu City, TP Huế",41.865517954233624,UNKNOWN
rain,Đan Điền,reservoir,Thủy điện A Lưới,41.87624443516461,UNKNOWN
rain,"Đập, Thủy điện Thượng Nhật (Phú Lộc)",wind,Cảng Chân Mây,41.88082828118628,UNKNOWN
rain,Bạch Mã,wind,Cảng Thuận An,41.88122673602751,UNKNOWN
water_level,"Chung cư Xuân Phú, TP Huế",reservoir,Thủy điện A LIN B2,41.91904934007653,UNKNOWN
rain,TT Phú Đa (Phú Vang),water_level,Cầu Huỳnh Liên-Văn Trạch Hòa(Sông Ô Lâu),41.92094911035148,UNKNOWN
rain,Vỹ Dạ,reservoir,Đập A Lin 3,41.924607516216724,UNKNOWN
wind,VPTT PCTTHUE,reservoir,Thủy điện A Roàng,41.92666032376791,UNKNOWN
rain,VPTT PCTTHUE,reservoir,Thủy điện A Roàng,41.92666032376791,UNKNOWN
rain,Trạm bơm Vinh Hà (Phú Vang),reservoir,Thủy điện Hương Điền,41.93788917556569,UNKNOWN
rain,Lưu vực Thủy điện Thượng Nhật (Phú Lộc),water_level,Trạm Dã Viên (Sông Hương),41.939366355637965,UNKNOWN
rain,Vỹ Dạ,reservoir,Thủy điện Thượng Nhật,41.96857044334375,UNKNOWN
rain,Đỉnh Bạch Mã (Phú Lộc),water_level,Trạm Dã Viên (Sông Hương),41.991551020498974,UNKNOWN
rain,Cảng Thuận An,reservoir,Thủy điện A Lưới,42.002536585516694,UNKNOWN
rain,"Đập, Thủy điện Thượng Nhật (Phú Lộc)",water_level,Phú Xuân,42.06411256200616,UNKNOWN
rain,Đập Thủy điện Rào Trăng 3 (Phong Điền),reservoir,Đập Thảo Long,42.08999912289134,UNKNOWN
rain,Phú Sơn (Hương Thủy),water_level,"Thôn Trung Làng, xã Quảng Thái",42.12121606480167,UNKNOWN
rain,Thủy Thanh (Hương Thủy),reservoir,Thủy điện Rào Trăng 3,42.1279345837841,UNKNOWN
wind,Cảng Thuận An,reservoir,Thủy điện A Lưới,42.17848485671875,UNKNOWN
rain,Đập Thủy điện Rào Trăng 3 (Phong Điền),reservoir,Hồ Tả Trạch,42.198983096608075,UNKNOWN
water_level,Cầu Huỳnh Liên-Văn Trạch Hòa(Sông Ô Lâu),reservoir,Hồ Tả Trạch,42.19909057146595,UNKNOWN
rain,Hồ A Lá (A Lưới),water_level,Phú Xuân,42.20834531440805,UNKNOWN
water_level,"Thôn Trung Làng, xã Quảng Thái",reservoir,Hồ Tả Trạch,42.23710810258275,UNKNOWN
rain,Giang Hải (Phú Lộc),water_level,"Thủ Lễ, xã Quảng Phước",42.26681124109031,UNKNOWN
rain,Bạch Mã,water_level,Cảng Cá Thuận An,42.27187380252284,UNKNOWN
rain,Tà Lương (A Lưới),wind,Cảng Thuận An,42.27932211291813,UNKNOWN
rain,Hồ chứa nước Truồi,water_level,"Thôn Phò Nam A, xã Quảng Thọ",42.300524775224595,UNKNOWN
water_level,"Khu đô thị An Cựu City, TP Huế",reservoir,Thủy điện A Roàng,42.306474038303925,UNKNOWN
rain,Hương Sơn (Phú Lộc),reservoir,Thủy điện Hương Điền,42.33799803714181,UNKNOWN
rain,Trạm kiểm lâm Khe Mỏ Rang,water_level,"Xóm Gióng, Phường Thủy Dương",42.34059702289993,UNKNOWN
rain,TT Phú Đa (Phú Vang),reservoir,Thủy điện Sông Bồ,42.344819644125515,UNKNOWN
rain,Hồng Vân (A Lưới),water_level,Trạm Tứ Phú (Sông Bồ),42.349554294854244,UNKNOWN
rain,Tà Lương (A Lưới),water_level,Cầu Hòa Xuân 1(Sông Ô Lâu),42.36251614283649,UNKNOWN
water_level,Xã Thủy Thanh (TX Hương Thủy),reservoir,Thủy điện Rào Trăng 3,42.37439828239572,UNKNOWN
rain,Đồn Biên phòng Cảng Chân Mây (Phú Lộc),reservoir,Hồ Tả Trạch,42.374525553274935,UNKNOWN
rain,Đập Thủy điện Rào Trăng 3 (Phong Điền),water_level,Xã Thủy Thanh (TX Hương Thủy),42.396756442654876,UNKNOWN
wind,Cảng Chân Mây,reservoir,Thủy điện Thượng Nhật,42.40360431121852,UNKNOWN
rain,Cảng Chân Mây,reservoir,Thủy điện Thượng Nhật,42.40360431121852,UNKNOWN
rain,Hồng Thái (A Lưới),reservoir,Hồ Tả Trạch,42.412746441662584,UNKNOWN
rain,Trạm bơm Quảng Thành (Quảng Điền),water_level,Cảng Tư Hiền,42.41688355374023,UNKNOWN
rain,Hồ chứa nước Thủy Yên,water_level,An Cựu,42.42265894673403,UNKNOWN
rain,Trạm bơm Quảng Thành (Quảng Điền),wind,Cảng Tư Hiền,42.43130674903584,UNKNOWN
rain,Hồ chứa nước Thủy Yên,water_level,"Chung cư Xuân Phú, TP Huế",42.437253706066244,UNKNOWN
water_level,Phú Xuân,reservoir,Thủy điện Thượng Lộ,42.50839500269816,UNKNOWN
rain,Hương Sơn (Phú Lộc),reservoir,Đập Thảo Long,42.55255408415245,UNKNOWN
water_level,Cảng Cá Thuận An,reservoir,Thủy điện A Lưới,42.55473158258286,UNKNOWN
rain,Hồ Tà Rinh (Phú Lộc),water_level,Phú Xuân,42.55530984921294,UNKNOWN
rain,Thị trấn A Lưới (A Lưới),water_level,Phú Xuân,42.56202282221459,UNKNOWN
rain,Trạm kiểm lâm Khe Mỏ Rang,reservoir,Thủy điện Bình Điền,42.563280061613256,UNKNOWN
water_level,Phú Xuân,reservoir,Thủy điện A Roàng,42.56375674221845,UNKNOWN
water_level,Trạm Tứ Phú (Sông Bồ),reservoir,Thủy điện A Lin Thượng,42.57228432446628,UNKNOWN
rain,Tà Lương (A Lưới),water_level,Cảng Cá Thuận An,42.62331241120611,UNKNOWN
rain,Hương Sơn (Phú Lộc),wind,Cảng Thuận An,42.63411994188112,UNKNOWN
rain,Hương Nguyên (A Lưới),reservoir,Thủy điện Hương Điền,42.64141512895488,UNKNOWN
rain,Thượng Quảng (Phú Lộc),water_level,Khu TĐC Hương Sơ(Thành phố Huế),42.64882178998415,UNKNOWN
rain,Đồn Biên phòng Cảng Chân Mây (Phú Lộc),reservoir,Thủy điện Thượng Nhật,42.660185183564735,UNKNOWN
rain,Hương Nguyên (A Lưới),water_level,"Xóm Gióng, Phường Thủy Dương",42.66021236377046,UNKNOWN
water_level,Trạm Tứ Phú (Sông Bồ),reservoir,Đập A LIN B1,42.696965254912875,UNKNOWN
water_level,An Cựu,reservoir,Thủy điện A Roàng,42.71258201226922,UNKNOWN
rain,Trạm kiểm lâm Khe Mỏ Rang,water_level,Xã Thủy Thanh (TX Hương Thủy),42.747640372826794,UNKNOWN
rain,Thị trấn A Lưới (A Lưới),water_level,"Thôn Phò Nam A, xã Quảng Thọ",42.76523308085457,UNKNOWN
rain,Hồ A Lá (A Lưới),water_level,"Thôn Phò Nam A, xã Quảng Thọ",42.774901728921776,UNKNOWN
rain,Lộc An,reservoir,Thủy điện Sông Bồ,42.79422151689041,UNKNOWN
rain,Hồng Thái (A Lưới),water_level,Trạm Dã Viên (Sông Hương),42.79771024266005,UNKNOWN
rain,Bạch Mã,reservoir,Đập Thảo Long,42.804648398603035,UNKNOWN
rain,Trạm bơm Sơn Bổn,reservoir,Thủy điện Sông Bồ,42.82260726357332,UNKNOWN
water_level,Phú Xuân,reservoir,Thủy điện Thượng Nhật,42.833533856538416,UNKNOWN
rain,Thị trấn A Lưới (A Lưới),reservoir,Hồ Tả Trạch,42.84242521892597,UNKNOWN
rain,TT Khe Tre (Phú Lộc),water_level,Trạm Ngã Ba Sình (Sông Hương),42.89450604426103,UNKNOWN
rain,VP QLKTCTTL TP Huế (TP Huế),reservoir,Thủy điện A Roàng,42.94932630346371,UNKNOWN
rain,Vườn Quốc gia Bạch Mã (Phú Lộc),wind,Cảng Thuận An,42.9610927236949,UNKNOWN
rain,Đan Điền,reservoir,Hồ Tả Trạch,43.00148719925755,UNKNOWN
rain,Hương Nguyên (A Lưới),water_level,Trạm Dã Viên (Sông Hương),43.00625208115683,UNKNOWN
rain,A Đớt (A Lưới),reservoir,Thủy điện Hương Điền,43.013825451760844,UNKNOWN
rain,Cảng Chân Mây,water_level,Xã Thủy Thanh (TX Hương Thủy),43.039784953914804,UNKNOWN
water_level,Xã Thủy Thanh (TX Hương Thủy),wind,Cảng Chân Mây,43.039784953914804,UNKNOWN
rain,Lộc Tiến (Phú Lộc),water_level,Xã Thủy Thanh (TX Hương Thủy),43.07314359292037,UNKNOWN
rain,Hồ A Lá (A Lưới),wind,VPTT PCTTHUE,43.11837544342705,UNKNOWN
rain,Hương Sơn (Phú Lộc),water_level,Cảng Cá Thuận An,43.13189190670143,UNKNOWN
rain,Trạm bơm Sơn Bổn,reservoir,Thủy điện A Lưới,43.14774622391384,UNKNOWN
rain,Hồ A Lá (A Lưới),water_level,Khu TĐC Hương Sơ(Thành phố Huế),43.16873995702459,UNKNOWN
rain,Lưu vực Thủy điện Thượng Nhật (Phú Lộc),wind,Cảng Chân Mây,43.17478996138589,UNKNOWN
rain,Thủy Thanh (Hương Thủy),wind,Cảng Chân Mây,43.225472244723534,UNKNOWN
rain,Bạch Mã,water_level,Khu TĐC Hương Sơ(Thành phố Huế),43.25234338590358,UNKNOWN
rain,Thủy Thanh (Hương Thủy),reservoir,Đập A Lin 3,43.26547583843722,UNKNOWN
rain,Hồ chứa nước Phú Bài (Hương Thủy),water_level,"Thôn Trung Làng, xã Quảng Thái",43.308039602173594,UNKNOWN
rain,Lộc An,reservoir,Thủy điện A Lưới,43.31146398263312,UNKNOWN
rain,Hồ Mỹ Xuyên (Phong Điền),reservoir,Thủy điện Sông Bồ,43.358386758362265,UNKNOWN
rain,Vườn Quốc gia Bạch Mã (Phú Lộc),water_level,Cảng Cá Thuận An,43.37341052338802,UNKNOWN
rain,Nhâm (A Lưới),water_level,Cầu Huỳnh Liên-Văn Trạch Hòa(Sông Ô Lâu),43.41640533637128,UNKNOWN
rain,Vỹ Dạ,reservoir,Thủy điện A LIN B2,43.41819474374267,UNKNOWN
rain,TT Khe Tre (Phú Lộc),wind,Cảng Thuận An,43.41889808575918,UNKNOWN
rain,Phú Sơn (Hương Thủy),water_level,Cầu Huỳnh Liên-Văn Trạch Hòa(Sông Ô Lâu),43.42071827082625,UNKNOWN
rain,Thị trấn A Lưới (A Lưới),water_level,Khu TĐC Hương Sơ(Thành phố Huế),43.431538967523984,UNKNOWN
rain,Hồ chứa nước Truồi,reservoir,Thủy điện A Roàng,43.44885782223381,UNKNOWN
rain,Tà Lương (A Lưới),reservoir,Thủy điện Thượng Nhật,43.45420334499666,UNKNOWN
rain,Thượng Quảng (Phú Lộc),reservoir,Thủy điện Hương Điền,43.4568776257032,UNKNOWN
rain,Hồ chứa nước Phú Bài (Hương Thủy),reservoir,Thủy điện Rào Trăng 4,43.48835774172906,UNKNOWN
water_level,Xã Thủy Thanh (TX Hương Thủy),reservoir,Đập A Lin 3,43.51176428072083,UNKNOWN
rain,TT Khe Tre (Phú Lộc),reservoir,Đập Thảo Long,43.51535893458698,UNKNOWN
rain,Trạm kiểm lâm Khe Mỏ Rang,water_level,"Khu đô thị An Cựu City, TP Huế",43.55051023170807,UNKNOWN
rain,Thị trấn A Lưới (A Lưới),wind,VPTT PCTTHUE,43.59688355184321,UNKNOWN
rain,Vườn Quốc gia Bạch Mã (Phú Lộc),water_level,Khu TĐC Hương Sơ(Thành phố Huế),43.6395300037592,UNKNOWN
rain,Cảng Thuận An,reservoir,Thủy điện Sông Bồ,43.64065374507786,UNKNOWN
water_level,"Chung cư Xuân Phú, TP Huế",reservoir,Thủy điện A Roàng,43.65891052770448,UNKNOWN
rain,Quảng Phú (Quảng Điền),reservoir,Thủy điện A Lin Thượng,43.66802656021034,UNKNOWN
rain,Hương Nguyên (A Lưới),water_level,"Khu đô thị An Cựu City, TP Huế",43.698532764206334,UNKNOWN
rain,Vườn Quốc gia Bạch Mã (Phú Lộc),reservoir,Đập Thảo Long,43.758793881997754,UNKNOWN
rain,Hồ chứa nước Truồi,water_level,Trạm Tứ Phú (Sông Bồ),43.77055093756981,UNKNOWN
rain,Quảng Phú (Quảng Điền),reservoir,Đập A LIN B1,43.808617214963455,UNKNOWN
rain,Hồ Tà Rinh (Phú Lộc),wind,Cảng Chân Mây,43.82042955966249,UNKNOWN
wind,Cảng Thuận An,reservoir,Thủy điện Sông Bồ,43.829407776273904,UNKNOWN
rain,Hồng Thái (A Lưới),water_level,Phú Xuân,43.85693764064849,UNKNOWN
water_level,"Thôn Trung Làng, xã Quảng Thái",reservoir,Thủy điện Sông Bồ,43.89082339963676,UNKNOWN
rain,TT Khe Tre (Phú Lộc),water_level,Cảng Cá Thuận An,43.90782029303008,UNKNOWN
rain,Đồn Biên phòng Lăng Cô (Phú Lộc),reservoir,Thủy điện Thượng Nhật,43.91338935449493,UNKNOWN
rain,Cảng Thuận An,reservoir,Thủy điện Rào Trăng 3,43.91804803285274,UNKNOWN
rain,Hương Nguyên (A Lưới),wind,VPTT PCTTHUE,43.921346078069895,UNKNOWN
rain,Thủy điện Bình Điền (Hương Trà),water_level,Cảng Tư Hiền,43.93291183037304,UNKNOWN
rain,Thủy điện Bình Điền (Hương Trà),wind,Cảng Tư Hiền,43.9455463897932,UNKNOWN
rain,VP QLKTCTTL TP Huế (TP Huế),reservoir,Thủy điện Thượng Lộ,43.97928192088834,UNKNOWN
wind,Cảng Thuận An,reservoir,Thủy điện Rào Trăng 3,43.992312990903635,UNKNOWN
rain,Đập Thủy điện Rào Trăng 3 (Phong Điền),wind,Cảng Thuận An,44.00997546220799,UNKNOWN
rain,Đỉnh Bạch Mã (Phú Lộc),water_level,Phú Xuân,44.014622628314456,UNKNOWN
rain,Hồ chứa nước Truồi,reservoir,Thủy điện Sông Bồ,44.017136168839926,UNKNOWN
water_level,Cảng Tư Hiền,reservoir,Thủy điện Bình Điền,44.01989799965581,UNKNOWN
wind,Cảng Tư Hiền,reservoir,Thủy điện Bình Điền,44.03259545798093,UNKNOWN
rain,Cảng Tư Hiền,reservoir,Thủy điện Bình Điền,44.03259545798093,UNKNOWN
rain,Hồ chứa nước Truồi,water_level,"Thủ Lễ, xã Quảng Phước",44.04477898048707,UNKNOWN
rain,Hương Nguyên (A Lưới),reservoir,Đập A LIN B1,44.05767377165996,UNKNOWN
rain,Giang Hải (Phú Lộc),water_level,Trạm Tứ Phú (Sông Bồ),44.08839619403037,UNKNOWN
rain,Hồ chứa nước Thủy Yên,wind,VPTT PCTTHUE,44.14839537967536,UNKNOWN
rain,Hồ chứa nước Khe Ngang,water_level,Cảng Tư Hiền,44.16452577278411,UNKNOWN
rain,Đồn Biên phòng Cảng Chân Mây (Phú Lộc),water_level,Xã Thủy Thanh (TX Hương Thủy),44.17861759265628,UNKNOWN
rain,Hồ chứa nước Khe Ngang,wind,Cảng Tư Hiền,44.17871046063719,UNKNOWN
rain,VP QLKTCTTL TP Huế (TP Huế),reservoir,Thủy điện Thượng Nhật,44.186442054776634,UNKNOWN
water_level,Cảng Cá Thuận An,reservoir,Thủy điện Rào Trăng 3,44.18960801407372,UNKNOWN
rain,Trạm kiểm lâm Khe Mỏ Rang,water_level,An Cựu,44.19537823164179,UNKNOWN
rain,Đập Thủy điện Rào Trăng 3 (Phong Điền),water_level,Cảng Cá Thuận An,44.20701382625579,UNKNOWN
rain,Hương Nguyên (A Lưới),water_level,An Cựu,44.22683133572668,UNKNOWN
water_level,Cảng Cá Thuận An,reservoir,Thủy điện Sông Bồ,44.22696532124827,UNKNOWN
rain,Hương Chữ (Hương Trà),reservoir,Đập A LIN B1,44.26764246686003,UNKNOWN
rain,Hương Nguyên (A Lưới),reservoir,Thủy điện Rào Trăng 3,44.32038548553283,UNKNOWN
water_level,Trạm Tứ Phú (Sông Bồ),reservoir,Thủy điện A Roàng,44.32765800274927,UNKNOWN
rain,Hồ A Lá (A Lưới),water_level,"Xóm Gióng, Phường Thủy Dương",44.32839693878909,UNKNOWN
rain,"Đập, Thủy điện Thượng Nhật (Phú Lộc)",water_level,Khu TĐC Hương Sơ(Thành phố Huế),44.336021928435365,UNKNOWN
rain,Bạch Mã,water_level,Trạm Ngã Ba Sình (Sông Hương),44.374233589572526,UNKNOWN
rain,Lưu vực Thủy điện Thượng Nhật (Phú Lộc),water_level,Phú Xuân,44.387641536634405,UNKNOWN
water_level,Khu TĐC Hương Sơ(Thành phố Huế),reservoir,Thủy điện A Roàng,44.40421283324432,UNKNOWN
rain,Hương Chữ (Hương Trà),water_level,Cảng Tư Hiền,44.458404644258614,UNKNOWN
rain,Hương Chữ (Hương Trà),wind,Cảng Tư Hiền,44.47293856484088,UNKNOWN
rain,Trạm kiểm lâm Khe Mỏ Rang,water_level,"Chung cư Xuân Phú, TP Huế",44.497982177373395,UNKNOWN
rain,Hồ chứa nước Truồi,reservoir,Thủy điện Hương Điền,44.52277200279545,UNKNOWN
rain,Lộc An,reservoir,Thủy điện A Roàng,44.561773286457,UNKNOWN
rain,Hồ A Lá (A Lưới),water_level,"Khu đô thị An Cựu City, TP Huế",44.56509514615452,UNKNOWN
rain,Lộc Tiến (Phú Lộc),water_level,"Xóm Gióng, Phường Thủy Dương",44.576743237276034,UNKNOWN
water_level,Cầu Hòa Xuân 1(Sông Ô Lâu),reservoir,Thủy điện A Lưới,44.60177633736796,UNKNOWN
rain,Hương Chữ (Hương Trà),reservoir,Thủy điện A Lin Thượng,44.60453828297855,UNKNOWN
rain,Hương Sơn (Phú Lộc),water_level,"Thôn Phò Nam A, xã Quảng Thọ",44.62670390590727,UNKNOWN
rain,Hồng Thái (A Lưới),wind,VPTT PCTTHUE,44.65383550833868,UNKNOWN
rain,Hồ A Lá (A Lưới),water_level,An Cựu,44.66964814834164,UNKNOWN
rain,TT Phú Đa (Phú Vang),reservoir,Thủy điện Rào Trăng 4,44.68660249346499,UNKNOWN
rain,Hồng Thái (A Lưới),water_level,"Thôn Phò Nam A, xã Quảng Thọ",44.69801775414909,UNKNOWN
water_level,Khu TĐC Hương Sơ(Thành phố Huế),reservoir,Thủy điện Thượng Lộ,44.71835333975561,UNKNOWN
rain,Hương Sơn (Phú Lộc),water_level,Trạm Tứ Phú (Sông Bồ),44.722305289034296,UNKNOWN
rain,Thủy Thanh (Hương Thủy),reservoir,Thủy điện A LIN B2,44.78199686727069,UNKNOWN
rain,Hồng Vân (A Lưới),water_level,"Thôn Trung Làng, xã Quảng Thái",44.7854116255476,UNKNOWN
rain,Đan Điền,reservoir,Thủy điện Sông Bồ,44.81554319712733,UNKNOWN
rain,Hồ Tà Rinh (Phú Lộc),water_level,Khu TĐC Hương Sơ(Thành phố Huế),44.83655356870793,UNKNOWN
rain,Hồng Thái (A Lưới),water_level,Khu TĐC Hương Sơ(Thành phố Huế),44.89162551003023,UNKNOWN
rain,Thị trấn A Lưới (A Lưới),water_level,"Xóm Gióng, Phường Thủy Dương",44.93213922681448,UNKNOWN
rain,Hương Nguyên (A Lưới),reservoir,Đập A Lin 3,44.936054636206464,UNKNOWN
rain,Thị trấn A Lưới (A Lưới),water_level,"Thủ Lễ, xã Quảng Phước",44.96072428342189,UNKNOWN
rain,Vườn Quốc gia Bạch Mã (Phú Lộc),water_level,Trạm Ngã Ba Sình (Sông Hương),44.981163633671066,UNKNOWN
rain,Cảng Thuận An,reservoir,Đập A Lin 3,45.007650782986886,UNKNOWN
water_level,Xã Thủy Thanh (TX Hương Thủy),reservoir,Thủy điện A LIN B2,45.02776679237188,UNKNOWN
rain,Hồ A Lá (A Lưới),water_level,"Thủ Lễ, xã Quảng Phước",45.03548692471379,UNKNOWN
wind,Cảng Thuận An,reservoir,Đập A Lin 3,45.07990875526667,UNKNOWN
rain,Hồ chứa nước Truồi,reservoir,Thủy điện A Lưới,45.103608418282164,UNKNOWN
water_level,Khu TĐC Hương Sơ(Thành phố Huế),reservoir,Thủy điện Thượng Nhật,45.10735518233134,UNKNOWN
rain,Thị trấn A Lưới (A Lưới),water_level,"Khu đô thị An Cựu City, TP Huế",45.11823359442869,UNKNOWN
rain,Hương Nguyên (A Lưới),water_level,"Chung cư Xuân Phú, TP Huế",45.1273868920572,UNKNOWN
rain,TT Khe Tre (Phú Lộc),reservoir,Thủy điện Hương Điền,45.13489278292982,UNKNOWN
water_level,"Xóm Gióng, Phường Thủy Dương",wind,Cảng Chân Mây,45.15185126957541,UNKNOWN
rain,Cảng Chân Mây,water_level,"Xóm Gióng, Phường Thủy Dương",45.15185126957541,UNKNOWN
rain,Thủy Thanh (Hương Thủy),reservoir,Thủy điện A Roàng,45.16880770391191,UNKNOWN
rain,Thị trấn A Lưới (A Lưới),water_level,An Cựu,45.19609691116901,UNKNOWN
rain,Quảng Phú (Quảng Điền),reservoir,Thủy điện A Roàng,45.21369024992109,UNKNOWN
rain,Điền Hương (Phong Điền),reservoir,Thủy điện Bình Điền,45.27336630421818,UNKNOWN
water_level,Cảng Cá Thuận An,reservoir,Đập A Lin 3,45.27345961087512,UNKNOWN
rain,Hương Nguyên (A Lưới),water_level,Phú Xuân,45.28811420071237,UNKNOWN
rain,Trạm bơm Sơn Bổn,reservoir,Thủy điện A Roàng,45.312746271067105,UNKNOWN
water_level,Xã Thủy Thanh (TX Hương Thủy),reservoir,Thủy điện A Roàng,45.38400611744132,UNKNOWN
rain,Hồ chứa nước Phú Bài (Hương Thủy),water_level,Cầu Huỳnh Liên-Văn Trạch Hòa(Sông Ô Lâu),45.41271168448092,UNKNOWN
rain,Lộc Tiến (Phú Lộc),water_level,"Khu đô thị An Cựu City, TP Huế",45.46140703429468,UNKNOWN
rain,Thượng Quảng (Phú Lộc),water_level,Trạm Ngã Ba Sình (Sông Hương),45.46307550492912,UNKNOWN
rain,Hồ chứa nước Thủy Yên,water_level,Trạm Dã Viên (Sông Hương),45.47702826008895,UNKNOWN
rain,Hồ A Lá (A Lưới),water_level,"Chung cư Xuân Phú, TP Huế",45.535083998735715,UNKNOWN
rain,Trạm kiểm lâm Khe Mỏ Rang,wind,VPTT PCTTHUE,45.56164801430574,UNKNOWN
rain,Phú Sơn (Hương Thủy),reservoir,Thủy điện Rào Trăng 3,45.62515538240134,UNKNOWN
rain,Vỹ Dạ,wind,Cảng Chân Mây,45.649531218035634,UNKNOWN
rain,Đỉnh Bạch Mã (Phú Lộc),wind,Cảng Thuận An,45.651622688253106,UNKNOWN
water_level,"Thôn Trung Làng, xã Quảng Thái",reservoir,Thủy điện A Lin Thượng,45.67352549362424,UNKNOWN
rain,Hương Chữ (Hương Trà),reservoir,Thủy điện Thượng Nhật,45.721621658568814,UNKNOWN
rain,Hồng Thái (A Lưới),water_level,"Xóm Gióng, Phường Thủy Dương",45.74017412652914,UNKNOWN
rain,Lộc Tiến (Phú Lộc),water_level,"Chung cư Xuân Phú, TP Huế",45.82526066063792,UNKNOWN
rain,Xuân Lộc (Phú Lộc),reservoir,Thủy điện Rào Trăng 4,45.834274656648965,UNKNOWN
water_level,"Khu đô thị An Cựu City, TP Huế",wind,Cảng Chân Mây,45.873068119432176,UNKNOWN
rain,Cảng Chân Mây,water_level,"Khu đô thị An Cựu City, TP Huế",45.873068119432176,UNKNOWN
rain,Thị trấn A Lưới (A Lưới),water_level,"Thôn Trung Làng, xã Quảng Thái",45.876546783909895,UNKNOWN
rain,Đỉnh Bạch Mã (Phú Lộc),water_level,Khu TĐC Hương Sơ(Thành phố Huế),45.954877773120266,UNKNOWN
rain,Lộc Tiến (Phú Lộc),water_level,An Cựu,45.95537449184492,UNKNOWN
rain,Hương Nguyên (A Lưới),reservoir,Thủy điện A LIN B2,45.97116976932663,UNKNOWN
rain,Hương Chữ (Hương Trà),reservoir,Thủy điện Thượng Lộ,45.989680264709364,UNKNOWN
rain,Phú Sơn (Hương Thủy),water_level,Cầu Hòa Xuân 1(Sông Ô Lâu),45.99777315740582,UNKNOWN
water_level,"Chung cư Xuân Phú, TP Huế",wind,Cảng Chân Mây,46.00758028706268,UNKNOWN
rain,Cảng Chân Mây,water_level,"Chung cư Xuân Phú, TP Huế",46.00758028706268,UNKNOWN
rain,Vỹ Dạ,reservoir,Thủy điện A Roàng,46.02529453322212,UNKNOWN
rain,Hồng Thái (A Lưới),water_level,"Khu đô thị An Cựu City, TP Huế",46.02690761009649,UNKNOWN
rain,Hồ A Lá (A Lưới),water_level,Trạm Ngã Ba Sình (Sông Hương),46.03295859783608,UNKNOWN
rain,Thị trấn A Lưới (A Lưới),water_level,"Chung cư Xuân Phú, TP Huế",46.045366502264855,UNKNOWN
rain,Đỉnh Bạch Mã (Phú Lộc),water_level,Cảng Cá Thuận An,46.073284309773726,UNKNOWN
rain,Hương Nguyên (A Lưới),water_level,Xã Thủy Thanh (TX Hương Thủy),46.156532752109314,UNKNOWN
rain,Hồng Thái (A Lưới),water_level,An Cựu,46.15723801525276,UNKNOWN
rain,Thị trấn A Lưới (A Lưới),water_level,Trạm Ngã Ba Sình (Sông Hương),46.227325258591456,UNKNOWN
water_level,Cầu Hòa Xuân 1(Sông Ô Lâu),reservoir,Hồ Tả Trạch,46.240322022500905,UNKNOWN
rain,Đồn Biên phòng Cảng Chân Mây (Phú Lộc),water_level,"Xóm Gióng, Phường Thủy Dương",46.24942039837902,UNKNOWN
water_level,An Cựu,wind,Cảng Chân Mây,46.28735964435227,UNKNOWN
rain,Cảng Chân Mây,water_level,An Cựu,46.28735964435227,UNKNOWN
rain,Hồ Thọ Sơn (Hương Trà),reservoir,Thủy điện Thượng Nhật,46.30140427652807,UNKNOWN
rain,Đỉnh Bạch Mã (Phú Lộc),reservoir,Đập Thảo Long,46.38745805861899,UNKNOWN
rain,Đan Điền,reservoir,Thủy điện A Lin Thượng,46.3880883541033,UNKNOWN
rain,Trạm kiểm lâm Khe Mỏ Rang,water_level,Trạm Dã Viên (Sông Hương),46.402839996397255,UNKNOWN
rain,Cảng Thuận An,reservoir,Thủy điện A LIN B2,46.42327693975931,UNKNOWN
rain,TT Khe Tre (Phú Lộc),water_level,"Thôn Phò Nam A, xã Quảng Thọ",46.443759298993434,UNKNOWN
rain,Hồ A Lá (A Lưới),water_level,"Thôn Trung Làng, xã Quảng Thái",46.48063847206455,UNKNOWN
rain,An Tây (Thuận Hóa),wind,Cảng Chân Mây,46.48227265444506,UNKNOWN
wind,Cảng Thuận An,reservoir,Thủy điện A LIN B2,46.49187261399396,UNKNOWN
rain,Hồng Vân (A Lưới),water_level,"Thôn Phò Nam A, xã Quảng Thọ",46.59856032266341,UNKNOWN
rain,Lưu vực Thủy điện Thượng Nhật (Phú Lộc),water_level,Khu TĐC Hương Sơ(Thành phố Huế),46.66315074523355,UNKNOWN
water_level,"Thôn Phò Nam A, xã Quảng Thọ",wind,Cảng Tư Hiền,46.67799848527277,UNKNOWN
rain,Cảng Tư Hiền,water_level,"Thôn Phò Nam A, xã Quảng Thọ",46.67799848527277,UNKNOWN
water_level,Cảng Cá Thuận An,reservoir,Thủy điện A LIN B2,46.67863298245683,UNKNOWN
rain,Hồng Vân (A Lưới),water_level,Cầu Hòa Xuân 1(Sông Ô Lâu),46.68393528084362,UNKNOWN
rain,Hồ chứa nước Thủy Yên,reservoir,Thủy điện Bình Điền,46.72377373030995,UNKNOWN
rain,Phú Sơn (Hương Thủy),reservoir,Đập A Lin 3,46.742721921113215,UNKNOWN
water_level,"Thôn Phò Nam A, xã Quảng Thọ",reservoir,Thủy điện A Lin Thượng,46.81238864078863,UNKNOWN
rain,Nhâm (A Lưới),water_level,Trạm Tứ Phú (Sông Bồ),46.820816218119056,UNKNOWN
rain,Thượng Quảng (Phú Lộc),reservoir,Thủy điện Rào Trăng 4,46.86311632801733,UNKNOWN
rain,TT Khe Tre (Phú Lộc),water_level,Trạm Tứ Phú (Sông Bồ),46.86398080122189,UNKNOWN
rain,Cảng Thuận An,reservoir,Thủy điện Thượng Lộ,46.868337663215854,UNKNOWN
rain,"Đập, Thủy điện Thượng Nhật (Phú Lộc)",water_level,Trạm Ngã Ba Sình (Sông Hương),46.8737975443261,UNKNOWN
water_level,"Thôn Phò Nam A, xã Quảng Thọ",reservoir,Đập A LIN B1,46.895082932207266,UNKNOWN
rain,Hồ chứa nước Thủy Yên,wind,Cảng Thuận An,46.89854197130356,UNKNOWN
rain,Hương Sơn (Phú Lộc),water_level,"Thủ Lễ, xã Quảng Phước",46.93320253368376,UNKNOWN
water_level,Trạm Ngã Ba Sình (Sông Hương),reservoir,Thủy điện Thượng Lộ,46.949547413474555,UNKNOWN
water_level,"Thôn Phò Nam A, xã Quảng Thọ",reservoir,Thủy điện A Roàng,46.96441573028255,UNKNOWN
water_level,"Thôn Trung Làng, xã Quảng Thái",reservoir,Đập A LIN B1,46.98144904811378,UNKNOWN
rain,Đồn Biên phòng Cảng Chân Mây (Phú Lộc),water_level,"Khu đô thị An Cựu City, TP Huế",46.9835800467093,UNKNOWN
rain,Hồng Thái (A Lưới),water_level,"Thủ Lễ, xã Quảng Phước",46.99831469352512,UNKNOWN
rain,Hồng Thái (A Lưới),water_level,"Chung cư Xuân Phú, TP Huế",47.036882864813855,UNKNOWN
rain,Hồ chứa nước Phú Bài (Hương Thủy),water_level,Cầu Hòa Xuân 1(Sông Ô Lâu),47.073753076279374,UNKNOWN
wind,Cảng Thuận An,reservoir,Thủy điện Thượng Lộ,47.12809990368368,UNKNOWN
rain,Đồn Biên phòng Cảng Chân Mây (Phú Lộc),water_level,"Chung cư Xuân Phú, TP Huế",47.13452860228586,UNKNOWN
rain,Hồ Tà Rinh (Phú Lộc),reservoir,Thủy điện Hương Điền,47.138811057095715,UNKNOWN
rain,Điền Hương (Phong Điền),reservoir,Thủy điện A Lin Thượng,47.203140426919944,UNKNOWN
rain,Thượng Quảng (Phú Lộc),reservoir,Đập Thảo Long,47.20695239577952,UNKNOWN
rain,Hồ chứa nước Thủy Yên,water_level,Phú Xuân,47.211635089716886,UNKNOWN
rain,Hồ Thọ Sơn (Hương Trà),reservoir,Thủy điện Thượng Lộ,47.24660560958173,UNKNOWN
rain,Hồ chứa nước Thủy Yên,water_level,Cảng Cá Thuận An,47.261882488945226,UNKNOWN
rain,"Đập, Thủy điện Thượng Nhật (Phú Lộc)",reservoir,Thủy điện Hương Điền,47.2752446235748,UNKNOWN
rain,Thượng Quảng (Phú Lộc),water_level,Trạm Tứ Phú (Sông Bồ),47.30805796552873,UNKNOWN
rain,Hương Nguyên (A Lưới),water_level,Khu TĐC Hương Sơ(Thành phố Huế),47.39962633012458,UNKNOWN
rain,Đồn Biên phòng Cảng Chân Mây (Phú Lộc),water_level,An Cựu,47.40402024057708,UNKNOWN
rain,Đỉnh Bạch Mã (Phú Lộc),water_level,Trạm Ngã Ba Sình (Sông Hương),47.4226913612707,UNKNOWN
rain,Hồ Tà Rinh (Phú Lộc),water_level,Trạm Ngã Ba Sình (Sông Hương),47.45599174204521,UNKNOWN
rain,VP QLKTCTTL TP Huế (TP Huế),reservoir,Đập A LIN B1,47.48821819068143,UNKNOWN
rain,Thượng Quảng (Phú Lộc),wind,Cảng Thuận An,47.53799929072821,UNKNOWN
rain,Cảng Thuận An,wind,Cảng Chân Mây,47.54267398169387,UNKNOWN
water_level,"Thủ Lễ, xã Quảng Phước",wind,Cảng Tư Hiền,47.54359594451993,UNKNOWN
rain,Cảng Tư Hiền,water_level,"Thủ Lễ, xã Quảng Phước",47.54359594451993,UNKNOWN
rain,A Đớt (A Lưới),water_level,Trạm Dã Viên (Sông Hương),47.59165086042134,UNKNOWN
water_level,Cầu Hòa Xuân 1(Sông Ô Lâu),reservoir,Thủy điện Sông Bồ,47.597770926866765,UNKNOWN
water_level,Cảng Cá Thuận An,reservoir,Thủy điện Thượng Lộ,47.60958954666281,UNKNOWN
water_level,Trạm Ngã Ba Sình (Sông Hương),reservoir,Thủy điện Thượng Nhật,47.65874533071457,UNKNOWN
rain,Tà Lương (A Lưới),reservoir,Thủy điện Thượng Lộ,47.6659678263598,UNKNOWN
water_level,Trạm Ngã Ba Sình (Sông Hương),reservoir,Thủy điện A Roàng,47.67271383993016,UNKNOWN
rain,Thượng Quảng (Phú Lộc),wind,Cảng Chân Mây,47.675003716607485,UNKNOWN
rain,Hương Nguyên (A Lưới),reservoir,Thủy điện A Lin Thượng,47.676078878107894,UNKNOWN
rain,Điền Hương (Phong Điền),reservoir,Thủy điện A Lưới,47.68975717348192,UNKNOWN
rain,Cảng Chân Mây,wind,Cảng Thuận An,47.69328756288585,UNKNOWN
water_level,Cầu Hòa Xuân 1(Sông Ô Lâu),reservoir,Thủy điện A Lin Thượng,47.72553230136511,UNKNOWN
rain,Đan Điền,reservoir,Đập A LIN B1,47.74095246998129,UNKNOWN
water_level,Trạm Dã Viên (Sông Hương),reservoir,Đập A LIN B1,47.797511262823406,UNKNOWN
rain,Lộc Tiến (Phú Lộc),wind,VPTT PCTTHUE,47.79959628565027,UNKNOWN
rain,Hồng Thái (A Lưới),water_level,Trạm Ngã Ba Sình (Sông Hương),47.80637792767889,UNKNOWN
rain,Thượng Quảng (Phú Lộc),water_level,"Thôn Phò Nam A, xã Quảng Thọ",47.84799490766807,UNKNOWN
rain,Quan Tượng Đài (Phú Xuân),reservoir,Đập A LIN B1,47.86969949593628,UNKNOWN
rain,Trạm bơm Sơn Bổn,water_level,"Thôn Trung Làng, xã Quảng Thái",47.87848533327371,UNKNOWN
rain,Giang Hải (Phú Lộc),reservoir,Thủy điện Hương Điền,47.878797565180264,UNKNOWN
rain,"Đập, Thủy điện Thượng Nhật (Phú Lộc)",reservoir,Đập Thảo Long,47.9197048922817,UNKNOWN
rain,Cảng Chân Mây,water_level,Cảng Cá Thuận An,47.93592064817021,UNKNOWN
water_level,Cảng Cá Thuận An,wind,Cảng Chân Mây,47.93592064817021,UNKNOWN
rain,Hồ chứa nước Thủy Yên,reservoir,Đập Thảo Long,47.954814510750126,UNKNOWN
rain,VP QLKTCTTL TP Huế (TP Huế),reservoir,Thủy điện A Lin Thượng,47.96348587728816,UNKNOWN
rain,TT Phú Đa (Phú Vang),reservoir,Thủy điện A Roàng,47.96460830709502,UNKNOWN
rain,"Đập, Thủy điện Thượng Nhật (Phú Lộc)",wind,Cảng Thuận An,47.97395271682304,UNKNOWN
rain,Thượng Quảng (Phú Lộc),water_level,Cảng Cá Thuận An,48.0411904632354,UNKNOWN
rain,Hương Sơn (Phú Lộc),reservoir,Thủy điện Rào Trăng 4,48.15612454360438,UNKNOWN
rain,Hồng Vân (A Lưới),water_level,"Thủ Lễ, xã Quảng Phước",48.17642401313457,UNKNOWN
rain,Cảng Chân Mây,wind,VPTT PCTTHUE,48.21320858794208,UNKNOWN
rain,VPTT PCTTHUE,wind,Cảng Chân Mây,48.21320858794208,UNKNOWN
rain,Hồ Thọ Sơn (Hương Trà),water_level,Cảng Tư Hiền,48.233209398700986,UNKNOWN
rain,Hồ Thọ Sơn (Hương Trà),wind,Cảng Tư Hiền,48.2476419030807,UNKNOWN
water_level,Phú Xuân,reservoir,Đập A LIN B1,48.25171573192931,UNKNOWN
rain,Hồ A Lá (A Lưới),water_level,Xã Thủy Thanh (TX Hương Thủy),48.264492581598944,UNKNOWN
rain,Phú Sơn (Hương Thủy),reservoir,Thủy điện A LIN B2,48.29722314646688,UNKNOWN
rain,Trạm bơm Vinh Hà (Phú Vang),reservoir,Thủy điện Sông Bồ,48.410506055164575,UNKNOWN
rain,A Đớt (A Lưới),water_level,"Xóm Gióng, Phường Thủy Dương",48.416364016569446,UNKNOWN
rain,"Đập, Thủy điện Thượng Nhật (Phú Lộc)",water_level,Cảng Cá Thuận An,48.47042224615548,UNKNOWN
water_level,"Thủ Lễ, xã Quảng Phước",reservoir,Thủy điện A Lin Thượng,48.48910124540706,UNKNOWN
rain,Cảng Thuận An,reservoir,Thủy điện Thượng Nhật,48.52796921191113,UNKNOWN
rain,Trạm kiểm lâm Khe Mỏ Rang,water_level,Phú Xuân,48.56501596933744,UNKNOWN
water_level,Trạm Dã Viên (Sông Hương),reservoir,Thủy điện A Lin Thượng,48.583424733029766,UNKNOWN
rain,Quan Tượng Đài (Phú Xuân),reservoir,Thủy điện A Lin Thượng,48.62638964026938,UNKNOWN
rain,TT Sịa (Quảng Điền),reservoir,Thủy điện A Lin Thượng,48.6341865377277,UNKNOWN
rain,Trạm bơm Vinh Hà (Phú Vang),reservoir,Thủy điện A Lưới,48.634515121119,UNKNOWN
rain,TT Khe Tre (Phú Lộc),water_level,"Thủ Lễ, xã Quảng Phước",48.63536414143411,UNKNOWN
rain,Hồ Tà Rinh (Phú Lộc),reservoir,Đập Thảo Long,48.689726062484745,UNKNOWN
rain,Trạm kiểm lâm Khe Mỏ Rang,reservoir,Thủy điện A Roàng,48.69376978507485,UNKNOWN
rain,Hồng Thái (A Lưới),water_level,"Thôn Trung Làng, xã Quảng Thái",48.699885831003556,UNKNOWN
water_level,Khu TĐC Hương Sơ(Thành phố Huế),reservoir,Đập A LIN B1,48.730065762777215,UNKNOWN
rain,Hồ chứa nước Phú Bài (Hương Thủy),reservoir,Thủy điện Rào Trăng 3,48.73482763618601,UNKNOWN
water_level,"Thủ Lễ, xã Quảng Phước",reservoir,Đập A LIN B1,48.74119411298802,UNKNOWN
rain,Hồ Mỹ Xuyên (Phong Điền),reservoir,Hồ Tả Trạch,48.74746719358664,UNKNOWN
wind,Cảng Thuận An,reservoir,Thủy điện Thượng Nhật,48.79201235302579,UNKNOWN
rain,Hồ Tà Rinh (Phú Lộc),wind,Cảng Thuận An,48.81523686264933,UNKNOWN
rain,Thị trấn A Lưới (A Lưới),water_level,Xã Thủy Thanh (TX Hương Thủy),48.8326166739604,UNKNOWN
rain,Thị trấn A Lưới (A Lưới),water_level,Cầu Hòa Xuân 1(Sông Ô Lâu),48.839004021220184,UNKNOWN
water_level,Phú Xuân,reservoir,Thủy điện A Lin Thượng,48.84023386838383,UNKNOWN
rain,Hồng Vân (A Lưới),water_level,Trạm Dã Viên (Sông Hương),48.84656561855261,UNKNOWN
rain,Đồn Biên phòng Cảng Chân Mây (Phú Lộc),wind,Cảng Thuận An,48.89977394063476,UNKNOWN
rain,A Đớt (A Lưới),wind,VPTT PCTTHUE,48.90890133114456,UNKNOWN
rain,Hồ chứa nước Thủy Yên,water_level,Khu TĐC Hương Sơ(Thành phố Huế),48.909340045923,UNKNOWN
rain,Lộc Tiến (Phú Lộc),wind,Cảng Thuận An,48.95339953236957,UNKNOWN
rain,Quảng Phú (Quảng Điền),water_level,Cảng Tư Hiền,48.961303106087016,UNKNOWN
rain,Quảng Phú (Quảng Điền),wind,Cảng Tư Hiền,48.97587734166109,UNKNOWN
rain,Hồng Vân (A Lưới),water_level,Phú Xuân,48.992902680637044,UNKNOWN
rain,TT Sịa (Quảng Điền),reservoir,Đập A LIN B1,49.108053553377154,UNKNOWN
water_level,Khu TĐC Hương Sơ(Thành phố Huế),reservoir,Thủy điện A Lin Thượng,49.13654394767772,UNKNOWN
rain,Đồn Biên phòng Cảng Chân Mây (Phú Lộc),water_level,Cảng Cá Thuận An,49.144978696058594,UNKNOWN
rain,Hồng Vân (A Lưới),water_level,Khu TĐC Hương Sơ(Thành phố Huế),49.18724946921515,UNKNOWN
rain,Cảng Chân Mây,reservoir,Đập Thảo Long,49.18827597025082,UNKNOWN
wind,Cảng Chân Mây,reservoir,Đập Thảo Long,49.18827597025082,UNKNOWN
rain,Lưu vực Thủy điện Thượng Nhật (Phú Lộc),water_level,Trạm Ngã Ba Sình (Sông Hương),49.22648061635273,UNKNOWN
rain,A Đớt (A Lưới),water_level,"Khu đô thị An Cựu City, TP Huế",49.248116532408986,UNKNOWN
rain,Lộc Tiến (Phú Lộc),water_level,Cảng Cá Thuận An,49.25977741896768,UNKNOWN
rain,Điền Hương (Phong Điền),reservoir,Đập A LIN B1,49.27091943654397,UNKNOWN
rain,Lưu vực Thủy điện Thượng Nhật (Phú Lộc),reservoir,Thủy điện Hương Điền,49.27955557709538,UNKNOWN
water_level,Cảng Cá Thuận An,reservoir,Thủy điện Thượng Nhật,49.288770229398196,UNKNOWN
rain,Hương Nguyên (A Lưới),water_level,Trạm Tứ Phú (Sông Bồ),49.29055568818435,UNKNOWN
water_level,Cầu Hòa Xuân 1(Sông Ô Lâu),reservoir,Đập A LIN B1,49.303131026182285,UNKNOWN
rain,Hồ Tà Rinh (Phú Lộc),water_level,Cảng Cá Thuận An,49.314361867889346,UNKNOWN
rain,Lộc Tiến (Phú Lộc),water_level,Trạm Dã Viên (Sông Hương),49.32130388782946,UNKNOWN
rain,Đồn Biên phòng Cảng Chân Mây (Phú Lộc),wind,VPTT PCTTHUE,49.32557775678493,UNKNOWN
rain,Nhâm (A Lưới),reservoir,Hồ Tả Trạch,49.330650162775385,UNKNOWN
water_level,Cầu Huỳnh Liên-Văn Trạch Hòa(Sông Ô Lâu),reservoir,Thủy điện A Roàng,49.419937747372934,UNKNOWN
rain,Đồn Biên phòng Lăng Cô (Phú Lộc),reservoir,Hồ Tả Trạch,49.4630991459598,UNKNOWN
rain,Nhâm (A Lưới),water_level,Trạm Dã Viên (Sông Hương),49.47940223220906,UNKNOWN
water_level,Trạm Tứ Phú (Sông Bồ),wind,Cảng Tư Hiền,49.480577094409604,UNKNOWN
rain,Cảng Tư Hiền,water_level,Trạm Tứ Phú (Sông Bồ),49.480577094409604,UNKNOWN
rain,Bạch Mã,water_level,"Thôn Phò Nam A, xã Quảng Thọ",49.503527626489344,UNKNOWN
rain,Bình Tiến (Hương Trà),water_level,Cảng Tư Hiền,49.53025925704213,UNKNOWN
rain,Bình Tiến (Hương Trà),wind,Cảng Tư Hiền,49.54349721803137,UNKNOWN
rain,Hồ A Lá (A Lưới),water_level,Cầu Hòa Xuân 1(Sông Ô Lâu),49.54565713148289,UNKNOWN
rain,A Đớt (A Lưới),water_level,Phú Xuân,49.571538819479244,UNKNOWN
rain,Trạm bơm Sơn Bổn,reservoir,Thủy điện Rào Trăng 4,49.5794192949173,UNKNOWN
rain,An Tây (Thuận Hóa),reservoir,Đập A LIN B1,49.59142074713401,UNKNOWN
water_level,"Thủ Lễ, xã Quảng Phước",reservoir,Thủy điện A Roàng,49.64190908738823,UNKNOWN
rain,A Đớt (A Lưới),water_level,An Cựu,49.66499819344162,UNKNOWN
rain,TT Phú Đa (Phú Vang),reservoir,Thủy điện Rào Trăng 3,49.675397359568024,UNKNOWN
rain,Hồng Thái (A Lưới),water_level,Xã Thủy Thanh (TX Hương Thủy),49.706142582457474,UNKNOWN
rain,Đỉnh Bạch Mã (Phú Lộc),reservoir,Thủy điện A Roàng,49.727317130828666,UNKNOWN
wind,VPTT PCTTHUE,reservoir,Đập A LIN B1,49.764787306970916,UNKNOWN
rain,VPTT PCTTHUE,reservoir,Đập A LIN B1,49.764787306970916,UNKNOWN
rain,Hồ chứa nước Thủy Yên,water_level,Trạm Ngã Ba Sình (Sông Hương),49.85071103542509,UNKNOWN
rain,Hồ chứa nước Phú Bài (Hương Thủy),reservoir,Đập A Lin 3,49.86054590535334,UNKNOWN
rain,Thị trấn Phong Điền (Phong Điền),reservoir,Thủy điện A Roàng,49.885127309485696,UNKNOWN
rain,TT Sịa (Quảng Điền),water_level,Cảng Tư Hiền,49.895043795259795,UNKNOWN
rain,Vườn Quốc gia Bạch Mã (Phú Lộc),water_level,"Thôn Phò Nam A, xã Quảng Thọ",49.90439776415105,UNKNOWN
rain,Cảng Chân Mây,water_level,Trạm Dã Viên (Sông Hương),49.90882051297868,UNKNOWN
water_level,Trạm Dã Viên (Sông Hương),wind,Cảng Chân Mây,49.90882051297868,UNKNOWN
rain,TT Sịa (Quảng Điền),wind,Cảng Tư Hiền,49.90952211042472,UNKNOWN
rain,Lộc An,water_level,"Thôn Trung Làng, xã Quảng Thái",49.968425562765646,UNKNOWN
rain,"Đập, Thủy điện Thượng Nhật (Phú Lộc)",water_level,"Thôn Phò Nam A, xã Quảng Thọ",49.97713152951426,UNKNOWN
rain,"Đập, Thủy điện Thượng Nhật (Phú Lộc)",water_level,Trạm Tứ Phú (Sông Bồ),49.99111684240229,UNKNOWN
rain,Trạm bơm Quảng Thành (Quảng Điền),reservoir,Thủy điện Thượng Lộ,50.05261381709396,UNKNOWN
rain,Quan Tượng Đài (Phú Xuân),wind,Cảng Chân Mây,50.06515538967178,UNKNOWN
rain,Trạm bơm Vinh Hà (Phú Vang),water_level,"Thôn Trung Làng, xã Quảng Thái",50.08094939450174,UNKNOWN
rain,Vườn Quốc gia Bạch Mã (Phú Lộc),reservoir,Thủy điện A Roàng,50.086406219743616,UNKNOWN
rain,Hồ Tà Rinh (Phú Lộc),water_level,Trạm Tứ Phú (Sông Bồ),50.21594297181198,UNKNOWN
rain,Hồng Thái (A Lưới),reservoir,Thủy điện Thượng Nhật,50.24099648087668,UNKNOWN
rain,Lộc Tiến (Phú Lộc),reservoir,Đập Thảo Long,50.243339408892986,UNKNOWN
rain,Lưu vực Thủy điện Thượng Nhật (Phú Lộc),reservoir,Đập Thảo Long,50.31434883457734,UNKNOWN
rain,Thượng Quảng (Phú Lộc),water_level,"Thủ Lễ, xã Quảng Phước",50.32876230276996,UNKNOWN
rain,Hồ Tà Rinh (Phú Lộc),water_level,"Thôn Phò Nam A, xã Quảng Thọ",50.36434646079689,UNKNOWN
rain,Lưu vực Thủy điện Thượng Nhật (Phú Lộc),wind,Cảng Thuận An,50.37824719564129,UNKNOWN
rain,Đồn Biên phòng Cảng Chân Mây (Phú Lộc),reservoir,Đập Thảo Long,50.38693834237261,UNKNOWN
rain,Nhâm (A Lưới),water_level,Phú Xuân,50.437263945473305,UNKNOWN
rain,Lộc An,reservoir,Thủy điện Rào Trăng 4,50.45799561712123,UNKNOWN
wind,VPTT PCTTHUE,reservoir,Thủy điện A Lin Thượng,50.56009573990222,UNKNOWN
rain,VPTT PCTTHUE,reservoir,Thủy điện A Lin Thượng,50.56009573990222,UNKNOWN
rain,Hồ A Lá (A Lưới),reservoir,Thủy điện Thượng Nhật,50.569666528067415,UNKNOWN
rain,Hương Nguyên (A Lưới),water_level,Trạm Ngã Ba Sình (Sông Hương),50.604170656934265,UNKNOWN
rain,A Đớt (A Lưới),water_level,"Chung cư Xuân Phú, TP Huế",50.609934689171624,UNKNOWN
rain,Trạm kiểm lâm Khe Mỏ Rang,water_level,Khu TĐC Hương Sơ(Thành phố Huế),50.61590500693782,UNKNOWN
rain,An Tây (Thuận Hóa),reservoir,Thủy điện A Lin Thượng,50.649042190101085,UNKNOWN
water_level,"Thôn Phò Nam A, xã Quảng Thọ",reservoir,Thủy điện Thượng Lộ,50.66979129134722,UNKNOWN
water_level,Trạm Tứ Phú (Sông Bồ),reservoir,Thủy điện Thượng Nhật,50.70896839791865,UNKNOWN
water_level,"Thôn Phò Nam A, xã Quảng Thọ",reservoir,Thủy điện Thượng Nhật,50.72854173629182,UNKNOWN
rain,Nhâm (A Lưới),water_level,"Thôn Phò Nam A, xã Quảng Thọ",50.78809788945208,UNKNOWN
rain,Trạm bơm Sơn Bổn,water_level,Cầu Huỳnh Liên-Văn Trạch Hòa(Sông Ô Lâu),50.791109519916695,UNKNOWN
rain,Lộc Tiến (Phú Lộc),water_level,Phú Xuân,50.79901903454447,UNKNOWN
rain,TT Phú Đa (Phú Vang),reservoir,Đập A Lin 3,50.81904686704975,UNKNOWN
rain,Hồng Vân (A Lưới),wind,VPTT PCTTHUE,50.82311454142643,UNKNOWN
rain,Điền Hương (Phong Điền),reservoir,Thủy điện Sông Bồ,50.83738577776608,UNKNOWN
rain,Lưu vực Thủy điện Thượng Nhật (Phú Lộc),water_level,Cảng Cá Thuận An,50.87503653407721,UNKNOWN
rain,Hồ A Lá (A Lưới),reservoir,Đập Thảo Long,50.928559108451395,UNKNOWN
rain,Bạch Mã,water_level,"Thủ Lễ, xã Quảng Phước",50.94543425741563,UNKNOWN
rain,Trạm bơm Quảng Thành (Quảng Điền),reservoir,Thủy điện Thượng Nhật,50.97052512659468,UNKNOWN
rain,Quảng Phú (Quảng Điền),reservoir,Thủy điện Thượng Nhật,50.98342351064815,UNKNOWN
rain,Đồn Biên phòng Cảng Chân Mây (Phú Lộc),water_level,Trạm Dã Viên (Sông Hương),51.00959420595283,UNKNOWN
rain,Trạm bơm Vinh Hà (Phú Vang),reservoir,Thủy điện A Roàng,51.0177519763948,UNKNOWN
rain,Xuân Lộc (Phú Lộc),water_level,"Thôn Trung Làng, xã Quảng Thái",51.07210400778921,UNKNOWN
water_level,Phú Xuân,wind,Cảng Chân Mây,51.07877232641361,UNKNOWN
rain,Cảng Chân Mây,water_level,Phú Xuân,51.07877232641361,UNKNOWN
rain,Xuân Lộc (Phú Lộc),reservoir,Thủy điện Rào Trăng 3,51.10254031052827,UNKNOWN
rain,Trạm bơm Quảng Thành (Quảng Điền),reservoir,Thủy điện A Roàng,51.10305701261949,UNKNOWN
rain,Trạm kiểm lâm Khe Mỏ Rang,wind,Cảng Thuận An,51.13025400633923,UNKNOWN
rain,Hương Nguyên (A Lưới),water_level,"Thôn Phò Nam A, xã Quảng Thọ",51.16272661503825,UNKNOWN
rain,Thị trấn A Lưới (A Lưới),reservoir,Đập Thảo Long,51.16860202968608,UNKNOWN
water_level,Trạm Ngã Ba Sình (Sông Hương),reservoir,Đập A LIN B1,51.181423300945596,UNKNOWN
water_level,Trạm Tứ Phú (Sông Bồ),reservoir,Thủy điện Thượng Lộ,51.20579376243703,UNKNOWN
rain,A Đớt (A Lưới),water_level,Trạm Tứ Phú (Sông Bồ),51.2098388659276,UNKNOWN
rain,Quảng Phú (Quảng Điền),reservoir,Thủy điện Thượng Lộ,51.33707461749958,UNKNOWN
rain,Hồng Vân (A Lưới),water_level,Trạm Ngã Ba Sình (Sông Hương),51.35522888567518,UNKNOWN
rain,Nhâm (A Lưới),wind,VPTT PCTTHUE,51.36137015940712,UNKNOWN
rain,Nhâm (A Lưới),water_level,Khu TĐC Hương Sơ(Thành phố Huế),51.3678743471024,UNKNOWN
water_level,Trạm Ngã Ba Sình (Sông Hương),reservoir,Thủy điện A Lin Thượng,51.40960981616995,UNKNOWN
rain,A Đớt (A Lưới),water_level,Khu TĐC Hương Sơ(Thành phố Huế),51.413609292302034,UNKNOWN
rain,Hồ chứa nước Phú Bài (Hương Thủy),reservoir,Thủy điện A LIN B2,51.41831732072839,UNKNOWN
rain,Bạch Mã,water_level,Trạm Tứ Phú (Sông Bồ),51.47434247788348,UNKNOWN
rain,Vườn Quốc gia Bạch Mã (Phú Lộc),water_level,"Thủ Lễ, xã Quảng Phước",51.48783734164575,UNKNOWN
rain,Trạm bơm Sơn Bổn,water_level,Cầu Hòa Xuân 1(Sông Ô Lâu),51.49023319770312,UNKNOWN
water_level,An Cựu,reservoir,Đập A LIN B1,51.52485302763164,UNKNOWN
rain,Hồ Tà Rinh (Phú Lộc),reservoir,Thủy điện Rào Trăng 4,51.53125241963126,UNKNOWN
water_level,"Khu đô thị An Cựu City, TP Huế",reservoir,Đập A LIN B1,51.55119841529893,UNKNOWN
water_level,"Xóm Gióng, Phường Thủy Dương",reservoir,Đập A LIN B1,51.56069428863277,UNKNOWN
rain,Trạm kiểm lâm Khe Mỏ Rang,water_level,Cảng Cá Thuận An,51.57123360656747,UNKNOWN
rain,Xuân Lộc (Phú Lộc),water_level,Cầu Huỳnh Liên-Văn Trạch Hòa(Sông Ô Lâu),51.586115939383156,UNKNOWN
rain,TT Sịa (Quảng Điền),reservoir,Thủy điện A Roàng,51.626946447793564,UNKNOWN
rain,Vườn Quốc gia Bạch Mã (Phú Lộc),water_level,Trạm Tứ Phú (Sông Bồ),51.63160780606335,UNKNOWN
rain,Thượng Quảng (Phú Lộc),reservoir,Thủy điện Rào Trăng 3,51.65317266382351,UNKNOWN
rain,TT Khe Tre (Phú Lộc),reservoir,Thủy điện Rào Trăng 4,51.679527603978755,UNKNOWN
rain,Trạm kiểm lâm Khe Mỏ Rang,reservoir,Đập Thảo Long,51.72493305247899,UNKNOWN
rain,Vườn Quốc gia Bạch Mã (Phú Lộc),reservoir,Thủy điện Sông Bồ,51.762787663619775,UNKNOWN
rain,Hồng Thái (A Lưới),water_level,Cầu Hòa Xuân 1(Sông Ô Lâu),51.79565608100573,UNKNOWN
rain,Xuân Lộc (Phú Lộc),reservoir,Đập A Lin 3,52.169920523892785,UNKNOWN
rain,Đỉnh Bạch Mã (Phú Lộc),reservoir,Thủy điện Sông Bồ,52.17281549162663,UNKNOWN
rain,Đồn Biên phòng Cảng Chân Mây (Phú Lộc),water_level,Phú Xuân,52.20283888487234,UNKNOWN
rain,Lưu vực Thủy điện Thượng Nhật (Phú Lộc),water_level,Trạm Tứ Phú (Sông Bồ),52.20632995679874,UNKNOWN
rain,Đỉnh Bạch Mã (Phú Lộc),water_level,"Thôn Phò Nam A, xã Quảng Thọ",52.213354262830705,UNKNOWN
rain,"Đập, Thủy điện Thượng Nhật (Phú Lộc)",reservoir,Thủy điện Rào Trăng 4,52.22367424625501,UNKNOWN
rain,Điền Hương (Phong Điền),reservoir,Hồ Tả Trạch,52.22574576521951,UNKNOWN
rain,Thị trấn A Lưới (A Lưới),reservoir,Thủy điện Thượng Nhật,52.26350560439408,UNKNOWN
rain,Lưu vực Thủy điện Thượng Nhật (Phú Lộc),water_level,"Thôn Phò Nam A, xã Quảng Thọ",52.26401752639417,UNKNOWN
rain,Lộc Tiến (Phú Lộc),water_level,Khu TĐC Hương Sơ(Thành phố Huế),52.27410912851528,UNKNOWN
rain,A Đớt (A Lưới),water_level,Xã Thủy Thanh (TX Hương Thủy),52.27431912540103,UNKNOWN
water_level,Khu TĐC Hương Sơ(Thành phố Huế),wind,Cảng Chân Mây,52.28708248380033,UNKNOWN
rain,Cảng Chân Mây,water_level,Khu TĐC Hương Sơ(Thành phố Huế),52.28708248380033,UNKNOWN
water_level,"Chung cư Xuân Phú, TP Huế",reservoir,Đập A LIN B1,52.29826449107657,UNKNOWN
rain,"Đập, Thủy điện Thượng Nhật (Phú Lộc)",water_level,"Thủ Lễ, xã Quảng Phước",52.30051890013231,UNKNOWN
rain,Cảng Chân Mây,water_level,Trạm Ngã Ba Sình (Sông Hương),52.3344418636973,UNKNOWN
water_level,Trạm Ngã Ba Sình (Sông Hương),wind,Cảng Chân Mây,52.3344418636973,UNKNOWN
rain,Trạm kiểm lâm Khe Mỏ Rang,water_level,Trạm Ngã Ba Sình (Sông Hương),52.34545579513446,UNKNOWN
rain,TT Phú Đa (Phú Vang),reservoir,Thủy điện A LIN B2,52.359690805428,UNKNOWN
water_level,An Cựu,reservoir,Thủy điện A Lin Thượng,52.38062917290321,UNKNOWN
water_level,"Khu đô thị An Cựu City, TP Huế",reservoir,Thủy điện A Lin Thượng,52.45672641080855,UNKNOWN
rain,Bạch Mã,reservoir,Thủy điện A Roàng,52.50113809733708,UNKNOWN
rain,Thượng Quảng (Phú Lộc),reservoir,Đập A Lin 3,52.526106082716716,UNKNOWN
rain,Lộc An,water_level,Cầu Huỳnh Liên-Văn Trạch Hòa(Sông Ô Lâu),52.53245569477289,UNKNOWN
rain,Cảng Thuận An,reservoir,Thủy điện A Roàng,52.54901687826918,UNKNOWN
rain,Nhâm (A Lưới),water_level,"Xóm Gióng, Phường Thủy Dương",52.55181505431268,UNKNOWN
water_level,"Xóm Gióng, Phường Thủy Dương",reservoir,Thủy điện A Lin Thượng,52.560952886057244,UNKNOWN
rain,Lộc Tiến (Phú Lộc),reservoir,Thủy điện Bình Điền,52.59704725322092,UNKNOWN
rain,VP QLKTCTTL TP Huế (TP Huế),wind,Cảng Chân Mây,52.60205548504628,UNKNOWN
rain,Đập Thủy điện Rào Trăng 4 (Phong Điền),reservoir,Thủy điện Thượng Nhật,52.61106245004712,UNKNOWN
rain,Hồ A Lá (A Lưới),wind,Cảng Thuận An,52.655649435967106,UNKNOWN
rain,Hồng Thái (A Lưới),reservoir,Đập Thảo Long,52.660885254305775,UNKNOWN
rain,Hồng Vân (A Lưới),water_level,An Cựu,52.67276678807271,UNKNOWN
rain,Hồ Tà Rinh (Phú Lộc),water_level,"Thủ Lễ, xã Quảng Phước",52.73666003385453,UNKNOWN
rain,Trạm kiểm lâm Khe Mỏ Rang,reservoir,Thủy điện Sông Bồ,52.755238522769325,UNKNOWN
rain,Vườn Quốc gia Bạch Mã (Phú Lộc),reservoir,Thủy điện Hương Điền,52.765463846191686,UNKNOWN
wind,Cảng Thuận An,reservoir,Thủy điện A Roàng,52.77004402796491,UNKNOWN
rain,Hồng Vân (A Lưới),water_level,"Khu đô thị An Cựu City, TP Huế",52.776412058461155,UNKNOWN
rain,Lộc Tiến (Phú Lộc),water_level,Trạm Ngã Ba Sình (Sông Hương),52.78385959186259,UNKNOWN
rain,Nhâm (A Lưới),water_level,"Khu đô thị An Cựu City, TP Huế",52.80052290524573,UNKNOWN
water_level,"Thủ Lễ, xã Quảng Phước",reservoir,Thủy điện Thượng Lộ,52.80995015404006,UNKNOWN
rain,Nhâm (A Lưới),water_level,An Cựu,52.90914867144058,UNKNOWN
rain,Thị trấn A Lưới (A Lưới),wind,Cảng Thuận An,52.9274073954859,UNKNOWN
rain,Hồng Vân (A Lưới),water_level,"Xóm Gióng, Phường Thủy Dương",52.93322505411358,UNKNOWN
rain,Hồ A Lá (A Lưới),water_level,Cảng Cá Thuận An,52.97833005785938,UNKNOWN
rain,Nhâm (A Lưới),water_level,"Thủ Lễ, xã Quảng Phước",52.983157425056554,UNKNOWN
rain,Vườn Quốc gia Bạch Mã (Phú Lộc),reservoir,Thủy điện A Lưới,53.027661878074824,UNKNOWN
water_level,"Thủ Lễ, xã Quảng Phước",reservoir,Thủy điện Thượng Nhật,53.061333728964776,UNKNOWN
water_level,"Chung cư Xuân Phú, TP Huế",reservoir,Thủy điện A Lin Thượng,53.11125601627461,UNKNOWN
rain,Bạch Mã,reservoir,Thủy điện Hương Điền,53.18970089416645,UNKNOWN
water_level,Cảng Cá Thuận An,reservoir,Thủy điện A Roàng,53.21936050283073,UNKNOWN
rain,Hương Sơn (Phú Lộc),reservoir,Thủy điện Rào Trăng 3,53.22245836812303,UNKNOWN
rain,Thị trấn A Lưới (A Lưới),water_level,Cảng Cá Thuận An,53.23629198871528,UNKNOWN
water_level,Cảng Tư Hiền,reservoir,Thủy điện Hương Điền,53.269056027384075,UNKNOWN
rain,Cảng Tư Hiền,reservoir,Thủy điện Hương Điền,53.283329949719054,UNKNOWN
wind,Cảng Tư Hiền,reservoir,Thủy điện Hương Điền,53.283329949719054,UNKNOWN
rain,Trạm bơm Quảng Thành (Quảng Điền),reservoir,Đập A LIN B1,53.30064155003066,UNKNOWN
rain,Trạm bơm Quảng Thành (Quảng Điền),reservoir,Thủy điện A Lin Thượng,53.305394926743496,UNKNOWN
rain,Hồng Vân (A Lưới),water_level,"Chung cư Xuân Phú, TP Huế",53.37781111400516,UNKNOWN
rain,Đồn Biên phòng Cảng Chân Mây (Phú Lộc),water_level,Khu TĐC Hương Sơ(Thành phố Huế),53.429816545827634,UNKNOWN
rain,Trạm bơm Vinh Hà (Phú Vang),water_level,Cầu Hòa Xuân 1(Sông Ô Lâu),53.47090768188398,UNKNOWN
rain,Đồn Biên phòng Cảng Chân Mây (Phú Lộc),water_level,Trạm Ngã Ba Sình (Sông Hương),53.50480865569837,UNKNOWN
rain,Trạm bơm Quảng Thành (Quảng Điền),wind,Cảng Chân Mây,53.517203954247215,UNKNOWN
rain,Bạch Mã,reservoir,Thủy điện Sông Bồ,53.57590103594993,UNKNOWN
rain,Nhâm (A Lưới),water_level,"Thôn Trung Làng, xã Quảng Thái",53.57780568856476,UNKNOWN
rain,Đỉnh Bạch Mã (Phú Lộc),reservoir,Thủy điện A Lưới,53.611621613648786,UNKNOWN
rain,Lộc An,water_level,Cầu Hòa Xuân 1(Sông Ô Lâu),53.63083254291475,UNKNOWN
rain,Xuân Lộc (Phú Lộc),reservoir,Thủy điện A LIN B2,53.689212217104334,UNKNOWN
rain,Hương Nguyên (A Lưới),reservoir,Đập Thảo Long,53.71075483096955,UNKNOWN
rain,Lưu vực Thủy điện Thượng Nhật (Phú Lộc),reservoir,Thủy điện Rào Trăng 4,53.76448176695628,UNKNOWN
rain,Nhâm (A Lưới),water_level,"Chung cư Xuân Phú, TP Huế",53.77623926918627,UNKNOWN
rain,Đỉnh Bạch Mã (Phú Lộc),water_level,Trạm Tứ Phú (Sông Bồ),53.78097723513393,UNKNOWN
rain,Hương Nguyên (A Lưới),water_level,"Thủ Lễ, xã Quảng Phước",53.848148599172795,UNKNOWN
rain,Thượng Quảng (Phú Lộc),reservoir,Thủy điện A LIN B2,53.852182611667985,UNKNOWN
rain,Đỉnh Bạch Mã (Phú Lộc),water_level,"Thủ Lễ, xã Quảng Phước",53.87889851916718,UNKNOWN
rain,A Đớt (A Lưới),water_level,"Thôn Phò Nam A, xã Quảng Thọ",53.92061587692946,UNKNOWN
rain,Trạm bơm Vinh Hà (Phú Vang),water_level,Cầu Huỳnh Liên-Văn Trạch Hòa(Sông Ô Lâu),54.04243295275286,UNKNOWN
rain,Giang Hải (Phú Lộc),reservoir,Thủy điện Sông Bồ,54.08936049193757,UNKNOWN
rain,Vỹ Dạ,reservoir,Đập A LIN B1,54.09510759009315,UNKNOWN
rain,Hương Sơn (Phú Lộc),reservoir,Đập A Lin 3,54.18904796301828,UNKNOWN
rain,Nhâm (A Lưới),water_level,Trạm Ngã Ba Sình (Sông Hương),54.19945205223171,UNKNOWN
rain,Hồ chứa nước Truồi,reservoir,Thủy điện Rào Trăng 4,54.20874590380247,UNKNOWN
rain,Đồn Biên phòng Lăng Cô (Phú Lộc),water_level,Xã Thủy Thanh (TX Hương Thủy),54.33118247282578,UNKNOWN
rain,Hồng Thái (A Lưới),wind,Cảng Thuận An,54.36058882619302,UNKNOWN
rain,Hồng Vân (A Lưới),reservoir,Hồ Tả Trạch,54.38484658759962,UNKNOWN
rain,Trạm bơm Vinh Hà (Phú Vang),reservoir,Thủy điện Rào Trăng 4,54.397187692601705,UNKNOWN
rain,Giang Hải (Phú Lộc),reservoir,Thủy điện A Lưới,54.42910049771505,UNKNOWN
rain,Đỉnh Bạch Mã (Phú Lộc),reservoir,Thủy điện Hương Điền,54.49139431469074,UNKNOWN
rain,Trạm kiểm lâm Khe Mỏ Rang,reservoir,Thủy điện A Lưới,54.54785176394727,UNKNOWN
rain,Hương Nguyên (A Lưới),water_level,Cảng Tư Hiền,54.56382732271568,UNKNOWN
rain,Hương Nguyên (A Lưới),wind,Cảng Tư Hiền,54.57149931948425,UNKNOWN
rain,Hương Nguyên (A Lưới),wind,Cảng Thuận An,54.582112849651296,UNKNOWN
rain,Lưu vực Thủy điện Thượng Nhật (Phú Lộc),water_level,"Thủ Lễ, xã Quảng Phước",54.60647791676102,UNKNOWN
rain,A Đớt (A Lưới),water_level,Trạm Ngã Ba Sình (Sông Hương),54.6820140502145,UNKNOWN
rain,Bạch Mã,reservoir,Thủy điện A Lưới,54.68238591724711,UNKNOWN
rain,Hồng Thái (A Lưới),water_level,Cảng Cá Thuận An,54.694251853184795,UNKNOWN
rain,Vỹ Dạ,reservoir,Thủy điện A Lin Thượng,54.791188038414354,UNKNOWN
rain,Trạm bơm Sơn Bổn,reservoir,Thủy điện Rào Trăng 3,54.82102567205067,UNKNOWN
rain,Xuân Lộc (Phú Lộc),water_level,Cầu Hòa Xuân 1(Sông Ô Lâu),55.00350011006012,UNKNOWN
rain,Thủy Thanh (Hương Thủy),reservoir,Đập A LIN B1,55.01837021845363,UNKNOWN
rain,Hương Nguyên (A Lưới),water_level,Cảng Cá Thuận An,55.06816282851437,UNKNOWN
rain,Hồ chứa nước Thủy Yên,water_level,"Thôn Phò Nam A, xã Quảng Thọ",55.130491253496146,UNKNOWN
rain,Giang Hải (Phú Lộc),water_level,"Thôn Trung Làng, xã Quảng Thái",55.24978289860458,UNKNOWN
water_level,Xã Thủy Thanh (TX Hương Thủy),reservoir,Đập A LIN B1,55.2715431190872,UNKNOWN
rain,Hồng Thái (A Lưới),reservoir,Thủy điện Thượng Lộ,55.39018156746011,UNKNOWN
rain,Thủy điện Bình Điền (Hương Trà),wind,Cảng Chân Mây,55.400796804118514,UNKNOWN
rain,Thượng Quảng (Phú Lộc),reservoir,Đập A LIN B1,55.45652653812456,UNKNOWN
wind,Cảng Chân Mây,reservoir,Thủy điện Bình Điền,55.509313626237926,UNKNOWN
rain,Cảng Chân Mây,reservoir,Thủy điện Bình Điền,55.509313626237926,UNKNOWN
rain,Hồ A Lá (A Lưới),reservoir,Thủy điện Thượng Lộ,55.530849778236444,UNKNOWN
rain,TT Sịa (Quảng Điền),reservoir,Thủy điện Thượng Lộ,55.557005251256044,UNKNOWN
rain,A Đớt (A Lưới),water_level,Cầu Huỳnh Liên-Văn Trạch Hòa(Sông Ô Lâu),55.60574584975766,UNKNOWN
rain,Hương Sơn (Phú Lộc),reservoir,Thủy điện A LIN B2,55.613471922468364,UNKNOWN
rain,Phú Sơn (Hương Thủy),reservoir,Đập A LIN B1,55.656258907951,UNKNOWN
rain,Lộc An,reservoir,Thủy điện Rào Trăng 3,55.72477453855533,UNKNOWN
rain,TT Sịa (Quảng Điền),reservoir,Thủy điện Thượng Nhật,55.77770377699061,UNKNOWN
rain,Đồn Biên phòng Lăng Cô (Phú Lộc),water_level,"Xóm Gióng, Phường Thủy Dương",55.88576085790799,UNKNOWN
rain,Thủy Thanh (Hương Thủy),reservoir,Thủy điện A Lin Thượng,55.89925578784173,UNKNOWN
rain,Trạm bơm Sơn Bổn,reservoir,Đập A Lin 3,55.94823229831668,UNKNOWN
rain,Hồ chứa nước Khe Ngang,wind,Cảng Chân Mây,55.9762988819732,UNKNOWN
rain,Đập Thủy điện Rào Trăng 4 (Phong Điền),reservoir,Thủy điện Thượng Lộ,56.01937305159474,UNKNOWN
rain,Giang Hải (Phú Lộc),reservoir,Thủy điện A Roàng,56.050277252669886,UNKNOWN
rain,Hương Chữ (Hương Trà),wind,Cảng Chân Mây,56.13097449839524,UNKNOWN
water_level,Xã Thủy Thanh (TX Hương Thủy),reservoir,Thủy điện A Lin Thượng,56.150412861140396,UNKNOWN
rain,Nhâm (A Lưới),reservoir,Thủy điện Thượng Nhật,56.18279260930018,UNKNOWN
water_level,"Thôn Trung Làng, xã Quảng Thái",reservoir,Thủy điện A Roàng,56.18444366126604,UNKNOWN
rain,Hồ Mỹ Xuyên (Phong Điền),reservoir,Thủy điện A Roàng,56.23050141774096,UNKNOWN
rain,Đồn Biên phòng Cảng Chân Mây (Phú Lộc),reservoir,Thủy điện Bình Điền,56.38427634535275,UNKNOWN
rain,Nhâm (A Lưới),water_level,Cầu Hòa Xuân 1(Sông Ô Lâu),56.40005234940383,UNKNOWN
rain,Hồng Vân (A Lưới),reservoir,Đập Thảo Long,56.405128235467224,UNKNOWN
rain,Hồ Tà Rinh (Phú Lộc),reservoir,Thủy điện Rào Trăng 3,56.418510441217016,UNKNOWN
rain,Hồng Vân (A Lưới),water_level,Xã Thủy Thanh (TX Hương Thủy),56.44695344669022,UNKNOWN
rain,Hồ chứa nước Thủy Yên,water_level,"Thủ Lễ, xã Quảng Phước",56.45401741703902,UNKNOWN
rain,Nhâm (A Lưới),water_level,Xã Thủy Thanh (TX Hương Thủy),56.496205215774815,UNKNOWN
rain,A Đớt (A Lưới),water_level,"Thủ Lễ, xã Quảng Phước",56.59230551479728,UNKNOWN
rain,Đồn Biên phòng Lăng Cô (Phú Lộc),water_level,"Khu đô thị An Cựu City, TP Huế",56.76399483335543,UNKNOWN
rain,TT Khe Tre (Phú Lộc),reservoir,Thủy điện Rào Trăng 3,56.796663589888425,UNKNOWN
rain,Trạm kiểm lâm Khe Mỏ Rang,water_level,"Thôn Phò Nam A, xã Quảng Thọ",56.82271301440775,UNKNOWN
rain,Lộc An,reservoir,Đập A Lin 3,56.84276319584299,UNKNOWN
rain,Hồ chứa nước Truồi,water_level,"Thôn Trung Làng, xã Quảng Thái",56.930310391869554,UNKNOWN
rain,Hương Nguyên (A Lưới),water_level,Cầu Huỳnh Liên-Văn Trạch Hòa(Sông Ô Lâu),57.008418834733675,UNKNOWN
rain,Đồn Biên phòng Lăng Cô (Phú Lộc),water_level,"Chung cư Xuân Phú, TP Huế",57.11131885727816,UNKNOWN
rain,Đan Điền,reservoir,Thủy điện A Roàng,57.11137933785615,UNKNOWN
rain,Thị trấn A Lưới (A Lưới),reservoir,Thủy điện Thượng Lộ,57.150380487902666,UNKNOWN
rain,"Đập, Thủy điện Thượng Nhật (Phú Lộc)",reservoir,Thủy điện Rào Trăng 3,57.17497813675222,UNKNOWN
rain,Đồn Biên phòng Lăng Cô (Phú Lộc),water_level,An Cựu,57.253470549707835,UNKNOWN
rain,Hồ chứa nước Thủy Yên,water_level,Trạm Tứ Phú (Sông Bồ),57.2680471755181,UNKNOWN
rain,Hồ Tà Rinh (Phú Lộc),reservoir,Đập A Lin 3,57.32096850986671,UNKNOWN
rain,Phú Sơn (Hương Thủy),reservoir,Thủy điện A Lin Thượng,57.505124117227346,UNKNOWN
rain,Trạm bơm Sơn Bổn,reservoir,Thủy điện A LIN B2,57.50642397380994,UNKNOWN
rain,Hương Sơn (Phú Lộc),water_level,Cầu Huỳnh Liên-Văn Trạch Hòa(Sông Ô Lâu),57.55852371333278,UNKNOWN
rain,Đập Thủy điện Rào Trăng 3 (Phong Điền),reservoir,Thủy điện Thượng Nhật,57.62177343507154,UNKNOWN
rain,TT Khe Tre (Phú Lộc),reservoir,Đập A Lin 3,57.782733601950575,UNKNOWN
rain,Trạm kiểm lâm Khe Mỏ Rang,reservoir,Thủy điện Hương Điền,57.83866273326258,UNKNOWN
rain,Cảng Thuận An,reservoir,Đập A LIN B1,58.00237029432197,UNKNOWN
rain,Hồ chứa nước Thủy Yên,reservoir,Thủy điện A Roàng,58.01373401949886,UNKNOWN
rain,Trạm kiểm lâm Khe Mỏ Rang,water_level,Trạm Tứ Phú (Sông Bồ),58.03708760190846,UNKNOWN
rain,"Đập, Thủy điện Thượng Nhật (Phú Lộc)",reservoir,Đập A Lin 3,58.09888100239801,UNKNOWN
rain,Cảng Chân Mây,water_level,"Thôn Phò Nam A, xã Quảng Thọ",58.103113667278684,UNKNOWN
water_level,"Thôn Phò Nam A, xã Quảng Thọ",wind,Cảng Chân Mây,58.103113667278684,UNKNOWN
wind,Cảng Thuận An,reservoir,Đập A LIN B1,58.10379141120122,UNKNOWN
rain,Cảng Thuận An,reservoir,Thủy điện A Lin Thượng,58.287597378823186,UNKNOWN
rain,Hồng Vân (A Lưới),wind,Cảng Thuận An,58.32435994110149,UNKNOWN
water_level,Cảng Cá Thuận An,reservoir,Đập A LIN B1,58.34927822935386,UNKNOWN
rain,Lộc Tiến (Phú Lộc),water_level,"Thôn Phò Nam A, xã Quảng Thọ",58.350630089079345,UNKNOWN
wind,Cảng Thuận An,reservoir,Thủy điện A Lin Thượng,58.37218665286734,UNKNOWN
rain,Lộc An,reservoir,Thủy điện A LIN B2,58.397385053720654,UNKNOWN
rain,Giang Hải (Phú Lộc),water_level,Cầu Hòa Xuân 1(Sông Ô Lâu),58.49893065294145,UNKNOWN
rain,Hồng Vân (A Lưới),water_level,Cảng Cá Thuận An,58.52220707509601,UNKNOWN
rain,A Đớt (A Lưới),reservoir,Đập Thảo Long,58.5573179668005,UNKNOWN
water_level,Cảng Cá Thuận An,reservoir,Thủy điện A Lin Thượng,58.58731284937472,UNKNOWN
rain,Hồ chứa nước Truồi,water_level,Cầu Huỳnh Liên-Văn Trạch Hòa(Sông Ô Lâu),58.60100545604802,UNKNOWN
rain,Thượng Quảng (Phú Lộc),reservoir,Thủy điện A Lin Thượng,58.607445922386354,UNKNOWN
rain,Lưu vực Thủy điện Thượng Nhật (Phú Lộc),reservoir,Thủy điện Rào Trăng 3,58.65008015104511,UNKNOWN
rain,Trạm kiểm lâm Khe Mỏ Rang,water_level,"Thủ Lễ, xã Quảng Phước",58.65867187550083,UNKNOWN
rain,Hồ Tà Rinh (Phú Lộc),reservoir,Thủy điện A LIN B2,58.67795257494331,UNKNOWN
rain,Hương Sơn (Phú Lộc),water_level,"Thôn Trung Làng, xã Quảng Thái",58.678931806252464,UNKNOWN
water_level,Cảng Tư Hiền,reservoir,Thủy điện Sông Bồ,58.776368907874115,UNKNOWN
rain,Thượng Quảng (Phú Lộc),water_level,Cầu Huỳnh Liên-Văn Trạch Hòa(Sông Ô Lâu),58.776697335350796,UNKNOWN
wind,Cảng Tư Hiền,reservoir,Thủy điện Sông Bồ,58.78815307844905,UNKNOWN
rain,Cảng Tư Hiền,reservoir,Thủy điện Sông Bồ,58.78815307844905,UNKNOWN
rain,Hồ Hòa Mỹ (Phong Điền),reservoir,Thủy điện Thượng Nhật,58.796181118245684,UNKNOWN
rain,Cảng Chân Mây,water_level,"Thủ Lễ, xã Quảng Phước",58.81015397506335,UNKNOWN
water_level,"Thủ Lễ, xã Quảng Phước",wind,Cảng Chân Mây,58.81015397506335,UNKNOWN
rain,Hương Sơn (Phú Lộc),reservoir,Đập A LIN B1,58.87833631798016,UNKNOWN
rain,Hồ chứa nước Phú Bài (Hương Thủy),reservoir,Đập A LIN B1,59.06731963923212,UNKNOWN
rain,Đồn Biên phòng Lăng Cô (Phú Lộc),wind,VPTT PCTTHUE,59.10375368279837,UNKNOWN
rain,Nhâm (A Lưới),reservoir,Đập Thảo Long,59.11916713903125,UNKNOWN
rain,TT Khe Tre (Phú Lộc),reservoir,Thủy điện A LIN B2,59.22630859542856,UNKNOWN
water_level,Cảng Tư Hiền,reservoir,Thủy điện A Lưới,59.26444609669761,UNKNOWN
rain,Đồn Biên phòng Cảng Chân Mây (Phú Lộc),water_level,"Thôn Phò Nam A, xã Quảng Thọ",59.26483512312704,UNKNOWN
rain,Hồ chứa nước Thủy Yên,reservoir,Thủy điện Hương Điền,59.26869772962772,UNKNOWN
wind,Cảng Tư Hiền,reservoir,Thủy điện A Lưới,59.27668753360522,UNKNOWN
rain,Cảng Tư Hiền,reservoir,Thủy điện A Lưới,59.27668753360522,UNKNOWN
rain,Xuân Lộc (Phú Lộc),reservoir,Đập A LIN B1,59.298840348740164,UNKNOWN
rain,Lộc Tiến (Phú Lộc),water_level,"Thủ Lễ, xã Quảng Phước",59.38096084593785,UNKNOWN
rain,"Đập, Thủy điện Thượng Nhật (Phú Lộc)",reservoir,Thủy điện A LIN B2,59.47854689617794,UNKNOWN
rain,Hồ chứa nước Truồi,reservoir,Thủy điện Rào Trăng 3,59.489316727854956,UNKNOWN
rain,Lưu vực Thủy điện Thượng Nhật (Phú Lộc),reservoir,Đập A Lin 3,59.55132742319252,UNKNOWN
rain,Hồ chứa nước Thủy Yên,reservoir,Thủy điện Sông Bồ,59.587266230934326,UNKNOWN
rain,Trạm bơm Vinh Hà (Phú Vang),reservoir,Thủy điện Rào Trăng 3,59.591470363679086,UNKNOWN
rain,Giang Hải (Phú Lộc),water_level,Cầu Huỳnh Liên-Văn Trạch Hòa(Sông Ô Lâu),59.69741337256639,UNKNOWN
rain,A Đớt (A Lưới),wind,Cảng Thuận An,59.756813580230585,UNKNOWN
rain,Đồn Biên phòng Lăng Cô (Phú Lộc),wind,Cảng Thuận An,59.94581457413963,UNKNOWN
rain,Đồn Biên phòng Cảng Chân Mây (Phú Lộc),water_level,"Thủ Lễ, xã Quảng Phước",59.98989069457354,UNKNOWN
rain,Hồ Thọ Sơn (Hương Trà),wind,Cảng Chân Mây,59.98995638010985,UNKNOWN
water_level,Cầu Hòa Xuân 1(Sông Ô Lâu),reservoir,Thủy điện A Roàng,60.008271967623266,UNKNOWN
water_level,Cảng Tư Hiền,reservoir,Thủy điện A Roàng,60.019694534617095,UNKNOWN
rain,Cảng Tư Hiền,reservoir,Thủy điện A Roàng,60.029357419112365,UNKNOWN
wind,Cảng Tư Hiền,reservoir,Thủy điện A Roàng,60.029357419112365,UNKNOWN
rain,A Đớt (A Lưới),water_level,Cảng Cá Thuận An,60.20832431277704,UNKNOWN
rain,TT Khe Tre (Phú Lộc),water_level,Cầu Huỳnh Liên-Văn Trạch Hòa(Sông Ô Lâu),60.22523603235132,UNKNOWN
rain,Đồn Biên phòng Lăng Cô (Phú Lộc),water_level,Cảng Cá Thuận An,60.231898038788415,UNKNOWN
rain,Giang Hải (Phú Lộc),reservoir,Thủy điện Rào Trăng 4,60.412218600308385,UNKNOWN
water_level,"Thôn Trung Làng, xã Quảng Thái",wind,Cảng Tư Hiền,60.47868151783518,UNKNOWN
rain,Cảng Tư Hiền,water_level,"Thôn Trung Làng, xã Quảng Thái",60.47868151783518,UNKNOWN
rain,Quảng Phú (Quảng Điền),wind,Cảng Chân Mây,60.51064390804377,UNKNOWN
rain,Hồ chứa nước Truồi,reservoir,Đập A Lin 3,60.57025499969862,UNKNOWN
rain,Đồn Biên phòng Lăng Cô (Phú Lộc),water_level,Trạm Dã Viên (Sông Hương),60.631986923075935,UNKNOWN
rain,Hồ Tà Rinh (Phú Lộc),reservoir,Đập A LIN B1,60.64400173116829,UNKNOWN
rain,Hồ chứa nước Truồi,water_level,Cầu Hòa Xuân 1(Sông Ô Lâu),60.70578177302679,UNKNOWN
rain,Trạm bơm Vinh Hà (Phú Vang),reservoir,Đập A Lin 3,60.727613894352515,UNKNOWN
rain,TT Khe Tre (Phú Lộc),water_level,"Thôn Trung Làng, xã Quảng Thái",60.73851227947101,UNKNOWN
rain,Hồ chứa nước Thủy Yên,reservoir,Thủy điện A Lưới,60.76570273297043,UNKNOWN
rain,Hồ chứa nước Phú Bài (Hương Thủy),reservoir,Thủy điện A Lin Thượng,60.84703587645209,UNKNOWN
rain,Nhâm (A Lưới),wind,Cảng Thuận An,60.86019062185304,UNKNOWN
rain,Đan Điền,water_level,Cảng Tư Hiền,60.90022341453136,UNKNOWN
rain,Lộc Tiến (Phú Lộc),water_level,Trạm Tứ Phú (Sông Bồ),60.901981278018674,UNKNOWN
rain,Lưu vực Thủy điện Thượng Nhật (Phú Lộc),reservoir,Thủy điện A LIN B2,60.90664804244637,UNKNOWN
rain,Đan Điền,wind,Cảng Tư Hiền,60.91466126912571,UNKNOWN
rain,Cảng Chân Mây,water_level,Trạm Tứ Phú (Sông Bồ),61.0582607694742,UNKNOWN
water_level,Trạm Tứ Phú (Sông Bồ),wind,Cảng Chân Mây,61.0582607694742,UNKNOWN
rain,TT Sịa (Quảng Điền),wind,Cảng Chân Mây,61.076034382698374,UNKNOWN
rain,Hồ Hòa Mỹ (Phong Điền),reservoir,Thủy điện Thượng Lộ,61.15040619789631,UNKNOWN
rain,Nhâm (A Lưới),water_level,Cảng Cá Thuận An,61.17722931401993,UNKNOWN
rain,Bình Tiến (Hương Trà),wind,Cảng Chân Mây,61.18475665913959,UNKNOWN
rain,Đập Thủy điện Rào Trăng 3 (Phong Điền),reservoir,Thủy điện Thượng Lộ,61.19514124732726,UNKNOWN
rain,Thượng Quảng (Phú Lộc),water_level,"Thôn Trung Làng, xã Quảng Thái",61.24600597874245,UNKNOWN
rain,Đồn Biên phòng Lăng Cô (Phú Lộc),reservoir,Đập Thảo Long,61.30193262699353,UNKNOWN
rain,Nhâm (A Lưới),reservoir,Thủy điện Thượng Lộ,61.579868236698395,UNKNOWN
rain,Xuân Lộc (Phú Lộc),reservoir,Thủy điện A Lin Thượng,61.63023557497541,UNKNOWN
rain,Tà Lương (A Lưới),water_level,Cảng Tư Hiền,61.68255497504163,UNKNOWN
rain,Tà Lương (A Lưới),wind,Cảng Tư Hiền,61.69518023178683,UNKNOWN
rain,Hương Sơn (Phú Lộc),reservoir,Thủy điện A Lin Thượng,61.731885408843226,UNKNOWN
rain,"Đập, Thủy điện Thượng Nhật (Phú Lộc)",reservoir,Đập A LIN B1,61.81284214127286,UNKNOWN
rain,TT Phú Đa (Phú Vang),reservoir,Đập A LIN B1,61.83382459875194,UNKNOWN
rain,Đồn Biên phòng Lăng Cô (Phú Lộc),water_level,Phú Xuân,62.097180326755335,UNKNOWN
rain,Hồ chứa nước Truồi,reservoir,Thủy điện A LIN B2,62.10020778266238,UNKNOWN
rain,Đồn Biên phòng Cảng Chân Mây (Phú Lộc),water_level,Trạm Tứ Phú (Sông Bồ),62.196311789672855,UNKNOWN
rain,Trạm bơm Vinh Hà (Phú Vang),reservoir,Thủy điện A LIN B2,62.28650509197987,UNKNOWN
rain,Hương Nguyên (A Lưới),water_level,"Thôn Trung Làng, xã Quảng Thái",62.30476371545557,UNKNOWN
rain,Hồ Tà Rinh (Phú Lộc),water_level,Cầu Huỳnh Liên-Văn Trạch Hòa(Sông Ô Lâu),62.45233713923978,UNKNOWN
rain,Vườn Quốc gia Bạch Mã (Phú Lộc),reservoir,Thủy điện Rào Trăng 4,62.49775342240196,UNKNOWN
rain,"Đập, Thủy điện Thượng Nhật (Phú Lộc)",water_level,Cầu Huỳnh Liên-Văn Trạch Hòa(Sông Ô Lâu),62.55621731051001,UNKNOWN
rain,Thị trấn Phong Điền (Phong Điền),reservoir,Thủy điện Thượng Nhật,62.632205768020846,UNKNOWN
rain,Hương Sơn (Phú Lộc),water_level,Cầu Hòa Xuân 1(Sông Ô Lâu),62.72343831000713,UNKNOWN
rain,TT Khe Tre (Phú Lộc),reservoir,Đập A LIN B1,62.787670833599925,UNKNOWN
rain,Lưu vực Thủy điện Thượng Nhật (Phú Lộc),reservoir,Đập A LIN B1,62.78819166418345,UNKNOWN
rain,A Đớt (A Lưới),water_level,"Thôn Trung Làng, xã Quảng Thái",62.80656607462385,UNKNOWN
rain,TT Phú Đa (Phú Vang),reservoir,Thủy điện A Lin Thượng,63.02787478211262,UNKNOWN
water_level,Cầu Huỳnh Liên-Văn Trạch Hòa(Sông Ô Lâu),reservoir,Thủy điện Thượng Nhật,63.19349672764051,UNKNOWN
rain,Đồn Biên phòng Lăng Cô (Phú Lộc),reservoir,Thủy điện Bình Điền,63.436386894951944,UNKNOWN
rain,Bạch Mã,reservoir,Thủy điện Rào Trăng 4,63.54755832682819,UNKNOWN
rain,Đồn Biên phòng Lăng Cô (Phú Lộc),water_level,Khu TĐC Hương Sơ(Thành phố Huế),63.54982503406717,UNKNOWN
rain,Điền Hương (Phong Điền),reservoir,Thủy điện A Roàng,63.55524507997946,UNKNOWN
rain,Thị trấn Phong Điền (Phong Điền),water_level,Cảng Tư Hiền,63.59276299687304,UNKNOWN
rain,Hương Nguyên (A Lưới),wind,Cảng Chân Mây,63.59774490633859,UNKNOWN
rain,Thị trấn Phong Điền (Phong Điền),wind,Cảng Tư Hiền,63.60733641397122,UNKNOWN
water_level,Cầu Hòa Xuân 1(Sông Ô Lâu),wind,Cảng Tư Hiền,63.6621667284441,UNKNOWN
rain,Cảng Tư Hiền,water_level,Cầu Hòa Xuân 1(Sông Ô Lâu),63.6621667284441,UNKNOWN
rain,Đỉnh Bạch Mã (Phú Lộc),reservoir,Thủy điện Rào Trăng 4,63.66669133045577,UNKNOWN
rain,Hồ Tà Rinh (Phú Lộc),reservoir,Thủy điện A Lin Thượng,63.75165735745018,UNKNOWN
rain,Lộc Tiến (Phú Lộc),reservoir,Thủy điện Hương Điền,63.870599764714434,UNKNOWN
rain,Thị trấn Phong Điền (Phong Điền),reservoir,Thủy điện Thượng Lộ,63.93420563291609,UNKNOWN
rain,"Đập, Thủy điện Thượng Nhật (Phú Lộc)",water_level,"Thôn Trung Làng, xã Quảng Thái",63.961249492900905,UNKNOWN
rain,Đồn Biên phòng Lăng Cô (Phú Lộc),water_level,Trạm Ngã Ba Sình (Sông Hương),63.991628635995546,UNKNOWN
rain,Bạch Mã,water_level,"Thôn Trung Làng, xã Quảng Thái",64.01470052352211,UNKNOWN
rain,Hồ Tà Rinh (Phú Lộc),water_level,"Thôn Trung Làng, xã Quảng Thái",64.19527758811928,UNKNOWN
rain,Vườn Quốc gia Bạch Mã (Phú Lộc),water_level,"Thôn Trung Làng, xã Quảng Thái",64.49774817938066,UNKNOWN
rain,Lưu vực Thủy điện Thượng Nhật (Phú Lộc),water_level,Cầu Huỳnh Liên-Văn Trạch Hòa(Sông Ô Lâu),64.58450159471371,UNKNOWN
water_level,"Thôn Trung Làng, xã Quảng Thái",reservoir,Thủy điện Thượng Nhật,64.6825096748534,UNKNOWN
water_level,Cầu Huỳnh Liên-Văn Trạch Hòa(Sông Ô Lâu),reservoir,Thủy điện Thượng Lộ,64.68728777399888,UNKNOWN
rain,TT Khe Tre (Phú Lộc),water_level,Cầu Hòa Xuân 1(Sông Ô Lâu),64.7411947823349,UNKNOWN
rain,"Đập, Thủy điện Thượng Nhật (Phú Lộc)",reservoir,Thủy điện A Lin Thượng,64.85775264704222,UNKNOWN
water_level,"Thôn Trung Làng, xã Quảng Thái",reservoir,Thủy điện Thượng Lộ,65.03931819774841,UNKNOWN
wind,Cảng Chân Mây,reservoir,Thủy điện Hương Điền,65.07220378745565,UNKNOWN
rain,Cảng Chân Mây,reservoir,Thủy điện Hương Điền,65.07220378745565,UNKNOWN
rain,Cảng Tư Hiền,water_level,Cầu Huỳnh Liên-Văn Trạch Hòa(Sông Ô Lâu),65.09256598248308,UNKNOWN
water_level,Cầu Huỳnh Liên-Văn Trạch Hòa(Sông Ô Lâu),wind,Cảng Tư Hiền,65.09256598248308,UNKNOWN
rain,Trạm bơm Sơn Bổn,reservoir,Đập A LIN B1,65.11534077504598,UNKNOWN
rain,Lộc Tiến (Phú Lộc),reservoir,Thủy điện A Roàng,65.21252234402617,UNKNOWN
rain,Thượng Quảng (Phú Lộc),water_level,Cầu Hòa Xuân 1(Sông Ô Lâu),65.33609500426527,UNKNOWN
rain,A Đớt (A Lưới),water_level,Cảng Tư Hiền,65.37241233239314,UNKNOWN
rain,A Đớt (A Lưới),wind,Cảng Tư Hiền,65.38126205331629,UNKNOWN
rain,Đan Điền,reservoir,Thủy điện Thượng Nhật,65.48713093063742,UNKNOWN
rain,Lộc An,reservoir,Đập A LIN B1,65.5629823240649,UNKNOWN
rain,TT Khe Tre (Phú Lộc),reservoir,Thủy điện A Lin Thượng,65.59614809655766,UNKNOWN
rain,Giang Hải (Phú Lộc),reservoir,Thủy điện Rào Trăng 3,65.60717179754455,UNKNOWN
rain,Đập Thủy điện Rào Trăng 4 (Phong Điền),water_level,Cảng Tư Hiền,65.63174656351539,UNKNOWN
rain,Đập Thủy điện Rào Trăng 4 (Phong Điền),wind,Cảng Tư Hiền,65.64541513145204,UNKNOWN
rain,Hồ Hòa Mỹ (Phong Điền),water_level,Cảng Tư Hiền,65.66577940308231,UNKNOWN
water_level,Cảng Tư Hiền,reservoir,Thủy điện Rào Trăng 4,65.67254618998743,UNKNOWN
rain,Hồ Hòa Mỹ (Phong Điền),wind,Cảng Tư Hiền,65.68012198604119,UNKNOWN
wind,Cảng Tư Hiền,reservoir,Thủy điện Rào Trăng 4,65.6862175652239,UNKNOWN
rain,Cảng Tư Hiền,reservoir,Thủy điện Rào Trăng 4,65.6862175652239,UNKNOWN
rain,Trạm kiểm lâm Khe Mỏ Rang,reservoir,Thủy điện Rào Trăng 4,65.76139722448741,UNKNOWN
rain,Đan Điền,reservoir,Thủy điện Thượng Lộ,65.7928882123804,UNKNOWN
rain,Lưu vực Thủy điện Thượng Nhật (Phú Lộc),reservoir,Thủy điện A Lin Thượng,65.91843213038851,UNKNOWN
rain,Đồn Biên phòng Cảng Chân Mây (Phú Lộc),reservoir,Thủy điện Hương Điền,66.13285682998551,UNKNOWN
rain,Lộc Tiến (Phú Lộc),reservoir,Thủy điện Sông Bồ,66.1429711095364,UNKNOWN
rain,Lưu vực Thủy điện Thượng Nhật (Phú Lộc),water_level,"Thôn Trung Làng, xã Quảng Thái",66.18292626393124,UNKNOWN
rain,Hương Nguyên (A Lưới),water_level,Cầu Hòa Xuân 1(Sông Ô Lâu),66.30586418007229,UNKNOWN
rain,A Đớt (A Lưới),water_level,Cầu Hòa Xuân 1(Sông Ô Lâu),66.57072841901383,UNKNOWN
rain,Vườn Quốc gia Bạch Mã (Phú Lộc),water_level,Cầu Huỳnh Liên-Văn Trạch Hòa(Sông Ô Lâu),66.66207971120694,UNKNOWN
rain,Hồng Vân (A Lưới),reservoir,Thủy điện Thượng Nhật,66.66277052914293,UNKNOWN
rain,Bạch Mã,water_level,Cầu Huỳnh Liên-Văn Trạch Hòa(Sông Ô Lâu),66.71504601813635,UNKNOWN
rain,Giang Hải (Phú Lộc),reservoir,Đập A Lin 3,66.74331852423285,UNKNOWN
rain,Đỉnh Bạch Mã (Phú Lộc),water_level,"Thôn Trung Làng, xã Quảng Thái",66.83387715726633,UNKNOWN
rain,Trạm bơm Sơn Bổn,reservoir,Thủy điện A Lin Thượng,66.9299220191287,UNKNOWN
rain,Lộc Tiến (Phú Lộc),reservoir,Thủy điện A Lưới,67.1254422779664,UNKNOWN
rain,Lộc An,reservoir,Thủy điện A Lin Thượng,67.5075790827834,UNKNOWN
rain,Bạch Mã,water_level,Cầu Hòa Xuân 1(Sông Ô Lâu),67.60287813020744,UNKNOWN
rain,Vườn Quốc gia Bạch Mã (Phú Lộc),reservoir,Thủy điện Rào Trăng 3,67.775213582883,UNKNOWN
rain,Hồ chứa nước Truồi,reservoir,Đập A LIN B1,67.9085094254572,UNKNOWN
rain,"Đập, Thủy điện Thượng Nhật (Phú Lộc)",water_level,Cầu Hòa Xuân 1(Sông Ô Lâu),68.01575211840053,UNKNOWN
rain,Vườn Quốc gia Bạch Mã (Phú Lộc),water_level,Cầu Hòa Xuân 1(Sông Ô Lâu),68.1769293705809,UNKNOWN
rain,Hồ Tà Rinh (Phú Lộc),water_level,Cầu Hòa Xuân 1(Sông Ô Lâu),68.26450694216145,UNKNOWN
rain,Giang Hải (Phú Lộc),reservoir,Thủy điện A LIN B2,68.30221126419441,UNKNOWN
rain,Đỉnh Bạch Mã (Phú Lộc),water_level,Cầu Huỳnh Liên-Văn Trạch Hòa(Sông Ô Lâu),68.63947304125584,UNKNOWN
water_level,Cầu Hòa Xuân 1(Sông Ô Lâu),reservoir,Thủy điện Thượng Nhật,68.74050238193993,UNKNOWN
rain,Bạch Mã,reservoir,Thủy điện Rào Trăng 3,68.83281833255154,UNKNOWN
rain,Vườn Quốc gia Bạch Mã (Phú Lộc),reservoir,Đập A Lin 3,68.85155119799579,UNKNOWN
rain,Đỉnh Bạch Mã (Phú Lộc),reservoir,Thủy điện Rào Trăng 3,68.92661673827865,UNKNOWN
water_level,Cầu Hòa Xuân 1(Sông Ô Lâu),reservoir,Thủy điện Thượng Lộ,69.02363389525763,UNKNOWN
rain,Hồ chứa nước Thủy Yên,water_level,"Thôn Trung Làng, xã Quảng Thái",69.54185001848433,UNKNOWN
rain,Đồn Biên phòng Lăng Cô (Phú Lộc),water_level,"Thôn Phò Nam A, xã Quảng Thọ",69.59908558472853,UNKNOWN
rain,Hồ chứa nước Thủy Yên,reservoir,Thủy điện Rào Trăng 4,69.73973567243931,UNKNOWN
wind,Cảng Chân Mây,reservoir,Thủy điện Sông Bồ,69.88435647613507,UNKNOWN
rain,Cảng Chân Mây,reservoir,Thủy điện Sông Bồ,69.88435647613507,UNKNOWN
rain,Bạch Mã,reservoir,Đập A Lin 3,69.92528339750463,UNKNOWN
rain,Đỉnh Bạch Mã (Phú Lộc),reservoir,Đập A Lin 3,69.98599242906256,UNKNOWN
rain,Hồ Mỹ Xuyên (Phong Điền),reservoir,Thủy điện Thượng Nhật,70.07417949115816,UNKNOWN
rain,Cảng Chân Mây,reservoir,Thủy điện A Roàng,70.10566875818039,UNKNOWN
wind,Cảng Chân Mây,reservoir,Thủy điện A Roàng,70.10566875818039,UNKNOWN
rain,Hồ chứa nước Truồi,reservoir,Thủy điện A Lin Thượng,70.22314919963021,UNKNOWN
rain,Hồ Mỹ Xuyên (Phong Điền),water_level,Cảng Tư Hiền,70.22651732978828,UNKNOWN
rain,Hồ Mỹ Xuyên (Phong Điền),wind,Cảng Tư Hiền,70.24108462644008,UNKNOWN
rain,Lưu vực Thủy điện Thượng Nhật (Phú Lộc),water_level,Cầu Hòa Xuân 1(Sông Ô Lâu),70.24487336069265,UNKNOWN
rain,Trạm bơm Vinh Hà (Phú Vang),reservoir,Đập A LIN B1,70.36072609603063,UNKNOWN
rain,Vườn Quốc gia Bạch Mã (Phú Lộc),reservoir,Thủy điện A LIN B2,70.37762632723337,UNKNOWN
rain,Điền Hương (Phong Điền),water_level,Cảng Tư Hiền,70.37817354946056,UNKNOWN
rain,Điền Hương (Phong Điền),wind,Cảng Tư Hiền,70.39256143338542,UNKNOWN
wind,Cảng Chân Mây,reservoir,Thủy điện A Lưới,70.5615429174981,UNKNOWN
rain,Cảng Chân Mây,reservoir,Thủy điện A Lưới,70.5615429174981,UNKNOWN
rain,Đỉnh Bạch Mã (Phú Lộc),water_level,Cầu Hòa Xuân 1(Sông Ô Lâu),70.56376823813642,UNKNOWN
rain,Đồn Biên phòng Lăng Cô (Phú Lộc),water_level,"Thủ Lễ, xã Quảng Phước",70.57436590208387,UNKNOWN
rain,Đồn Biên phòng Cảng Chân Mây (Phú Lộc),reservoir,Thủy điện Sông Bồ,70.65774904034785,UNKNOWN
rain,Đồn Biên phòng Cảng Chân Mây (Phú Lộc),reservoir,Thủy điện A Roàng,70.6887110621419,UNKNOWN
water_level,Cảng Tư Hiền,reservoir,Thủy điện Rào Trăng 3,70.88459639253537,UNKNOWN
wind,Cảng Tư Hiền,reservoir,Thủy điện Rào Trăng 3,70.89833163280795,UNKNOWN
rain,Cảng Tư Hiền,reservoir,Thủy điện Rào Trăng 3,70.89833163280795,UNKNOWN
rain,Đập Thủy điện Rào Trăng 3 (Phong Điền),water_level,Cảng Tư Hiền,70.91114854407849,UNKNOWN
rain,Đập Thủy điện Rào Trăng 3 (Phong Điền),wind,Cảng Tư Hiền,70.9248847563075,UNKNOWN
rain,Trạm kiểm lâm Khe Mỏ Rang,reservoir,Thủy điện Rào Trăng 3,70.95055914303481,UNKNOWN
rain,Hồng Vân (A Lưới),reservoir,Thủy điện Thượng Lộ,71.12457029416369,UNKNOWN
rain,Đồn Biên phòng Cảng Chân Mây (Phú Lộc),reservoir,Thủy điện A Lưới,71.37852614669303,UNKNOWN
rain,Hồ Mỹ Xuyên (Phong Điền),reservoir,Thủy điện Thượng Lộ,71.38427000353354,UNKNOWN
rain,Trạm kiểm lâm Khe Mỏ Rang,water_level,"Thôn Trung Làng, xã Quảng Thái",71.44085636916063,UNKNOWN
rain,Bạch Mã,reservoir,Thủy điện A LIN B2,71.46379959655833,UNKNOWN
rain,Đỉnh Bạch Mã (Phú Lộc),reservoir,Thủy điện A LIN B2,71.49779306468416,UNKNOWN
rain,Cảng Chân Mây,water_level,"Thôn Trung Làng, xã Quảng Thái",71.5930961419281,UNKNOWN
water_level,"Thôn Trung Làng, xã Quảng Thái",wind,Cảng Chân Mây,71.5930961419281,UNKNOWN
rain,Hồ A Lá (A Lưới),water_level,Cảng Tư Hiền,71.84992284374101,UNKNOWN
rain,Hồ A Lá (A Lưới),wind,Cảng Tư Hiền,71.86216543063462,UNKNOWN
rain,Trạm kiểm lâm Khe Mỏ Rang,reservoir,Đập A Lin 3,71.9674135425016,UNKNOWN
rain,Đan Điền,wind,Cảng Chân Mây,71.97833493337012,UNKNOWN
water_level,Cảng Tư Hiền,reservoir,Đập A Lin 3,72.01829077724021,UNKNOWN
wind,Cảng Tư Hiền,reservoir,Đập A Lin 3,72.03201555308573,UNKNOWN
rain,Cảng Tư Hiền,reservoir,Đập A Lin 3,72.03201555308573,UNKNOWN
rain,Trạm bơm Vinh Hà (Phú Vang),reservoir,Thủy điện A Lin Thượng,72.05046683932328,UNKNOWN
rain,Đồn Biên phòng Lăng Cô (Phú Lộc),water_level,Trạm Tứ Phú (Sông Bồ),72.19730058978891,UNKNOWN
rain,Lộc Tiến (Phú Lộc),water_level,"Thôn Trung Làng, xã Quảng Thái",72.40014543810304,UNKNOWN
rain,Trạm kiểm lâm Khe Mỏ Rang,water_level,Cầu Huỳnh Liên-Văn Trạch Hòa(Sông Ô Lâu),72.4485002869039,UNKNOWN
rain,Hồng Thái (A Lưới),water_level,Cảng Tư Hiền,72.56796487944405,UNKNOWN
rain,Hồng Thái (A Lưới),wind,Cảng Tư Hiền,72.57996199612074,UNKNOWN
rain,Hồ chứa nước Thủy Yên,water_level,Cầu Huỳnh Liên-Văn Trạch Hòa(Sông Ô Lâu),72.61277927567608,UNKNOWN
rain,Đồn Biên phòng Cảng Chân Mây (Phú Lộc),water_level,"Thôn Trung Làng, xã Quảng Thái",72.78801415827736,UNKNOWN
rain,Thị trấn A Lưới (A Lưới),water_level,Cảng Tư Hiền,72.99537661098948,UNKNOWN
rain,Thị trấn A Lưới (A Lưới),wind,Cảng Tư Hiền,73.00777975022166,UNKNOWN
rain,Hồ chứa nước Thủy Yên,water_level,Cầu Hòa Xuân 1(Sông Ô Lâu),73.04416174824368,UNKNOWN
rain,Tà Lương (A Lưới),wind,Cảng Chân Mây,73.12486231635033,UNKNOWN
rain,Trạm kiểm lâm Khe Mỏ Rang,reservoir,Thủy điện A LIN B2,73.44008940326353,UNKNOWN
water_level,Cảng Tư Hiền,reservoir,Thủy điện A LIN B2,73.57743557732022,UNKNOWN
rain,Cảng Tư Hiền,reservoir,Thủy điện A LIN B2,73.59116046905272,UNKNOWN
wind,Cảng Tư Hiền,reservoir,Thủy điện A LIN B2,73.59116046905272,UNKNOWN
rain,Điền Hương (Phong Điền),reservoir,Thủy điện Thượng Nhật,74.4590860770324,UNKNOWN
rain,Đồn Biên phòng Lăng Cô (Phú Lộc),reservoir,Thủy điện A Roàng,74.49226731771309,UNKNOWN
water_level,Cầu Hòa Xuân 1(Sông Ô Lâu),wind,Cảng Chân Mây,74.61076925493397,UNKNOWN
rain,Cảng Chân Mây,water_level,Cầu Hòa Xuân 1(Sông Ô Lâu),74.61076925493397,UNKNOWN
rain,A Đớt (A Lưới),wind,Cảng Chân Mây,74.99721552812366,UNKNOWN
rain,Hồ chứa nước Thủy Yên,reservoir,Thủy điện Rào Trăng 3,75.02502885473767,UNKNOWN
rain,Điền Hương (Phong Điền),reservoir,Thủy điện Thượng Lộ,75.04748711416741,UNKNOWN
rain,Thị trấn Phong Điền (Phong Điền),wind,Cảng Chân Mây,75.13830771225513,UNKNOWN
rain,Đồn Biên phòng Lăng Cô (Phú Lộc),reservoir,Thủy điện Hương Điền,75.1463389319876,UNKNOWN
rain,Lộc Tiến (Phú Lộc),reservoir,Thủy điện Rào Trăng 4,75.24049580071187,UNKNOWN
rain,Trạm kiểm lâm Khe Mỏ Rang,water_level,Cầu Hòa Xuân 1(Sông Ô Lâu),75.27301343497767,UNKNOWN
rain,Lộc Tiến (Phú Lộc),water_level,Cầu Hòa Xuân 1(Sông Ô Lâu),75.67995603725528,UNKNOWN
rain,Đồn Biên phòng Cảng Chân Mây (Phú Lộc),water_level,Cầu Hòa Xuân 1(Sông Ô Lâu),75.8173189368756,UNKNOWN
rain,Vườn Quốc gia Bạch Mã (Phú Lộc),reservoir,Đập A LIN B1,75.90866210915493,UNKNOWN
rain,Hồ chứa nước Thủy Yên,reservoir,Đập A Lin 3,76.11767291850343,UNKNOWN
rain,Giang Hải (Phú Lộc),reservoir,Đập A LIN B1,76.30292939785319,UNKNOWN
rain,Đồn Biên phòng Lăng Cô (Phú Lộc),reservoir,Thủy điện Sông Bồ,76.44278926190461,UNKNOWN
rain,Lộc Tiến (Phú Lộc),water_level,Cầu Huỳnh Liên-Văn Trạch Hòa(Sông Ô Lâu),76.45731017290188,UNKNOWN
rain,Đỉnh Bạch Mã (Phú Lộc),reservoir,Đập A LIN B1,76.53352942192116,UNKNOWN
water_level,Cầu Huỳnh Liên-Văn Trạch Hòa(Sông Ô Lâu),wind,Cảng Chân Mây,76.66779622067712,UNKNOWN
rain,Cảng Chân Mây,water_level,Cầu Huỳnh Liên-Văn Trạch Hòa(Sông Ô Lâu),76.66779622067712,UNKNOWN
rain,Trạm kiểm lâm Khe Mỏ Rang,reservoir,Đập A LIN B1,77.38558657874339,UNKNOWN
rain,Đập Thủy điện Rào Trăng 4 (Phong Điền),wind,Cảng Chân Mây,77.38934043639738,UNKNOWN
rain,Cảng Chân Mây,reservoir,Thủy điện Rào Trăng 4,77.43071830357376,UNKNOWN
wind,Cảng Chân Mây,reservoir,Thủy điện Rào Trăng 4,77.43071830357376,UNKNOWN
rain,Hồ Hòa Mỹ (Phong Điền),wind,Cảng Chân Mây,77.45423005201734,UNKNOWN
rain,Bạch Mã,reservoir,Đập A LIN B1,77.4802335708662,UNKNOWN
rain,Đồn Biên phòng Lăng Cô (Phú Lộc),reservoir,Thủy điện A Lưới,77.61952758545212,UNKNOWN
rain,Hồ chứa nước Thủy Yên,reservoir,Thủy điện A LIN B2,77.65623408456999,UNKNOWN
rain,Đồn Biên phòng Cảng Chân Mây (Phú Lộc),water_level,Cầu Huỳnh Liên-Văn Trạch Hòa(Sông Ô Lâu),77.80796270464646,UNKNOWN
rain,Giang Hải (Phú Lộc),reservoir,Thủy điện A Lin Thượng,78.031009696043,UNKNOWN
rain,Vườn Quốc gia Bạch Mã (Phú Lộc),reservoir,Thủy điện A Lin Thượng,78.31541271889097,UNKNOWN
rain,Đồn Biên phòng Cảng Chân Mây (Phú Lộc),reservoir,Thủy điện Rào Trăng 4,78.4021055758288,UNKNOWN
rain,Đỉnh Bạch Mã (Phú Lộc),reservoir,Thủy điện A Lin Thượng,79.06043143577283,UNKNOWN
rain,Nhâm (A Lưới),water_level,Cảng Tư Hiền,79.4702182980469,UNKNOWN
rain,Nhâm (A Lưới),wind,Cảng Tư Hiền,79.48212132127422,UNKNOWN
rain,Bạch Mã,reservoir,Thủy điện A Lin Thượng,79.76955150832947,UNKNOWN
rain,Trạm kiểm lâm Khe Mỏ Rang,reservoir,Thủy điện A Lin Thượng,80.1576146593809,UNKNOWN
rain,Lộc Tiến (Phú Lộc),reservoir,Thủy điện Rào Trăng 3,80.51576568910532,UNKNOWN
rain,Điền Hương (Phong Điền),wind,Cảng Chân Mây,81.34875625894504,UNKNOWN
water_level,Cảng Tư Hiền,reservoir,Đập A LIN B1,81.3501930876949,UNKNOWN
rain,Cảng Tư Hiền,reservoir,Đập A LIN B1,81.36308575021881,UNKNOWN
wind,Cảng Tư Hiền,reservoir,Đập A LIN B1,81.36308575021881,UNKNOWN
rain,Lộc Tiến (Phú Lộc),reservoir,Đập A Lin 3,81.62854734556996,UNKNOWN
rain,Hồ Mỹ Xuyên (Phong Điền),wind,Cảng Chân Mây,81.63639537254902,UNKNOWN
wind,Cảng Chân Mây,reservoir,Thủy điện Rào Trăng 3,82.65494992839928,UNKNOWN
rain,Cảng Chân Mây,reservoir,Thủy điện Rào Trăng 3,82.65494992839928,UNKNOWN
rain,Đập Thủy điện Rào Trăng 3 (Phong Điền),wind,Cảng Chân Mây,82.68168506134673,UNKNOWN
rain,Hồ A Lá (A Lưới),wind,Cảng Chân Mây,83.13229915627437,UNKNOWN
water_level,Cảng Tư Hiền,reservoir,Thủy điện A Lin Thượng,83.15958267363972,UNKNOWN
rain,Cảng Tư Hiền,reservoir,Thủy điện A Lin Thượng,83.17275521233462,UNKNOWN
wind,Cảng Tư Hiền,reservoir,Thủy điện A Lin Thượng,83.17275521233462,UNKNOWN
rain,Lộc Tiến (Phú Lộc),reservoir,Thủy điện A LIN B2,83.18031228630137,UNKNOWN
rain,Đồn Biên phòng Lăng Cô (Phú Lộc),water_level,"Thôn Trung Làng, xã Quảng Thái",83.55651537282684,UNKNOWN
rain,Hồ chứa nước Thủy Yên,reservoir,Đập A LIN B1,83.59812737988098,UNKNOWN
rain,Đồn Biên phòng Cảng Chân Mây (Phú Lộc),reservoir,Thủy điện Rào Trăng 3,83.63374107304143,UNKNOWN
rain,Hồng Thái (A Lưới),wind,Cảng Chân Mây,83.74628017440459,UNKNOWN
rain,Cảng Chân Mây,reservoir,Đập A Lin 3,83.7865308576634,UNKNOWN
wind,Cảng Chân Mây,reservoir,Đập A Lin 3,83.7865308576634,UNKNOWN
rain,Hồng Vân (A Lưới),water_level,Cảng Tư Hiền,83.9453256998677,UNKNOWN
rain,Hồng Vân (A Lưới),wind,Cảng Tư Hiền,83.95864776999746,UNKNOWN
rain,Thị trấn A Lưới (A Lưới),wind,Cảng Chân Mây,84.34177967737013,UNKNOWN
rain,Đồn Biên phòng Cảng Chân Mây (Phú Lộc),reservoir,Đập A Lin 3,84.76374593183209,UNKNOWN
rain,Cảng Chân Mây,reservoir,Thủy điện A LIN B2,85.34556463747359,UNKNOWN
wind,Cảng Chân Mây,reservoir,Thủy điện A LIN B2,85.34556463747359,UNKNOWN
rain,Hồ chứa nước Thủy Yên,reservoir,Thủy điện A Lin Thượng,85.92053852076504,UNKNOWN
rain,Đồn Biên phòng Lăng Cô (Phú Lộc),reservoir,Thủy điện Rào Trăng 4,86.28530731351314,UNKNOWN
rain,Đồn Biên phòng Cảng Chân Mây (Phú Lộc),reservoir,Thủy điện A LIN B2,86.32254883543371,UNKNOWN
rain,Đồn Biên phòng Lăng Cô (Phú Lộc),water_level,Cầu Hòa Xuân 1(Sông Ô Lâu),86.7722177535419,UNKNOWN
rain,Đồn Biên phòng Lăng Cô (Phú Lộc),water_level,Cầu Huỳnh Liên-Văn Trạch Hòa(Sông Ô Lâu),87.76154991291375,UNKNOWN
rain,Lộc Tiến (Phú Lộc),reservoir,Đập A LIN B1,89.80397237085444,UNKNOWN
rain,Nhâm (A Lưới),wind,Cảng Chân Mây,90.599703722848,UNKNOWN
rain,Đồn Biên phòng Lăng Cô (Phú Lộc),reservoir,Thủy điện Rào Trăng 3,91.56789258740467,UNKNOWN
rain,Lộc Tiến (Phú Lộc),reservoir,Thủy điện A Lin Thượng,91.95961793637592,UNKNOWN
rain,Đồn Biên phòng Lăng Cô (Phú Lộc),reservoir,Đập A Lin 3,92.6727878185939,UNKNOWN
rain,Cảng Chân Mây,reservoir,Đập A LIN B1,92.87689171004473,UNKNOWN
wind,Cảng Chân Mây,reservoir,Đập A LIN B1,92.87689171004473,UNKNOWN
rain,Đồn Biên phòng Cảng Chân Mây (Phú Lộc),reservoir,Đập A LIN B1,93.75099807801745,UNKNOWN
rain,Đồn Biên phòng Lăng Cô (Phú Lộc),reservoir,Thủy điện A LIN B2,94.21970419466305,UNKNOWN
wind,Cảng Chân Mây,reservoir,Thủy điện A Lin Thượng,94.7802757888813,UNKNOWN
rain,Cảng Chân Mây,reservoir,Thủy điện A Lin Thượng,94.7802757888813,UNKNOWN
rain,Hồng Vân (A Lưới),wind,Cảng Chân Mây,95.61170178474364,UNKNOWN
rain,Đồn Biên phòng Cảng Chân Mây (Phú Lộc),reservoir,Thủy điện A Lin Thượng,95.6862012013653,UNKNOWN
rain,Đồn Biên phòng Lăng Cô (Phú Lộc),reservoir,Đập A LIN B1,100.43446029267315,UNKNOWN
rain,Đồn Biên phòng Lăng Cô (Phú Lộc),reservoir,Thủy điện A Lin Thượng,102.71619095066684,UNKNOWN
